personnel_id,force,rank_tier,tenure_years,married,family_status,family_structure,family_separation_load,posting_category,posting_duration_months,leave_entitled_annual,leave_availed_last_12m,leave_utilization_ratio,avg_weekly_duty_hours_last_90d,night_duty_fraction_last_90d,rest_day_compliance_pct_last_90d,fatigue_index,sick_reports_last_90d,sick_reports_personal_baseline_90d,sick_reports_deviation,nco_observation_current,nco_observation_baseline,nco_observation_deviation,transfer_count_last_24m,saathi_sessions_last_90d,saathi_sessions_personal_baseline_90d,saathi_engagement_deviation,saathi_tough_rate_current,saathi_tough_deviation,saathi_safety_net_triggers_90d,training_hours_last_12m,baseline_deviation_composite,label_welfare_review_recommended
PID100000,CRPF,Head Constable,5.8,False,not_applicable_unmarried,n/a,0.0,counter_naxal_lwe,7.2,30,16.2,0.54,63.8,0.329,72.7,47.6,1.0,2.0,-1.0,4.0,3.0,1.0,0,2.0,2.0,0.0,0.221,0.113,2,60.1,0.232,0
PID100001,CRPF,Constable/GD,23.3,False,not_applicable_unmarried,n/a,0.0,law_order_vip_duty,7.5,32,24.8,0.775,51.0,0.165,81.3,16.4,0.0,0.0,0.0,1.0,2.0,-1.0,1,0.0,0.0,0.0,0.145,-0.175,0,64.9,-1.195,0
PID100002,CRPF,ASI/SI,8.5,True,separated_hardship_posting,joint,3.142,counter_naxal_lwe,37.7,32,18.4,0.575,61.9,0.392,59.6,33.9,1.0,1.0,0.0,3.0,2.0,1.0,1,1.0,2.0,-1.0,0.16,0.021,0,12.9,0.065,0
PID100003,CRPF,Head Constable,2.0,False,not_applicable_unmarried,n/a,0.0,peace_training_static,11.2,31,21.0,0.677,41.3,0.065,95.0,3.9,1.0,2.0,-1.0,1.0,1.0,0.0,0,3.0,5.0,-2.0,0.258,-0.001,0,12.7,-0.491,0
PID100004,CRPF,Constable/GD,9.5,True,separated_hardship_posting,nuclear,0.613,counter_naxal_lwe,4.6,28,18.1,0.646,56.9,0.474,58.8,40.5,1.0,0.0,1.0,3.0,2.0,1.0,2,2.0,1.0,1.0,0.452,0.131,0,40.4,0.468,0
PID100005,CRPF,Inspector+,13.0,True,with_family,nuclear,0.0,counter_naxal_lwe,11.2,31,20.8,0.671,62.2,0.32,65.0,46.4,4.0,6.0,-2.0,3.0,2.0,1.0,1,0.0,0.0,0.0,0.573,0.196,2,36.2,0.168,0
PID100006,CRPF,Head Constable,13.8,True,with_family,nuclear,0.0,counter_insurgency_jk_ne,1.0,28,22.3,0.796,55.8,0.348,76.3,26.3,0.0,0.0,0.0,2.0,3.0,-1.0,0,3.0,4.0,-1.0,0.172,-0.128,0,18.9,-1.076,0
PID100007,CRPF,Head Constable,5.5,False,not_applicable_unmarried,n/a,0.0,law_order_vip_duty,4.3,32,22.7,0.709,52.0,0.191,64.2,29.6,0.0,1.0,-1.0,1.0,1.0,0.0,1,0.0,0.0,0.0,0.417,0.011,0,35.7,-0.494,0
PID100008,CRPF,Constable/GD,11.6,True,separated_hardship_posting,nuclear,0.52,counter_insurgency_jk_ne,3.9,28,13.4,0.479,60.2,0.38,61.6,43.7,1.0,0.0,1.0,3.0,3.0,0.0,0,1.0,0.0,1.0,0.248,0.209,1,38.7,0.691,1
PID100009,CRPF,Constable/GD,17.7,True,separated_hardship_posting,nuclear,1.16,law_order_vip_duty,8.7,28,25.1,0.896,58.6,0.298,76.6,35.4,0.0,0.0,0.0,3.0,3.0,0.0,0,1.0,4.0,-3.0,0.152,0.029,0,34.0,-0.512,0
PID100010,CRPF,Constable/GD,4.2,True,separated_hardship_posting,nuclear,2.373,counter_naxal_lwe,17.8,30,18.0,0.6,61.9,0.331,65.0,46.3,0.0,1.0,-1.0,3.0,3.0,0.0,1,2.0,1.0,1.0,0.318,0.15,0,57.6,0.056,0
PID100011,CRPF,ASI/SI,5.7,False,not_applicable_unmarried,n/a,0.0,counter_naxal_lwe,14.5,30,19.1,0.637,69.3,0.366,55.6,51.9,0.0,5.0,-5.0,1.0,2.0,-1.0,2,1.0,2.0,-1.0,0.452,0.088,1,55.1,-1.004,0
PID100012,CRPF,Head Constable,14.0,True,with_family,nuclear,0.0,counter_insurgency_jk_ne,6.6,29,15.5,0.534,59.6,0.376,53.8,43.1,3.0,3.0,0.0,3.0,1.0,2.0,1,5.0,8.0,-3.0,0.3,0.082,0,36.9,0.514,1
PID100013,CRPF,ASI/SI,14.4,True,separated_hardship_posting,joint,0.883,counter_insurgency_jk_ne,10.6,30,18.8,0.627,60.8,0.318,68.6,40.9,2.0,5.0,-3.0,2.0,2.0,0.0,0,6.0,4.0,2.0,0.318,0.009,0,57.9,-0.709,0
PID100014,CRPF,Constable/GD,21.7,True,separated_hardship_posting,joint,0.158,law_order_vip_duty,1.9,31,20.1,0.648,56.2,0.165,81.6,25.6,1.0,0.0,1.0,4.0,2.0,2.0,1,1.0,2.0,-1.0,0.222,0.033,0,52.5,0.381,0
PID100015,CRPF,Constable/GD,11.9,False,not_applicable_unmarried,n/a,0.0,peace_training_static,2.6,31,27.9,0.9,48.9,0.124,86.4,9.5,1.0,3.0,-2.0,1.0,2.0,-1.0,1,0.0,0.0,0.0,0.412,0.099,0,40.6,-0.827,0
PID100016,CRPF,Head Constable,12.3,True,with_family,nuclear,0.0,law_order_vip_duty,10.6,31,22.2,0.716,48.8,0.175,79.4,17.3,0.0,3.0,-3.0,1.0,1.0,0.0,0,2.0,5.0,-3.0,0.519,0.041,0,0.1,-0.72,0
PID100017,CRPF,Constable/GD,6.7,True,separated_hardship_posting,nuclear,0.2,counter_insurgency_jk_ne,1.5,29,24.4,0.841,62.3,0.309,65.8,39.3,0.0,1.0,-1.0,3.0,1.0,2.0,0,1.0,0.0,1.0,0.043,-0.081,0,17.4,-0.503,0
PID100018,CRPF,ASI/SI,22.1,False,not_applicable_unmarried,n/a,0.0,counter_insurgency_jk_ne,3.1,30,19.6,0.653,56.5,0.253,65.5,30.3,1.0,1.0,0.0,3.0,2.0,1.0,1,2.0,0.0,2.0,0.218,-0.071,0,32.6,-0.304,0
PID100019,CRPF,Head Constable,22.8,True,with_family,joint,0.0,peace_training_static,8.1,28,18.7,0.668,47.2,0.142,79.4,15.2,0.0,1.0,-1.0,2.0,1.0,1.0,0,1.0,1.0,0.0,0.073,-0.097,0,46.1,-0.556,0
PID100020,CRPF,Head Constable,11.1,True,with_family,nuclear,0.0,law_order_vip_duty,4.3,29,21.7,0.748,52.5,0.113,86.5,20.4,0.0,0.0,0.0,3.0,1.0,2.0,0,3.0,0.0,3.0,0.391,-0.095,0,18.7,-0.277,0
PID100021,CRPF,Constable/GD,7.2,False,not_applicable_unmarried,n/a,0.0,peace_training_static,2.9,32,29.9,0.934,50.6,0.053,92.8,12.9,1.0,4.0,-3.0,2.0,1.0,1.0,1,0.0,0.0,0.0,0.29,0.01,0,55.4,-0.863,0
PID100022,CRPF,Inspector+,11.0,True,separated_hardship_posting,nuclear,0.707,counter_naxal_lwe,5.3,28,14.0,0.5,63.6,0.302,57.5,48.1,6.0,1.0,5.0,4.0,2.0,2.0,2,5.0,3.0,2.0,0.253,0.063,2,60.9,1.267,0
PID100023,CRPF,ASI/SI,11.6,True,separated_hardship_posting,joint,0.408,law_order_vip_duty,4.9,30,19.2,0.64,46.5,0.21,77.5,22.9,1.0,6.0,-5.0,2.0,3.0,-1.0,1,1.0,0.0,1.0,0.172,-0.057,0,45.9,-1.446,0
PID100024,CRPF,Head Constable,7.1,True,with_family,joint,0.0,counter_naxal_lwe,2.0,30,18.5,0.617,70.4,0.259,50.9,39.2,0.0,0.0,0.0,3.0,2.0,1.0,0,3.0,3.0,0.0,0.189,0.136,0,46.6,0.361,1
PID100025,CRPF,Constable/GD,7.7,False,not_applicable_unmarried,n/a,0.0,law_order_vip_duty,1.0,29,18.9,0.652,55.3,0.167,77.7,19.1,1.0,2.0,-1.0,3.0,2.0,1.0,0,0.0,1.0,-1.0,0.029,-0.03,0,50.0,-0.335,0
PID100026,CRPF,Constable/GD,22.8,False,not_applicable_unmarried,n/a,0.0,peace_training_static,16.9,28,26.9,0.961,43.8,0.167,82.2,1.3,6.0,4.0,2.0,2.0,2.0,0.0,0,0.0,0.0,0.0,0.425,-0.021,0,45.0,-0.433,0
PID100027,CRPF,Constable/GD,15.3,True,with_family,nuclear,0.0,peace_training_static,29.2,28,22.1,0.789,41.5,0.174,99.1,5.6,0.0,0.0,0.0,2.0,3.0,-1.0,0,1.0,1.0,0.0,0.25,-0.01,0,40.1,-0.713,0
PID100028,CRPF,Constable/GD,9.9,True,separated_hardship_posting,nuclear,3.36,counter_naxal_lwe,25.2,31,15.4,0.497,65.8,0.198,60.9,40.4,0.0,0.0,0.0,3.0,2.0,1.0,1,0.0,3.0,-3.0,0.316,0.147,0,36.9,0.54,0
PID100029,CRPF,Head Constable,6.0,True,with_family,nuclear,0.0,peace_training_static,1.7,30,29.9,0.997,41.9,0.085,96.7,6.1,2.0,2.0,0.0,2.0,3.0,-1.0,0,3.0,2.0,1.0,0.014,-0.031,0,52.9,-1.026,0
PID100030,CRPF,Head Constable,7.8,True,separated_hardship_posting,nuclear,2.827,counter_naxal_lwe,21.2,30,18.0,0.6,65.2,0.426,50.8,55.1,4.0,1.0,3.0,4.0,3.0,1.0,2,0.0,0.0,0.0,0.01,-0.01,0,52.3,0.406,0
PID100031,CRPF,Inspector+,3.8,True,separated_hardship_posting,joint,0.083,counter_insurgency_jk_ne,1.0,28,16.9,0.604,62.3,0.323,66.1,40.8,1.0,2.0,-1.0,4.0,2.0,2.0,0,2.0,1.0,1.0,0.265,0.071,1,18.0,0.24,0
PID100032,CRPF,Constable/GD,13.1,True,with_family,joint,0.0,law_order_vip_duty,2.9,30,22.4,0.747,49.4,0.244,83.9,17.9,1.0,1.0,0.0,2.0,2.0,0.0,1,0.0,1.0,-1.0,0.0,-0.03,0,38.5,-0.51,0
PID100033,CRPF,Constable/GD,7.5,True,with_family,nuclear,0.0,counter_insurgency_jk_ne,6.7,28,17.1,0.611,55.0,0.334,60.1,35.3,1.0,1.0,0.0,2.0,1.0,1.0,1,1.0,0.0,1.0,0.668,0.185,1,46.4,0.517,0
PID100034,CRPF,Constable/GD,13.7,True,separated_hardship_posting,nuclear,1.667,counter_naxal_lwe,12.5,29,13.6,0.469,60.1,0.292,62.1,36.3,1.0,1.0,0.0,3.0,2.0,1.0,4,0.0,1.0,-1.0,0.149,-0.002,0,16.6,0.126,0
PID100035,CRPF,Constable/GD,17.3,True,with_family,nuclear,0.0,law_order_vip_duty,1.4,32,19.4,0.606,48.0,0.233,80.9,12.6,0.0,1.0,-1.0,1.0,1.0,0.0,0,0.0,3.0,-3.0,0.066,0.046,0,48.5,-0.263,0
PID100036,CRPF,Constable/GD,13.8,True,separated_hardship_posting,joint,0.9,law_order_vip_duty,10.8,30,24.2,0.807,52.9,0.248,72.7,32.2,0.0,0.0,0.0,3.0,2.0,1.0,2,4.0,5.0,-1.0,0.093,-0.022,0,36.3,-0.343,0
PID100037,CRPF,Constable/GD,9.2,True,separated_hardship_posting,joint,1.292,law_order_vip_duty,15.5,28,25.6,0.914,53.5,0.226,81.3,27.4,1.0,2.0,-1.0,3.0,2.0,1.0,0,5.0,3.0,2.0,0.443,0.189,1,68.6,0.009,0
PID100038,CRPF,Constable/GD,6.8,True,separated_hardship_posting,nuclear,0.133,counter_insurgency_jk_ne,1.0,30,19.8,0.66,60.9,0.276,62.4,46.3,1.0,0.0,1.0,4.0,2.0,2.0,1,3.0,1.0,2.0,0.351,0.131,0,50.2,0.663,0
PID100039,CRPF,Head Constable,5.4,True,separated_hardship_posting,nuclear,0.853,law_order_vip_duty,6.4,28,21.8,0.779,48.7,0.217,86.0,12.7,2.0,0.0,2.0,3.0,2.0,1.0,0,0.0,0.0,0.0,0.35,0.131,0,40.7,0.461,0
PID100040,CRPF,Constable/GD,21.6,True,separated_hardship_posting,nuclear,1.68,counter_insurgency_jk_ne,12.6,28,13.2,0.471,61.4,0.232,70.1,28.2,2.0,2.0,0.0,3.0,2.0,1.0,0,0.0,1.0,-1.0,0.083,-0.156,0,46.0,-0.341,0
PID100041,CRPF,ASI/SI,13.5,True,separated_hardship_posting,nuclear,0.293,counter_naxal_lwe,2.2,31,19.7,0.635,58.0,0.387,64.1,34.3,0.0,0.0,0.0,3.0,2.0,1.0,1,2.0,2.0,0.0,0.424,0.019,0,41.0,-0.012,0
PID100042,CRPF,Head Constable,9.5,True,separated_hardship_posting,nuclear,6.12,counter_insurgency_jk_ne,45.9,31,20.0,0.645,61.4,0.214,72.4,37.2,2.0,3.0,-1.0,3.0,2.0,1.0,1,0.0,0.0,0.0,0.522,-0.014,0,15.8,-0.278,0
PID100043,CRPF,Constable/GD,16.0,False,not_applicable_unmarried,n/a,0.0,law_order_vip_duty,1.2,29,24.0,0.828,46.1,0.171,77.2,21.4,4.0,2.0,2.0,3.0,2.0,1.0,1,1.0,0.0,1.0,0.125,0.06,0,38.3,0.187,0
PID100044,CRPF,ASI/SI,19.8,False,not_applicable_unmarried,n/a,0.0,counter_naxal_lwe,1.0,31,20.2,0.652,68.3,0.391,52.9,53.9,0.0,0.0,0.0,3.0,2.0,1.0,2,0.0,1.0,-1.0,0.211,0.16,0,14.4,0.391,0
PID100045,CRPF,ASI/SI,7.6,False,not_applicable_unmarried,n/a,0.0,counter_naxal_lwe,35.2,28,20.2,0.721,59.9,0.367,58.8,42.4,0.0,1.0,-1.0,2.0,1.0,1.0,1,3.0,1.0,2.0,0.247,0.093,0,34.5,-0.048,0
PID100046,CRPF,Constable/GD,13.3,True,separated_hardship_posting,nuclear,0.253,peace_training_static,1.9,30,23.7,0.79,48.4,0.091,86.5,19.0,1.0,4.0,-3.0,2.0,3.0,-1.0,0,0.0,0.0,0.0,0.597,-0.002,0,41.4,-1.152,0
PID100047,CRPF,Constable/GD,13.4,False,not_applicable_unmarried,n/a,0.0,peace_training_static,24.2,30,23.1,0.77,48.7,0.017,86.9,10.4,1.0,2.0,-1.0,1.0,2.0,-1.0,1,3.0,4.0,-1.0,0.346,0.076,0,20.7,-0.586,0
PID100048,CRPF,Head Constable,24.1,True,separated_hardship_posting,nuclear,1.133,law_order_vip_duty,8.5,28,21.4,0.764,46.9,0.217,84.1,22.8,6.0,2.0,4.0,4.0,4.0,0.0,0,2.0,1.0,1.0,0.363,0.002,0,38.0,0.184,0
PID100049,CRPF,Constable/GD,9.4,True,separated_hardship_posting,nuclear,0.747,law_order_vip_duty,5.6,31,20.5,0.661,55.3,0.182,75.9,37.1,3.0,2.0,1.0,3.0,2.0,1.0,1,0.0,1.0,-1.0,0.104,-0.011,0,61.5,0.019,0
PID100050,CRPF,Constable/GD,6.7,True,with_family,joint,0.0,peace_training_static,37.9,30,23.7,0.79,43.8,0.149,90.7,5.4,6.0,2.0,4.0,2.0,2.0,0.0,1,0.0,0.0,0.0,0.368,0.006,0,31.0,0.166,0
PID100051,CRPF,Constable/GD,14.1,True,with_family,nuclear,0.0,counter_insurgency_jk_ne,22.2,30,21.7,0.723,56.8,0.269,71.8,31.0,3.0,0.0,3.0,3.0,2.0,1.0,3,0.0,0.0,0.0,0.314,0.097,0,24.9,0.58,1
PID100052,CRPF,Head Constable,16.8,True,separated_hardship_posting,nuclear,1.733,counter_naxal_lwe,13.0,31,14.0,0.452,59.3,0.245,72.4,27.0,0.0,0.0,0.0,3.0,2.0,1.0,2,0.0,0.0,0.0,0.607,0.099,0,55.8,0.45,0
PID100053,CRPF,Head Constable,12.7,True,separated_hardship_posting,nuclear,0.627,law_order_vip_duty,4.7,31,23.2,0.748,58.5,0.137,66.6,26.6,0.0,0.0,0.0,3.0,3.0,0.0,0,1.0,1.0,0.0,0.241,0.029,0,42.6,-0.332,0
PID100054,CRPF,Head Constable,25.0,False,not_applicable_unmarried,n/a,0.0,peace_training_static,27.6,30,22.1,0.737,41.3,0.094,97.9,6.6,6.0,4.0,2.0,3.0,3.0,0.0,2,0.0,0.0,0.0,0.202,0.044,0,38.8,0.035,0
PID100055,CRPF,Head Constable,9.4,True,separated_hardship_posting,nuclear,0.133,law_order_vip_duty,1.0,32,24.2,0.756,53.7,0.227,66.8,20.7,0.0,2.0,-2.0,2.0,2.0,0.0,0,2.0,3.0,-1.0,0.077,0.019,0,47.3,-0.682,0
PID100056,CRPF,Constable/GD,12.8,True,with_family,nuclear,0.0,counter_naxal_lwe,6.4,28,18.9,0.675,59.5,0.28,50.6,36.8,1.0,1.0,0.0,3.0,3.0,0.0,1,0.0,3.0,-3.0,0.185,-0.005,0,41.8,-0.347,0
PID100057,CRPF,Head Constable,4.5,False,not_applicable_unmarried,n/a,0.0,peace_training_static,5.0,31,31.0,1.0,50.4,0.074,97.4,18.8,1.0,1.0,0.0,3.0,4.0,-1.0,1,4.0,3.0,1.0,0.533,0.009,0,27.7,-0.912,0
PID100058,CRPF,Constable/GD,6.4,True,with_family,nuclear,0.0,law_order_vip_duty,1.0,29,24.9,0.859,61.3,0.268,60.2,40.9,1.0,2.0,-1.0,3.0,1.0,2.0,1,7.0,8.0,-1.0,0.326,-0.18,0,22.0,-0.823,0
PID100059,CRPF,Constable/GD,7.6,True,with_family,nuclear,0.0,counter_insurgency_jk_ne,20.3,30,17.8,0.593,55.5,0.367,65.6,39.3,2.0,1.0,1.0,4.0,2.0,2.0,0,2.0,3.0,-1.0,0.128,-0.121,0,66.2,-0.016,0
PID100060,CRPF,Head Constable,10.4,True,with_family,nuclear,0.0,peace_training_static,1.1,31,31.0,1.0,46.6,0.137,76.1,10.4,3.0,1.0,2.0,3.0,2.0,1.0,1,4.0,2.0,2.0,0.348,0.056,0,46.4,-0.033,0
PID100061,CRPF,Constable/GD,5.0,True,separated_hardship_posting,nuclear,0.68,law_order_vip_duty,5.1,32,25.3,0.791,50.5,0.203,77.6,22.8,0.0,1.0,-1.0,2.0,1.0,1.0,0,1.0,2.0,-1.0,0.015,-0.088,0,62.8,-0.679,0
PID100062,CRPF,Head Constable,15.9,False,not_applicable_unmarried,n/a,0.0,peace_training_static,4.5,30,25.7,0.857,50.2,0.083,86.7,25.7,1.0,2.0,-1.0,2.0,2.0,0.0,0,0.0,3.0,-3.0,0.12,-0.095,0,35.7,-0.992,0
PID100063,CRPF,Head Constable,7.2,True,with_family,nuclear,0.0,peace_training_static,13.6,28,26.3,0.939,45.0,0.152,89.9,8.9,1.0,1.0,0.0,2.0,1.0,1.0,1,4.0,0.0,4.0,0.124,0.015,0,57.9,-0.393,0
PID100064,CRPF,Head Constable,33.7,False,not_applicable_unmarried,n/a,0.0,counter_naxal_lwe,5.3,32,20.3,0.634,65.6,0.331,51.4,45.8,0.0,0.0,0.0,4.0,2.0,2.0,0,0.0,0.0,0.0,0.168,0.082,1,27.5,0.392,0
PID100065,CRPF,Head Constable,7.4,True,with_family,nuclear,0.0,law_order_vip_duty,3.6,30,18.5,0.617,50.4,0.275,74.9,28.1,4.0,2.0,2.0,4.0,2.0,2.0,1,0.0,0.0,0.0,0.19,0.022,0,15.7,0.539,0
PID100066,CRPF,Head Constable,12.1,False,not_applicable_unmarried,n/a,0.0,counter_insurgency_jk_ne,3.0,28,13.6,0.486,67.0,0.358,58.2,44.3,10.0,7.0,3.0,4.0,2.0,2.0,1,10.0,2.0,8.0,0.502,0.055,1,46.4,0.952,1
PID100067,CRPF,Constable/GD,11.3,False,not_applicable_unmarried,n/a,0.0,peace_training_static,11.3,28,24.8,0.886,37.2,0.145,95.6,9.0,1.0,0.0,1.0,1.0,2.0,-1.0,1,5.0,7.0,-2.0,0.358,0.033,0,53.4,-0.547,0
PID100068,CRPF,Constable/GD,6.1,True,with_family,nuclear,0.0,peace_training_static,2.3,28,21.5,0.768,47.5,0.09,88.9,4.2,3.0,0.0,3.0,1.0,1.0,0.0,0,5.0,4.0,1.0,0.0,-0.02,0,55.1,-0.042,0
PID100069,CRPF,Constable/GD,10.4,True,with_family,nuclear,0.0,peace_training_static,17.7,29,22.4,0.772,46.0,0.095,94.2,0.0,4.0,4.0,0.0,1.0,2.0,-1.0,1,1.0,2.0,-1.0,0.142,0.096,0,45.7,-0.373,0
PID100070,CRPF,Constable/GD,10.3,True,separated_hardship_posting,joint,0.083,law_order_vip_duty,1.0,29,20.5,0.707,51.8,0.121,81.5,21.9,2.0,3.0,-1.0,1.0,3.0,-2.0,1,3.0,4.0,-1.0,0.0,-0.02,0,29.2,-1.013,0
PID100071,CRPF,Constable/GD,18.6,True,separated_hardship_posting,joint,0.467,law_order_vip_duty,5.6,32,27.0,0.844,53.1,0.217,85.3,18.7,0.0,4.0,-4.0,1.0,1.0,0.0,0,4.0,5.0,-1.0,0.341,0.034,0,45.2,-1.051,0
PID100072,CRPF,ASI/SI,14.4,False,not_applicable_unmarried,n/a,0.0,counter_naxal_lwe,11.8,32,20.5,0.641,62.2,0.345,60.0,40.2,0.0,0.0,0.0,3.0,2.0,1.0,1,0.0,1.0,-1.0,0.178,-0.003,0,44.9,-0.085,0
PID100073,CRPF,Constable/GD,15.8,True,with_family,joint,0.0,counter_insurgency_jk_ne,10.6,28,17.8,0.636,58.9,0.217,74.7,36.5,1.0,1.0,0.0,2.0,1.0,1.0,1,0.0,2.0,-2.0,0.334,0.196,1,38.3,0.52,1
PID100074,CRPF,Constable/GD,18.4,True,with_family,nuclear,0.0,counter_naxal_lwe,9.1,29,16.5,0.569,63.6,0.492,58.7,52.3,0.0,1.0,-1.0,3.0,2.0,1.0,0,7.0,3.0,4.0,0.514,0.139,2,32.6,0.276,0
PID100075,CRPF,Constable/GD,15.9,False,not_applicable_unmarried,n/a,0.0,peace_training_static,3.6,29,29.0,1.0,53.0,0.153,69.7,19.3,0.0,0.0,0.0,1.0,2.0,-1.0,0,1.0,0.0,1.0,0.1,0.02,0,22.4,-0.878,0
PID100076,CRPF,Constable/GD,13.2,True,separated_hardship_posting,nuclear,1.373,law_order_vip_duty,10.3,30,20.9,0.697,40.9,0.17,94.9,9.9,6.0,3.0,3.0,3.0,1.0,2.0,0,2.0,0.0,2.0,0.486,0.067,0,42.4,0.734,0
PID100077,CRPF,Head Constable,7.6,True,with_family,nuclear,0.0,law_order_vip_duty,19.9,28,21.7,0.775,59.4,0.343,61.1,38.4,2.0,2.0,0.0,3.0,2.0,1.0,1,0.0,0.0,0.0,0.524,-0.021,0,43.0,-0.303,0
PID100078,CRPF,Head Constable,12.7,False,not_applicable_unmarried,n/a,0.0,counter_naxal_lwe,14.8,29,14.2,0.49,72.2,0.32,45.7,58.2,0.0,0.0,0.0,4.0,1.0,3.0,1,1.0,0.0,1.0,0.856,0.396,3,17.3,1.728,1
PID100079,CRPF,Head Constable,6.7,False,not_applicable_unmarried,n/a,0.0,law_order_vip_duty,6.3,30,18.6,0.62,45.0,0.27,81.2,17.8,0.0,1.0,-1.0,1.0,1.0,0.0,0,4.0,4.0,0.0,0.188,0.074,0,68.5,-0.195,0
PID100080,CRPF,Head Constable,10.8,True,with_family,joint,0.0,counter_insurgency_jk_ne,9.0,30,21.6,0.72,58.2,0.305,68.8,28.0,6.0,2.0,4.0,4.0,2.0,2.0,1,3.0,5.0,-2.0,0.0,-0.093,0,17.9,0.378,0
PID100081,CRPF,Constable/GD,10.0,True,with_family,nuclear,0.0,peace_training_static,1.0,32,27.9,0.872,51.5,0.092,74.3,17.4,1.0,1.0,0.0,1.0,1.0,0.0,1,1.0,1.0,0.0,0.605,0.031,0,29.2,-0.477,0
PID100082,CRPF,ASI/SI,10.4,False,not_applicable_unmarried,n/a,0.0,peace_training_static,8.1,32,30.9,0.966,49.7,0.1,85.5,4.5,5.0,3.0,2.0,2.0,2.0,0.0,1,2.0,1.0,1.0,0.347,0.052,0,43.1,-0.217,0
PID100083,CRPF,Constable/GD,5.0,False,not_applicable_unmarried,n/a,0.0,counter_insurgency_jk_ne,1.0,29,16.7,0.576,64.7,0.386,56.1,48.7,1.0,0.0,1.0,4.0,1.0,3.0,2,0.0,0.0,0.0,0.815,0.185,2,45.1,1.141,1
PID100084,CRPF,Constable/GD,1.3,True,with_family,nuclear,0.0,peace_training_static,4.0,32,32.0,1.0,47.5,0.173,91.1,17.1,1.0,1.0,0.0,2.0,2.0,0.0,1,1.0,3.0,-2.0,0.246,-0.085,0,27.0,-0.981,0
PID100085,CRPF,Constable/GD,9.0,True,separated_hardship_posting,joint,1.558,counter_naxal_lwe,18.7,32,14.6,0.456,53.9,0.343,67.2,29.2,1.0,1.0,0.0,3.0,3.0,0.0,2,1.0,4.0,-3.0,0.193,0.048,0,25.2,0.078,0
PID100086,CRPF,Head Constable,20.7,True,with_family,joint,0.0,counter_naxal_lwe,4.9,29,19.4,0.669,67.2,0.227,68.1,42.0,5.0,1.0,4.0,3.0,2.0,1.0,2,2.0,0.0,2.0,0.349,0.137,0,37.7,0.918,0
PID100087,CRPF,Constable/GD,12.0,False,not_applicable_unmarried,n/a,0.0,law_order_vip_duty,9.6,30,25.2,0.84,54.5,0.238,76.9,22.9,2.0,1.0,1.0,3.0,1.0,2.0,0,2.0,2.0,0.0,0.338,-0.045,0,38.9,-0.086,0
PID100088,CRPF,Constable/GD,19.9,False,not_applicable_unmarried,n/a,0.0,law_order_vip_duty,5.7,31,17.9,0.577,57.9,0.145,74.3,35.4,0.0,0.0,0.0,2.0,3.0,-1.0,2,2.0,4.0,-2.0,0.612,-0.018,0,60.8,-0.48,0
PID100089,CRPF,Constable/GD,6.8,True,with_family,nuclear,0.0,counter_naxal_lwe,4.9,32,16.0,0.5,55.9,0.382,74.9,27.6,1.0,0.0,1.0,4.0,3.0,1.0,0,5.0,2.0,3.0,0.216,-0.03,0,23.1,0.158,0
PID100090,CRPF,Constable/GD,8.7,True,with_family,nuclear,0.0,counter_naxal_lwe,19.2,31,20.1,0.648,57.1,0.307,80.4,30.0,2.0,0.0,2.0,3.0,2.0,1.0,2,3.0,3.0,0.0,0.247,-0.053,0,40.3,0.064,0
PID100091,CRPF,Head Constable,34.8,True,separated_hardship_posting,nuclear,3.547,counter_insurgency_jk_ne,26.6,32,24.1,0.753,58.1,0.263,68.3,27.8,1.0,3.0,-2.0,4.0,4.0,0.0,0,3.0,0.0,3.0,0.355,-0.156,0,36.9,-1.203,0
PID100092,CRPF,Constable/GD,7.0,True,with_family,nuclear,0.0,counter_naxal_lwe,4.5,31,19.2,0.619,67.3,0.312,53.0,50.2,1.0,0.0,1.0,5.0,3.0,2.0,0,6.0,1.0,5.0,0.28,0.046,0,45.0,0.456,0
PID100093,CRPF,Constable/GD,15.6,True,separated_hardship_posting,joint,0.267,counter_insurgency_jk_ne,3.2,28,15.6,0.557,64.4,0.361,61.3,50.7,5.0,2.0,3.0,5.0,3.0,2.0,1,0.0,0.0,0.0,0.499,0.176,0,35.2,1.231,0
PID100094,CRPF,Constable/GD,15.6,True,with_family,nuclear,0.0,counter_insurgency_jk_ne,3.3,29,14.5,0.5,55.1,0.194,67.1,19.1,0.0,0.0,0.0,3.0,2.0,1.0,0,2.0,5.0,-3.0,0.176,0.086,0,55.1,0.353,0
PID100095,CRPF,Head Constable,14.7,True,with_family,nuclear,0.0,peace_training_static,7.6,32,30.5,0.953,44.4,0.164,80.8,17.5,0.0,0.0,0.0,2.0,3.0,-1.0,0,6.0,5.0,1.0,0.382,-0.034,0,49.4,-0.984,0
PID100096,CRPF,Constable/GD,15.7,False,not_applicable_unmarried,n/a,0.0,counter_naxal_lwe,14.8,30,15.2,0.507,73.5,0.371,56.2,64.5,2.0,2.0,0.0,4.0,1.0,3.0,1,2.0,1.0,1.0,0.574,0.248,0,58.9,1.26,0
PID100097,CRPF,Constable/GD,7.0,True,separated_hardship_posting,nuclear,2.027,counter_naxal_lwe,15.2,28,14.2,0.507,59.8,0.346,67.8,39.3,1.0,2.0,-1.0,3.0,2.0,1.0,0,1.0,1.0,0.0,0.124,0.097,0,41.2,0.224,0
PID100098,CRPF,Constable/GD,9.2,True,with_family,nuclear,0.0,counter_naxal_lwe,3.8,29,15.3,0.528,64.7,0.323,54.8,42.9,2.0,3.0,-1.0,4.0,3.0,1.0,2,2.0,1.0,1.0,0.474,0.094,0,39.1,0.188,0
PID100099,CRPF,Inspector+,1.6,False,not_applicable_unmarried,n/a,0.0,counter_naxal_lwe,1.0,30,19.1,0.637,60.2,0.379,81.4,36.5,1.0,3.0,-2.0,2.0,3.0,-1.0,0,1.0,1.0,0.0,0.0,-0.02,0,33.3,-0.868,0
PID100100,CRPF,ASI/SI,24.6,False,not_applicable_unmarried,n/a,0.0,law_order_vip_duty,3.4,30,27.9,0.93,53.9,0.194,68.7,25.1,1.0,0.0,1.0,2.0,2.0,0.0,0,4.0,3.0,1.0,0.246,-0.107,0,17.0,-0.809,0
PID100101,CRPF,Head Constable,15.7,True,with_family,nuclear,0.0,counter_insurgency_jk_ne,14.1,28,19.9,0.711,54.5,0.273,76.8,38.6,0.0,0.0,0.0,4.0,3.0,1.0,1,1.0,0.0,1.0,0.278,0.121,0,44.9,0.202,0
PID100102,CRPF,Constable/GD,7.6,True,with_family,joint,0.0,counter_naxal_lwe,10.9,29,16.0,0.552,58.6,0.354,60.6,43.7,0.0,0.0,0.0,4.0,2.0,2.0,1,0.0,1.0,-1.0,0.485,0.101,0,46.0,0.55,0
PID100103,CRPF,Inspector+,6.8,False,not_applicable_unmarried,n/a,0.0,peace_training_static,18.6,29,23.4,0.807,44.5,0.223,96.8,16.6,3.0,3.0,0.0,2.0,3.0,-1.0,1,0.0,1.0,-1.0,0.187,0.049,0,47.6,-0.556,0
PID100104,CRPF,Head Constable,20.9,True,separated_hardship_posting,nuclear,4.947,law_order_vip_duty,37.1,29,23.8,0.821,49.8,0.129,80.9,29.4,1.0,0.0,1.0,2.0,2.0,0.0,0,2.0,0.0,2.0,0.342,-0.0,0,33.4,-0.355,0
PID100105,CRPF,Head Constable,7.3,True,with_family,joint,0.0,counter_naxal_lwe,2.2,32,22.6,0.706,60.8,0.38,60.2,49.3,6.0,1.0,5.0,3.0,1.0,2.0,2,3.0,1.0,2.0,0.665,0.188,2,21.8,1.395,0
PID100106,CRPF,Constable/GD,7.6,True,with_family,joint,0.0,counter_naxal_lwe,5.1,28,18.4,0.657,64.1,0.341,49.0,47.0,4.0,0.0,4.0,5.0,3.0,2.0,0,0.0,1.0,-1.0,0.111,-0.014,0,27.1,0.691,0
PID100107,CRPF,Constable/GD,5.9,True,separated_hardship_posting,nuclear,1.56,peace_training_static,11.7,31,28.5,0.919,53.6,0.107,93.3,18.9,0.0,2.0,-2.0,2.0,3.0,-1.0,0,0.0,0.0,0.0,0.406,-0.023,0,42.7,-1.219,0
PID100108,CRPF,Constable/GD,17.3,False,not_applicable_unmarried,n/a,0.0,law_order_vip_duty,15.6,29,20.3,0.7,49.6,0.128,80.6,30.3,3.0,1.0,2.0,3.0,2.0,1.0,0,5.0,5.0,0.0,0.207,-0.038,0,55.9,0.045,0
PID100109,CRPF,ASI/SI,19.8,True,separated_hardship_posting,nuclear,1.347,peace_training_static,10.1,30,28.0,0.933,42.0,0.015,100.0,0.0,1.0,0.0,1.0,1.0,2.0,-1.0,0,3.0,4.0,-1.0,0.142,-0.066,0,15.6,-0.902,0
PID100110,CRPF,Constable/GD,10.1,True,with_family,nuclear,0.0,counter_naxal_lwe,18.4,29,19.4,0.669,62.0,0.37,61.0,42.5,0.0,1.0,-1.0,3.0,2.0,1.0,1,1.0,0.0,1.0,0.561,-0.123,0,63.5,-0.635,0
PID100111,CRPF,Constable/GD,19.8,True,separated_hardship_posting,nuclear,0.24,law_order_vip_duty,1.8,32,24.7,0.772,48.6,0.144,81.5,12.7,0.0,0.0,0.0,2.0,2.0,0.0,0,1.0,0.0,1.0,0.514,-0.0,0,7.6,-0.45,0
PID100112,CRPF,Constable/GD,14.0,True,with_family,joint,0.0,counter_naxal_lwe,1.1,32,17.3,0.541,55.5,0.411,53.1,30.8,0.0,0.0,0.0,4.0,3.0,1.0,0,3.0,6.0,-3.0,0.133,0.084,0,66.9,0.297,0
PID100113,CRPF,Head Constable,5.7,True,separated_hardship_posting,joint,0.225,counter_naxal_lwe,2.7,29,13.9,0.479,66.3,0.289,58.1,41.6,0.0,2.0,-2.0,3.0,3.0,0.0,0,2.0,2.0,0.0,0.624,0.241,0,23.7,0.324,0
PID100114,CRPF,Constable/GD,23.6,False,not_applicable_unmarried,n/a,0.0,law_order_vip_duty,19.4,28,28.0,1.0,52.3,0.253,74.7,22.2,1.0,3.0,-2.0,2.0,1.0,1.0,0,9.0,8.0,1.0,0.219,-0.035,0,61.2,-0.925,0
PID100115,CRPF,ASI/SI,5.9,True,with_family,joint,0.0,law_order_vip_duty,3.0,28,18.3,0.654,52.7,0.185,80.5,20.3,0.0,1.0,-1.0,2.0,3.0,-1.0,0,2.0,0.0,2.0,0.357,-0.096,0,32.6,-0.965,0
PID100116,CRPF,Head Constable,10.5,True,separated_hardship_posting,nuclear,0.693,counter_naxal_lwe,5.2,31,14.1,0.455,54.3,0.313,84.6,30.9,3.0,2.0,1.0,5.0,3.0,2.0,1,3.0,0.0,3.0,0.599,-0.01,0,60.5,0.485,0
PID100117,CRPF,Head Constable,10.1,True,separated_hardship_posting,nuclear,6.4,counter_naxal_lwe,48.0,32,18.1,0.566,59.7,0.295,70.4,36.3,1.0,0.0,1.0,4.0,1.0,3.0,0,0.0,0.0,0.0,0.127,0.004,1,4.6,0.608,1
PID100118,CRPF,Constable/GD,9.1,False,not_applicable_unmarried,n/a,0.0,law_order_vip_duty,17.6,28,20.4,0.729,46.3,0.246,88.4,21.8,4.0,5.0,-1.0,3.0,2.0,1.0,0,10.0,5.0,5.0,0.847,0.008,0,48.1,-0.313,0
PID100119,CRPF,Head Constable,3.0,True,with_family,nuclear,0.0,counter_naxal_lwe,2.8,28,18.5,0.661,61.9,0.393,58.4,45.3,1.0,1.0,0.0,3.0,3.0,0.0,1,0.0,0.0,0.0,0.301,-0.002,1,54.7,-0.32,0
PID100120,CRPF,Head Constable,31.0,False,not_applicable_unmarried,n/a,0.0,counter_naxal_lwe,1.0,30,19.7,0.657,62.5,0.331,54.1,45.3,0.0,0.0,0.0,3.0,1.0,2.0,0,3.0,0.0,3.0,0.184,0.079,1,44.0,0.356,0
PID100121,CRPF,Head Constable,3.3,True,separated_hardship_posting,joint,0.475,counter_naxal_lwe,5.7,32,14.0,0.438,62.5,0.385,58.2,43.6,4.0,0.0,4.0,5.0,3.0,2.0,0,2.0,2.0,0.0,0.719,0.06,0,48.3,1.181,0
PID100122,CRPF,Constable/GD,24.4,True,separated_hardship_posting,nuclear,3.427,counter_naxal_lwe,25.7,31,14.8,0.477,59.3,0.351,60.3,49.9,0.0,0.0,0.0,3.0,1.0,2.0,0,4.0,5.0,-1.0,0.576,0.155,0,55.1,0.801,0
PID100123,CRPF,Constable/GD,6.7,True,with_family,nuclear,0.0,peace_training_static,2.4,28,22.6,0.807,42.6,0.04,95.2,2.9,0.0,1.0,-1.0,1.0,3.0,-2.0,0,1.0,1.0,0.0,0.39,0.157,0,42.4,-0.6,0
PID100124,CRPF,Constable/GD,8.1,True,with_family,joint,0.0,counter_naxal_lwe,4.1,32,20.0,0.625,61.2,0.373,58.8,47.8,2.0,1.0,1.0,4.0,2.0,2.0,1,2.0,2.0,0.0,0.328,0.124,1,32.7,0.684,0
PID100125,CRPF,Constable/GD,23.1,False,not_applicable_unmarried,n/a,0.0,counter_insurgency_jk_ne,6.2,29,18.7,0.645,59.4,0.282,57.3,33.1,0.0,0.0,0.0,2.0,2.0,0.0,0,0.0,3.0,-3.0,0.427,-0.062,0,19.9,-0.483,0
PID100126,CRPF,Constable/GD,14.8,False,not_applicable_unmarried,n/a,0.0,law_order_vip_duty,11.2,29,20.6,0.71,49.7,0.063,94.4,12.0,4.0,2.0,2.0,2.0,2.0,0.0,0,0.0,0.0,0.0,0.298,0.22,0,53.6,0.597,0
PID100127,CRPF,Constable/GD,4.6,True,separated_hardship_posting,nuclear,1.48,counter_naxal_lwe,11.1,29,16.6,0.572,58.3,0.327,65.9,47.1,2.0,0.0,2.0,4.0,2.0,2.0,1,0.0,0.0,0.0,0.314,0.205,1,56.1,1.147,0
PID100128,CRPF,Constable/GD,4.6,True,with_family,joint,0.0,law_order_vip_duty,32.2,31,19.9,0.642,48.4,0.118,84.1,19.5,6.0,2.0,4.0,4.0,2.0,2.0,1,1.0,1.0,0.0,0.79,0.051,0,50.1,0.906,0
PID100129,CRPF,Head Constable,13.7,True,separated_hardship_posting,nuclear,0.24,counter_naxal_lwe,1.8,29,13.7,0.472,59.4,0.276,61.0,30.9,5.0,2.0,3.0,3.0,2.0,1.0,0,0.0,0.0,0.0,0.486,0.049,0,51.2,0.737,0
PID100130,CRPF,Constable/GD,5.8,True,with_family,nuclear,0.0,peace_training_static,35.4,31,24.0,0.774,44.2,0.105,88.3,5.2,0.0,1.0,-1.0,2.0,1.0,1.0,0,1.0,0.0,1.0,0.371,0.06,0,43.5,-0.211,0
PID100131,CRPF,ASI/SI,15.2,False,not_applicable_unmarried,n/a,0.0,law_order_vip_duty,2.2,29,22.2,0.766,47.6,0.215,77.9,27.8,2.0,3.0,-1.0,3.0,2.0,1.0,0,2.0,0.0,2.0,0.377,0.052,0,33.0,-0.225,0
PID100132,CRPF,Head Constable,16.1,False,not_applicable_unmarried,n/a,0.0,law_order_vip_duty,5.1,28,21.4,0.764,50.2,0.17,74.8,22.3,0.0,0.0,0.0,1.0,2.0,-1.0,0,3.0,4.0,-1.0,0.109,-0.081,0,56.9,-0.896,0
PID100133,CRPF,Constable/GD,7.1,True,separated_hardship_posting,nuclear,0.387,counter_insurgency_jk_ne,2.9,28,13.8,0.493,62.9,0.332,62.5,41.4,0.0,2.0,-2.0,3.0,4.0,-1.0,1,4.0,1.0,3.0,0.292,0.204,0,32.5,-0.019,0
PID100134,CRPF,Head Constable,8.3,True,with_family,nuclear,0.0,peace_training_static,10.7,30,28.3,0.943,44.8,0.113,87.4,7.6,0.0,2.0,-2.0,1.0,1.0,0.0,1,1.0,1.0,0.0,0.125,0.066,0,41.6,-0.766,0
PID100135,CRPF,Constable/GD,13.9,False,not_applicable_unmarried,n/a,0.0,law_order_vip_duty,2.0,28,24.2,0.864,47.0,0.195,89.0,14.2,0.0,0.0,0.0,1.0,2.0,-1.0,0,0.0,1.0,-1.0,0.451,-0.007,0,48.1,-0.794,0
PID100136,CRPF,Inspector+,6.9,True,separated_hardship_posting,nuclear,1.227,counter_naxal_lwe,9.2,30,13.4,0.447,53.0,0.353,69.4,38.6,2.0,1.0,1.0,4.0,3.0,1.0,1,0.0,3.0,-3.0,0.237,0.074,0,60.6,0.534,0
PID100137,CRPF,Constable/GD,12.0,True,with_family,nuclear,0.0,counter_naxal_lwe,9.5,31,16.1,0.519,69.3,0.422,51.6,51.2,0.0,0.0,0.0,3.0,2.0,1.0,0,1.0,1.0,0.0,0.626,0.27,1,0.0,0.885,0
PID100138,CRPF,Head Constable,35.0,True,separated_hardship_posting,nuclear,0.467,counter_naxal_lwe,3.5,30,18.0,0.6,66.6,0.221,62.4,40.2,3.0,0.0,3.0,5.0,1.0,4.0,2,10.0,5.0,5.0,0.187,0.04,1,53.0,1.197,1
PID100139,CRPF,Constable/GD,14.3,False,not_applicable_unmarried,n/a,0.0,counter_naxal_lwe,11.1,30,16.5,0.55,63.1,0.428,59.8,49.5,2.0,0.0,2.0,4.0,2.0,2.0,0,3.0,5.0,-2.0,0.255,0.144,0,33.2,0.988,0
PID100140,CRPF,Constable/GD,9.2,False,not_applicable_unmarried,n/a,0.0,counter_naxal_lwe,2.9,28,11.3,0.404,66.7,0.313,53.1,43.2,0.0,0.0,0.0,3.0,2.0,1.0,0,1.0,0.0,1.0,0.41,0.072,0,47.5,0.427,0
PID100141,CRPF,Constable/GD,32.7,True,with_family,joint,0.0,peace_training_static,3.3,28,23.9,0.854,48.1,0.073,93.6,7.4,0.0,0.0,0.0,3.0,1.0,2.0,0,0.0,0.0,0.0,0.094,-0.091,0,11.6,-0.395,0
PID100142,CRPF,ASI/SI,18.0,True,with_family,nuclear,0.0,peace_training_static,13.0,28,23.8,0.85,45.7,0.096,82.8,13.0,0.0,1.0,-1.0,1.0,2.0,-1.0,1,4.0,1.0,3.0,0.467,0.143,0,28.7,-0.48,0
PID100143,CRPF,Head Constable,5.9,True,separated_hardship_posting,nuclear,0.133,counter_naxal_lwe,1.0,28,14.9,0.532,57.0,0.297,69.7,34.0,3.0,6.0,-3.0,2.0,3.0,-1.0,1,6.0,6.0,0.0,0.881,0.181,0,57.5,-0.291,0
PID100144,CRPF,Constable/GD,6.7,True,with_family,nuclear,0.0,peace_training_static,2.2,30,26.6,0.887,53.6,0.058,75.5,17.7,2.0,1.0,1.0,2.0,2.0,0.0,1,4.0,2.0,2.0,0.306,0.091,0,57.5,-0.16,0
PID100145,CRPF,Constable/GD,3.6,True,separated_hardship_posting,nuclear,1.227,law_order_vip_duty,9.2,29,26.4,0.91,50.3,0.271,77.1,26.8,0.0,4.0,-4.0,2.0,2.0,0.0,0,5.0,2.0,3.0,0.336,0.022,0,37.0,-1.166,0
PID100146,CRPF,Constable/GD,13.8,False,not_applicable_unmarried,n/a,0.0,counter_insurgency_jk_ne,1.8,31,18.0,0.581,56.5,0.31,74.8,33.6,0.0,0.0,0.0,4.0,1.0,3.0,1,0.0,3.0,-3.0,0.007,-0.067,0,65.4,0.221,0
PID100147,CRPF,Constable/GD,2.6,True,with_family,nuclear,0.0,peace_training_static,10.6,29,20.9,0.721,46.1,0.005,96.4,0.0,1.0,0.0,1.0,1.0,2.0,-1.0,0,1.0,3.0,-2.0,0.223,0.029,0,39.8,-0.358,0
PID100148,CRPF,Constable/GD,32.7,True,with_family,joint,0.0,law_order_vip_duty,7.5,29,22.0,0.759,52.2,0.26,82.5,28.6,0.0,0.0,0.0,3.0,1.0,2.0,0,4.0,2.0,2.0,0.392,0.034,0,44.8,0.097,0
PID100149,CRPF,Constable/GD,9.8,True,separated_hardship_posting,joint,2.225,law_order_vip_duty,26.7,30,27.7,0.923,54.3,0.252,72.4,26.2,0.0,1.0,-1.0,3.0,2.0,1.0,1,0.0,2.0,-2.0,0.12,-0.006,0,27.4,-0.589,0
PID100150,CRPF,ASI/SI,18.6,True,with_family,nuclear,0.0,counter_naxal_lwe,30.9,29,15.4,0.531,63.8,0.261,68.8,44.0,0.0,0.0,0.0,3.0,2.0,1.0,0,1.0,1.0,0.0,0.275,0.173,0,33.0,0.576,0
PID100151,CRPF,ASI/SI,9.3,False,not_applicable_unmarried,n/a,0.0,counter_naxal_lwe,9.7,28,14.1,0.504,59.7,0.361,59.7,51.5,1.0,0.0,1.0,5.0,3.0,2.0,0,2.0,1.0,1.0,0.646,0.321,3,46.1,1.426,1
PID100152,CRPF,Constable/GD,13.6,True,with_family,joint,0.0,peace_training_static,11.3,28,24.3,0.868,46.1,0.157,84.3,14.5,0.0,0.0,0.0,4.0,4.0,0.0,0,1.0,1.0,0.0,0.555,-0.047,0,5.0,-0.706,0
PID100153,CRPF,Head Constable,10.6,True,separated_hardship_posting,joint,3.917,counter_naxal_lwe,47.0,32,19.4,0.606,64.2,0.254,64.0,38.1,0.0,2.0,-2.0,3.0,2.0,1.0,2,9.0,5.0,4.0,0.79,0.083,0,41.4,-0.094,0
PID100154,CRPF,Constable/GD,11.8,False,not_applicable_unmarried,n/a,0.0,counter_naxal_lwe,2.5,28,14.5,0.518,59.4,0.367,69.1,45.5,0.0,0.0,0.0,3.0,2.0,1.0,1,2.0,1.0,1.0,0.375,0.05,0,46.5,0.223,0
PID100155,CRPF,Head Constable,21.8,True,with_family,joint,0.0,counter_naxal_lwe,1.6,29,11.4,0.393,67.8,0.309,53.8,45.1,1.0,0.0,1.0,3.0,2.0,1.0,0,3.0,1.0,2.0,0.772,0.22,0,40.0,1.041,0
PID100156,CRPF,Constable/GD,27.5,True,separated_hardship_posting,joint,0.967,counter_insurgency_jk_ne,11.6,30,16.0,0.533,57.9,0.333,71.2,45.0,2.0,1.0,1.0,4.0,2.0,2.0,0,3.0,7.0,-4.0,0.175,0.105,1,61.5,0.739,0
PID100157,CRPF,Head Constable,26.3,True,separated_hardship_posting,joint,0.2,counter_insurgency_jk_ne,2.4,30,17.8,0.593,64.4,0.244,64.8,38.8,2.0,2.0,0.0,3.0,1.0,2.0,0,2.0,0.0,2.0,0.403,0.079,0,32.7,0.433,0
PID100158,CRPF,Head Constable,35.0,True,with_family,nuclear,0.0,peace_training_static,3.8,31,29.5,0.952,40.4,0.183,94.3,4.2,0.0,0.0,0.0,2.0,3.0,-1.0,0,0.0,0.0,0.0,0.188,-0.066,0,36.3,-1.079,0
PID100159,CRPF,Head Constable,7.4,True,with_family,joint,0.0,counter_insurgency_jk_ne,23.9,31,16.9,0.545,60.6,0.285,60.8,51.2,0.0,0.0,0.0,4.0,3.0,1.0,1,1.0,4.0,-3.0,0.519,0.098,0,33.9,0.336,0
PID100160,CRPF,Constable/GD,14.4,False,not_applicable_unmarried,n/a,0.0,peace_training_static,18.2,31,27.0,0.871,42.4,0.083,91.7,8.8,0.0,0.0,0.0,1.0,1.0,0.0,0,1.0,4.0,-3.0,0.024,-0.206,0,35.4,-1.19,0
PID100161,CRPF,ASI/SI,7.5,True,separated_hardship_posting,nuclear,1.013,law_order_vip_duty,7.6,29,21.9,0.755,49.5,0.177,81.9,27.7,9.0,3.0,6.0,4.0,2.0,2.0,1,0.0,0.0,0.0,0.488,-0.002,1,37.5,0.918,1
PID100162,CRPF,Constable/GD,21.3,True,separated_hardship_posting,nuclear,1.013,counter_insurgency_jk_ne,7.6,32,16.9,0.528,61.6,0.352,64.2,41.5,1.0,2.0,-1.0,3.0,2.0,1.0,0,3.0,0.0,3.0,0.212,0.078,0,31.5,0.141,0
PID100163,CRPF,Constable/GD,6.1,False,not_applicable_unmarried,n/a,0.0,counter_naxal_lwe,17.1,28,15.1,0.539,61.1,0.307,59.7,40.4,2.0,3.0,-1.0,3.0,2.0,1.0,1,2.0,0.0,2.0,0.357,0.109,0,56.8,0.22,0
PID100164,CRPF,Head Constable,22.0,True,with_family,joint,0.0,counter_naxal_lwe,4.9,29,17.4,0.6,72.4,0.414,40.0,45.9,1.0,0.0,1.0,3.0,2.0,1.0,0,1.0,2.0,-1.0,0.343,0.102,0,60.8,0.434,0
PID100165,CRPF,Constable/GD,12.9,True,separated_hardship_posting,nuclear,0.707,peace_training_static,5.3,29,22.5,0.776,48.1,0.133,73.0,24.1,0.0,0.0,0.0,2.0,1.0,1.0,0,0.0,1.0,-1.0,0.285,0.049,0,57.1,-0.093,0
PID100166,CRPF,ASI/SI,10.9,True,separated_hardship_posting,nuclear,0.813,law_order_vip_duty,6.1,29,22.7,0.783,49.2,0.137,88.9,18.2,0.0,0.0,0.0,3.0,2.0,1.0,1,0.0,0.0,0.0,0.256,0.132,3,50.6,0.151,0
PID100167,CRPF,ASI/SI,11.7,True,separated_hardship_posting,nuclear,3.04,counter_insurgency_jk_ne,22.8,30,14.7,0.49,60.1,0.302,71.5,36.2,0.0,3.0,-3.0,4.0,2.0,2.0,0,0.0,2.0,-2.0,0.106,0.021,0,25.3,-0.08,0
PID100168,CRPF,Constable/GD,5.4,True,with_family,nuclear,0.0,peace_training_static,3.3,28,22.0,0.786,45.1,0.123,77.4,17.5,0.0,2.0,-2.0,2.0,3.0,-1.0,1,2.0,3.0,-1.0,0.304,0.053,0,38.7,-0.827,0
PID100169,CRPF,Inspector+,5.7,True,separated_hardship_posting,nuclear,2.893,peace_training_static,21.7,32,26.8,0.838,49.3,0.035,88.8,13.6,0.0,0.0,0.0,2.0,2.0,0.0,1,2.0,2.0,0.0,0.076,-0.084,1,71.2,-0.781,0
PID100170,CRPF,Constable/GD,13.0,True,with_family,nuclear,0.0,counter_naxal_lwe,17.2,28,19.5,0.696,60.8,0.35,60.9,36.8,1.0,0.0,1.0,4.0,2.0,2.0,2,2.0,0.0,2.0,0.073,-0.015,0,36.7,0.178,0
PID100171,CRPF,Constable/GD,13.0,True,with_family,nuclear,0.0,law_order_vip_duty,6.8,29,16.6,0.572,53.6,0.253,82.2,27.8,3.0,1.0,2.0,4.0,3.0,1.0,1,2.0,3.0,-1.0,0.537,0.005,0,45.8,0.331,0
PID100172,CRPF,Constable/GD,7.7,True,separated_hardship_posting,nuclear,1.08,law_order_vip_duty,8.1,30,21.1,0.703,52.8,0.288,73.1,27.5,0.0,1.0,-1.0,2.0,2.0,0.0,0,2.0,0.0,2.0,0.396,0.057,0,17.4,-0.347,0
PID100173,CRPF,ASI/SI,9.7,True,with_family,nuclear,0.0,peace_training_static,33.8,32,28.7,0.897,46.3,0.185,88.9,18.5,0.0,0.0,0.0,1.0,2.0,-1.0,0,6.0,6.0,0.0,0.183,-0.106,0,48.0,-1.132,0
PID100174,CRPF,Constable/GD,15.1,True,with_family,nuclear,0.0,counter_naxal_lwe,1.3,30,20.0,0.667,66.2,0.493,48.9,53.0,1.0,1.0,0.0,3.0,1.0,2.0,1,9.0,6.0,3.0,0.536,0.008,0,29.8,0.131,0
PID100175,CRPF,Constable/GD,6.9,True,separated_hardship_posting,nuclear,0.827,counter_naxal_lwe,6.2,30,22.3,0.743,54.8,0.35,65.6,31.9,0.0,0.0,0.0,2.0,2.0,0.0,0,2.0,1.0,1.0,0.113,-0.004,0,35.9,-0.424,0
PID100176,CRPF,Constable/GD,3.3,True,separated_hardship_posting,joint,1.242,counter_insurgency_jk_ne,14.9,29,16.1,0.555,58.4,0.333,71.0,33.3,0.0,0.0,0.0,3.0,2.0,1.0,1,0.0,1.0,-1.0,0.0,-0.116,0,0.0,-0.322,0
PID100177,CRPF,Inspector+,25.0,True,separated_hardship_posting,joint,1.2,counter_naxal_lwe,14.4,31,18.7,0.603,59.2,0.314,72.8,31.4,1.0,3.0,-2.0,2.0,1.0,1.0,1,2.0,0.0,2.0,0.604,0.102,2,39.1,-0.033,1
PID100178,CRPF,ASI/SI,13.6,True,separated_hardship_posting,joint,0.442,counter_naxal_lwe,5.3,30,16.2,0.54,56.6,0.463,55.6,39.4,1.0,0.0,1.0,3.0,2.0,1.0,0,4.0,0.0,4.0,0.376,0.141,2,53.4,0.624,0
PID100179,CRPF,Head Constable,8.6,True,with_family,nuclear,0.0,law_order_vip_duty,1.0,28,20.7,0.739,48.6,0.167,90.7,18.3,0.0,3.0,-3.0,2.0,4.0,-2.0,0,2.0,2.0,0.0,0.202,-0.01,0,54.0,-1.331,0
PID100180,CRPF,ASI/SI,7.5,True,with_family,nuclear,0.0,counter_insurgency_jk_ne,30.0,30,18.8,0.627,55.5,0.41,60.7,34.2,2.0,0.0,2.0,4.0,3.0,1.0,0,0.0,2.0,-2.0,0.231,0.085,0,34.0,0.504,1
PID100181,CRPF,ASI/SI,6.9,True,with_family,joint,0.0,counter_naxal_lwe,23.5,32,12.8,0.4,61.1,0.453,44.7,43.1,1.0,0.0,1.0,2.0,3.0,-1.0,0,1.0,0.0,1.0,0.371,0.005,0,51.5,-0.044,0
PID100182,CRPF,Constable/GD,21.2,False,not_applicable_unmarried,n/a,0.0,law_order_vip_duty,4.9,32,23.9,0.747,53.3,0.173,78.5,28.1,3.0,3.0,0.0,2.0,1.0,1.0,0,1.0,0.0,1.0,0.125,0.045,0,54.3,-0.07,0
PID100183,CRPF,Constable/GD,4.8,True,separated_hardship_posting,nuclear,0.373,counter_naxal_lwe,2.8,29,17.3,0.597,64.2,0.412,59.9,46.4,2.0,2.0,0.0,4.0,2.0,2.0,1,0.0,2.0,-2.0,0.292,0.154,1,28.4,0.655,0
PID100184,CRPF,Head Constable,14.4,True,separated_hardship_posting,nuclear,0.493,counter_insurgency_jk_ne,3.7,31,16.0,0.516,56.4,0.327,59.8,40.5,0.0,0.0,0.0,3.0,1.0,2.0,0,1.0,1.0,0.0,0.253,-0.044,0,54.4,0.155,0
PID100185,CRPF,Head Constable,14.3,False,not_applicable_unmarried,n/a,0.0,law_order_vip_duty,7.3,29,23.1,0.797,58.3,0.195,60.2,33.4,0.0,1.0,-1.0,3.0,3.0,0.0,0,1.0,0.0,1.0,0.642,0.002,0,34.9,-0.628,0
PID100186,CRPF,Constable/GD,17.5,True,separated_hardship_posting,nuclear,0.373,peace_training_static,2.8,31,22.7,0.732,44.5,0.112,87.6,8.2,1.0,0.0,1.0,3.0,2.0,1.0,0,3.0,1.0,2.0,0.194,-0.038,0,20.1,-0.146,0
PID100187,CRPF,Constable/GD,9.1,False,not_applicable_unmarried,n/a,0.0,counter_naxal_lwe,6.7,30,16.8,0.56,54.2,0.366,66.0,25.3,0.0,0.0,0.0,2.0,1.0,1.0,0,1.0,1.0,0.0,0.032,-0.155,0,29.5,-0.445,0
PID100188,CRPF,Head Constable,23.9,False,not_applicable_unmarried,n/a,0.0,peace_training_static,1.7,29,29.0,1.0,44.6,0.142,97.5,3.9,0.0,1.0,-1.0,2.0,1.0,1.0,0,1.0,0.0,1.0,0.041,-0.026,0,43.2,-0.745,0
PID100189,CRPF,Constable/GD,17.8,True,with_family,nuclear,0.0,peace_training_static,1.0,32,28.1,0.878,46.2,0.21,84.9,12.1,0.0,2.0,-2.0,1.0,2.0,-1.0,1,1.0,3.0,-2.0,0.369,0.034,0,17.3,-0.998,0
PID100190,CRPF,ASI/SI,8.9,True,separated_hardship_posting,nuclear,0.48,law_order_vip_duty,3.6,29,18.8,0.648,38.9,0.254,94.2,10.5,0.0,2.0,-2.0,1.0,3.0,-2.0,0,2.0,2.0,0.0,0.207,-0.183,0,9.0,-1.585,0
PID100191,CRPF,Constable/GD,7.3,True,with_family,joint,0.0,peace_training_static,1.3,29,21.8,0.752,50.8,0.074,86.4,16.1,0.0,0.0,0.0,1.0,3.0,-2.0,0,1.0,2.0,-1.0,0.32,0.042,0,45.8,-0.724,0
PID100192,CRPF,Constable/GD,10.6,False,not_applicable_unmarried,n/a,0.0,counter_naxal_lwe,4.0,32,18.8,0.588,61.6,0.395,69.9,36.3,0.0,0.0,0.0,3.0,3.0,0.0,2,0.0,0.0,0.0,0.308,0.148,1,45.2,0.22,0
PID100193,CRPF,ASI/SI,8.7,True,with_family,nuclear,0.0,counter_naxal_lwe,22.2,29,18.7,0.645,57.4,0.245,65.7,19.8,0.0,0.0,0.0,1.0,2.0,-1.0,0,0.0,2.0,-2.0,0.49,-0.108,0,35.8,-0.835,0
PID100194,CRPF,Constable/GD,6.5,False,not_applicable_unmarried,n/a,0.0,peace_training_static,5.4,28,25.0,0.893,42.2,0.097,93.2,9.2,3.0,0.0,3.0,3.0,2.0,1.0,0,0.0,0.0,0.0,0.108,-0.125,0,41.3,-0.296,0
PID100195,CRPF,Constable/GD,12.0,True,with_family,nuclear,0.0,counter_insurgency_jk_ne,17.5,32,17.8,0.556,61.0,0.283,56.2,45.3,0.0,0.0,0.0,4.0,1.0,3.0,2,5.0,3.0,2.0,0.276,0.197,0,49.7,1.046,0
PID100196,CRPF,Head Constable,9.8,True,separated_hardship_posting,nuclear,0.28,counter_naxal_lwe,2.1,30,10.7,0.357,65.5,0.389,61.3,52.2,1.0,0.0,1.0,3.0,1.0,2.0,2,1.0,0.0,1.0,0.486,0.189,4,14.2,1.203,0
PID100197,CRPF,ASI/SI,27.0,True,with_family,joint,0.0,counter_naxal_lwe,23.4,32,18.0,0.562,59.4,0.456,67.1,36.9,1.0,1.0,0.0,2.0,1.0,1.0,0,4.0,4.0,0.0,0.422,0.158,0,0.0,0.495,0
PID100198,CRPF,Constable/GD,8.7,True,separated_hardship_posting,nuclear,3.307,counter_naxal_lwe,24.8,28,13.3,0.475,56.6,0.363,72.5,39.9,2.0,0.0,2.0,3.0,1.0,2.0,2,3.0,0.0,3.0,0.271,0.115,0,52.0,0.993,0
PID100199,CRPF,Constable/GD,7.2,True,separated_hardship_posting,nuclear,0.733,counter_naxal_lwe,5.5,31,15.2,0.49,62.5,0.328,61.4,45.3,3.0,1.0,2.0,4.0,3.0,1.0,1,2.0,1.0,1.0,0.643,0.03,0,45.4,0.505,0
PID100200,CRPF,Head Constable,11.5,False,not_applicable_unmarried,n/a,0.0,counter_naxal_lwe,1.0,28,20.2,0.721,63.3,0.308,53.1,47.6,1.0,0.0,1.0,4.0,2.0,2.0,0,1.0,2.0,-1.0,0.146,-0.032,0,47.7,0.096,0
PID100201,CRPF,Inspector+,13.3,True,separated_hardship_posting,nuclear,1.68,peace_training_static,12.6,30,21.6,0.72,48.3,0.17,83.6,14.6,3.0,3.0,0.0,2.0,2.0,0.0,2,0.0,1.0,-1.0,0.267,0.159,0,27.3,0.093,0
PID100202,CRPF,Constable/GD,13.9,False,not_applicable_unmarried,n/a,0.0,counter_naxal_lwe,3.9,29,10.9,0.376,59.7,0.338,60.7,39.4,2.0,1.0,1.0,3.0,2.0,1.0,0,2.0,2.0,0.0,0.359,0.007,0,42.7,0.419,0
PID100203,CRPF,Constable/GD,13.8,False,not_applicable_unmarried,n/a,0.0,peace_training_static,4.0,30,27.7,0.923,45.5,0.09,95.9,18.5,4.0,0.0,4.0,4.0,1.0,3.0,2,0.0,5.0,-5.0,0.098,-0.038,0,55.7,0.513,0
PID100204,CRPF,Constable/GD,11.8,True,separated_hardship_posting,nuclear,4.56,counter_naxal_lwe,34.2,29,14.8,0.51,62.1,0.407,56.8,54.0,3.0,1.0,2.0,3.0,1.0,2.0,2,1.0,2.0,-1.0,0.254,0.108,0,42.9,0.93,1
PID100205,CRPF,Constable/GD,11.3,True,separated_hardship_posting,nuclear,0.133,counter_naxal_lwe,1.0,32,16.0,0.5,65.9,0.42,52.0,50.8,3.0,3.0,0.0,3.0,1.0,2.0,0,0.0,2.0,-2.0,0.086,0.002,0,32.0,0.314,0
PID100206,CRPF,Constable/GD,16.1,True,with_family,joint,0.0,peace_training_static,9.8,31,28.7,0.926,51.3,0.062,98.1,14.9,0.0,1.0,-1.0,2.0,2.0,0.0,1,1.0,2.0,-1.0,0.244,0.038,0,43.1,-0.675,0
PID100207,CRPF,Head Constable,6.2,True,with_family,nuclear,0.0,counter_naxal_lwe,9.5,28,16.2,0.579,68.4,0.26,63.2,35.1,0.0,0.0,0.0,2.0,2.0,0.0,0,1.0,1.0,0.0,0.354,-0.023,0,59.9,-0.285,0
PID100208,CRPF,Constable/GD,7.3,False,not_applicable_unmarried,n/a,0.0,counter_naxal_lwe,3.5,30,13.6,0.453,67.2,0.344,62.8,53.5,3.0,1.0,2.0,4.0,1.0,3.0,1,0.0,2.0,-2.0,0.64,0.242,0,42.2,1.617,0
PID100209,CRPF,Constable/GD,4.0,False,not_applicable_unmarried,n/a,0.0,peace_training_static,4.0,31,26.1,0.842,53.3,0.052,80.2,23.8,1.0,3.0,-2.0,3.0,3.0,0.0,0,3.0,0.0,3.0,0.036,-0.014,0,22.8,-0.885,0
PID100210,CRPF,Head Constable,6.2,False,not_applicable_unmarried,n/a,0.0,counter_naxal_lwe,1.0,30,16.6,0.553,66.1,0.273,53.8,48.2,1.0,0.0,1.0,3.0,3.0,0.0,0,1.0,0.0,1.0,0.342,0.18,1,65.5,0.513,0
PID100211,CRPF,Head Constable,20.1,True,separated_hardship_posting,nuclear,0.413,counter_naxal_lwe,3.1,31,17.6,0.568,59.6,0.288,73.3,32.3,2.0,2.0,0.0,2.0,1.0,1.0,0,1.0,2.0,-1.0,0.0,-0.031,0,35.2,-0.083,0
PID100212,CRPF,Constable/GD,15.8,True,with_family,nuclear,0.0,peace_training_static,1.9,30,28.4,0.947,52.1,0.183,88.3,21.1,1.0,0.0,1.0,1.0,1.0,0.0,2,1.0,1.0,0.0,0.244,-0.032,0,29.3,-0.604,0
PID100213,CRPF,ASI/SI,28.9,True,separated_hardship_posting,nuclear,0.213,counter_insurgency_jk_ne,1.6,32,17.5,0.547,52.5,0.339,65.0,39.0,0.0,0.0,0.0,4.0,3.0,1.0,1,0.0,2.0,-2.0,0.919,0.157,1,30.4,0.511,0
PID100214,CRPF,Head Constable,25.2,False,not_applicable_unmarried,n/a,0.0,law_order_vip_duty,1.5,31,24.3,0.784,61.5,0.367,58.6,45.2,1.0,3.0,-2.0,1.0,1.0,0.0,2,0.0,0.0,0.0,0.25,-0.012,0,47.2,-0.808,0
PID100215,CRPF,Head Constable,15.8,True,separated_hardship_posting,nuclear,0.213,counter_naxal_lwe,1.6,30,19.4,0.647,58.1,0.311,62.2,50.4,0.0,0.0,0.0,3.0,2.0,1.0,0,2.0,0.0,2.0,0.646,0.084,1,30.6,0.168,0
PID100216,CRPF,Constable/GD,12.5,True,separated_hardship_posting,joint,0.208,counter_naxal_lwe,2.5,32,17.7,0.553,65.6,0.43,57.5,53.8,0.0,1.0,-1.0,4.0,2.0,2.0,0,4.0,3.0,1.0,0.247,0.065,0,15.1,0.285,0
PID100217,CRPF,Constable/GD,11.7,True,with_family,nuclear,0.0,counter_insurgency_jk_ne,4.1,29,17.1,0.59,63.8,0.33,67.1,37.9,0.0,0.0,0.0,2.0,2.0,0.0,1,1.0,3.0,-2.0,0.236,0.047,0,46.5,-0.087,0
PID100218,CRPF,ASI/SI,2.5,True,separated_hardship_posting,nuclear,0.52,law_order_vip_duty,3.9,31,22.5,0.726,53.8,0.187,75.1,23.9,3.0,3.0,0.0,2.0,2.0,0.0,0,2.0,0.0,2.0,0.13,-0.096,0,42.9,-0.682,0
PID100219,CRPF,Constable/GD,10.9,True,separated_hardship_posting,joint,1.267,counter_naxal_lwe,15.2,31,15.2,0.49,53.8,0.341,69.0,28.5,0.0,1.0,-1.0,2.0,2.0,0.0,0,2.0,1.0,1.0,0.149,0.024,0,41.2,-0.189,0
PID100220,CRPF,Constable/GD,8.1,True,with_family,nuclear,0.0,peace_training_static,4.8,29,23.3,0.803,42.2,0.086,82.4,13.5,0.0,1.0,-1.0,2.0,2.0,0.0,0,1.0,3.0,-2.0,0.338,-0.081,0,24.3,-0.885,0
PID100221,CRPF,Constable/GD,6.4,False,not_applicable_unmarried,n/a,0.0,law_order_vip_duty,5.6,32,23.1,0.722,53.4,0.236,70.1,34.0,0.0,0.0,0.0,3.0,1.0,2.0,1,2.0,1.0,1.0,0.142,0.082,1,33.6,0.287,0
PID100222,CRPF,Head Constable,14.5,False,not_applicable_unmarried,n/a,0.0,counter_insurgency_jk_ne,19.8,29,18.8,0.648,60.5,0.359,72.1,47.3,0.0,1.0,-1.0,2.0,2.0,0.0,1,1.0,0.0,1.0,0.79,0.166,1,46.4,0.048,0
PID100223,CRPF,Inspector+,10.2,True,separated_hardship_posting,nuclear,0.24,counter_insurgency_jk_ne,1.8,32,16.5,0.516,57.3,0.278,72.8,31.2,0.0,0.0,0.0,3.0,2.0,1.0,1,1.0,0.0,1.0,0.137,-0.039,0,41.3,-0.045,0
PID100224,CRPF,Constable/GD,12.1,False,not_applicable_unmarried,n/a,0.0,law_order_vip_duty,3.6,28,20.8,0.743,52.3,0.271,81.2,27.7,3.0,2.0,1.0,2.0,1.0,1.0,3,0.0,2.0,-2.0,0.553,0.191,1,44.5,0.531,0
PID100225,CRPF,ASI/SI,5.8,True,with_family,nuclear,0.0,law_order_vip_duty,1.0,29,21.2,0.731,46.1,0.296,79.3,26.7,1.0,0.0,1.0,1.0,1.0,0.0,0,0.0,1.0,-1.0,0.599,0.02,0,62.6,-0.186,0
PID100226,CRPF,Constable/GD,18.2,False,not_applicable_unmarried,n/a,0.0,counter_naxal_lwe,1.1,29,21.3,0.734,69.1,0.44,48.8,63.5,6.0,0.0,6.0,3.0,3.0,0.0,1,0.0,3.0,-3.0,0.753,0.176,3,43.7,1.052,1
PID100227,CRPF,Head Constable,8.7,True,with_family,nuclear,0.0,peace_training_static,1.7,29,28.3,0.976,44.5,0.05,93.2,1.6,0.0,0.0,0.0,2.0,3.0,-1.0,0,3.0,3.0,0.0,0.561,0.115,0,47.2,-0.563,0
PID100228,CRPF,Head Constable,14.0,True,separated_hardship_posting,nuclear,4.587,counter_insurgency_jk_ne,34.4,30,20.1,0.67,61.2,0.297,66.7,42.0,6.0,0.0,6.0,5.0,2.0,3.0,3,3.0,1.0,2.0,0.464,0.094,0,25.8,1.524,1
PID100229,CRPF,Constable/GD,9.1,True,with_family,nuclear,0.0,peace_training_static,10.4,31,30.7,0.99,51.6,0.163,89.0,13.5,0.0,0.0,0.0,2.0,2.0,0.0,1,0.0,0.0,0.0,0.0,-0.056,0,22.7,-0.882,0
PID100230,CRPF,Constable/GD,2.1,True,with_family,nuclear,0.0,peace_training_static,2.8,30,25.4,0.847,41.4,0.055,92.2,2.0,2.0,0.0,2.0,1.0,1.0,0.0,2,2.0,0.0,2.0,0.34,-0.141,0,49.9,-0.657,0
PID100231,CRPF,Constable/GD,14.8,True,separated_hardship_posting,nuclear,0.653,counter_naxal_lwe,4.9,30,20.6,0.687,62.5,0.271,63.6,33.7,0.0,0.0,0.0,4.0,2.0,2.0,2,1.0,1.0,0.0,0.428,-0.292,0,32.7,-0.8,0
PID100232,CRPF,Inspector+,10.6,False,not_applicable_unmarried,n/a,0.0,counter_insurgency_jk_ne,1.0,28,17.3,0.618,59.1,0.298,62.3,34.8,0.0,0.0,0.0,2.0,1.0,1.0,0,3.0,1.0,2.0,0.577,0.206,2,13.5,0.573,0
PID100233,CRPF,Head Constable,3.8,False,not_applicable_unmarried,n/a,0.0,counter_insurgency_jk_ne,26.4,28,16.7,0.596,57.0,0.275,58.5,28.8,1.0,5.0,-4.0,1.0,1.0,0.0,0,4.0,4.0,0.0,0.459,0.031,0,47.1,-0.76,0
PID100234,CRPF,ASI/SI,5.4,True,with_family,joint,0.0,counter_insurgency_jk_ne,24.1,29,13.8,0.476,61.7,0.29,70.1,32.5,3.0,3.0,0.0,2.0,3.0,-1.0,0,7.0,6.0,1.0,0.497,0.104,0,55.3,0.01,0
PID100235,CRPF,ASI/SI,18.5,True,with_family,joint,0.0,peace_training_static,14.8,28,24.0,0.857,43.3,0.092,100.0,1.6,1.0,1.0,0.0,3.0,2.0,1.0,0,2.0,3.0,-1.0,0.135,0.044,0,23.9,-0.204,0
PID100236,CRPF,Constable/GD,4.0,False,not_applicable_unmarried,n/a,0.0,counter_naxal_lwe,1.0,28,10.1,0.361,62.2,0.48,61.0,48.4,0.0,0.0,0.0,3.0,1.0,2.0,1,2.0,4.0,-2.0,0.335,0.158,1,14.0,0.952,0
PID100237,CRPF,Head Constable,8.6,True,with_family,joint,0.0,law_order_vip_duty,4.0,28,20.3,0.725,50.5,0.192,82.2,21.1,0.0,0.0,0.0,2.0,3.0,-1.0,0,1.0,1.0,0.0,0.333,0.037,0,61.3,-0.494,0
PID100238,CRPF,Constable/GD,30.3,True,with_family,nuclear,0.0,peace_training_static,12.7,29,24.4,0.841,55.3,0.155,88.1,15.1,0.0,0.0,0.0,1.0,3.0,-2.0,0,0.0,1.0,-1.0,0.095,-0.116,0,59.4,-1.31,0
PID100239,CRPF,Constable/GD,15.0,True,with_family,nuclear,0.0,peace_training_static,10.8,28,24.0,0.857,43.3,0.151,93.1,23.3,0.0,1.0,-1.0,1.0,2.0,-1.0,1,1.0,2.0,-1.0,0.031,0.009,1,55.2,-0.892,0
PID100240,CRPF,ASI/SI,17.1,True,with_family,nuclear,0.0,counter_naxal_lwe,1.0,28,11.2,0.4,65.0,0.249,67.4,38.7,2.0,1.0,1.0,3.0,1.0,2.0,0,1.0,1.0,0.0,0.324,0.203,2,27.5,1.193,0
PID100241,CRPF,Head Constable,9.7,True,with_family,nuclear,0.0,peace_training_static,2.6,29,28.2,0.972,53.2,0.208,78.0,18.6,0.0,1.0,-1.0,2.0,3.0,-1.0,0,2.0,0.0,2.0,0.1,-0.078,0,35.5,-1.293,0
PID100242,CRPF,Constable/GD,3.6,True,separated_hardship_posting,nuclear,0.133,counter_naxal_lwe,1.0,29,17.7,0.61,58.3,0.388,66.1,41.7,0.0,0.0,0.0,3.0,3.0,0.0,0,1.0,2.0,-1.0,0.374,0.315,2,46.0,0.697,0
PID100243,CRPF,Constable/GD,12.7,True,separated_hardship_posting,nuclear,6.4,counter_insurgency_jk_ne,48.0,32,24.3,0.759,58.4,0.309,66.6,36.4,0.0,1.0,-1.0,3.0,1.0,2.0,1,3.0,5.0,-2.0,0.056,-0.114,0,53.3,-0.505,0
PID100244,CRPF,Head Constable,5.6,True,with_family,joint,0.0,counter_naxal_lwe,18.1,31,22.0,0.71,58.1,0.413,68.6,34.7,0.0,1.0,-1.0,2.0,1.0,1.0,1,0.0,0.0,0.0,0.6,0.051,1,38.0,-0.16,0
PID100245,CRPF,ASI/SI,5.3,False,not_applicable_unmarried,n/a,0.0,law_order_vip_duty,29.4,31,23.7,0.765,43.9,0.217,80.5,17.3,0.0,1.0,-1.0,1.0,1.0,0.0,0,0.0,0.0,0.0,0.273,-0.004,0,79.7,-0.606,0
PID100246,CRPF,Head Constable,11.9,True,separated_hardship_posting,joint,0.083,counter_naxal_lwe,1.0,31,20.1,0.648,58.9,0.403,65.6,36.7,0.0,0.0,0.0,3.0,2.0,1.0,1,1.0,3.0,-2.0,0.394,0.153,2,49.0,0.377,0
PID100247,CRPF,Constable/GD,5.9,True,separated_hardship_posting,nuclear,3.053,counter_naxal_lwe,22.9,28,16.2,0.579,59.7,0.237,63.7,34.9,1.0,2.0,-1.0,1.0,3.0,-2.0,1,3.0,1.0,2.0,0.636,0.03,0,41.9,-0.705,0
PID100248,CRPF,Constable/GD,11.1,False,not_applicable_unmarried,n/a,0.0,counter_naxal_lwe,10.1,30,15.2,0.507,60.0,0.399,65.1,48.5,2.0,1.0,1.0,2.0,1.0,1.0,1,0.0,0.0,0.0,0.289,0.074,0,37.7,0.461,0
PID100249,CRPF,Constable/GD,7.4,False,not_applicable_unmarried,n/a,0.0,peace_training_static,35.1,31,27.1,0.874,44.8,0.131,100.0,9.5,1.0,0.0,1.0,3.0,4.0,-1.0,0,2.0,1.0,1.0,0.742,0.071,0,43.5,-0.418,0
PID100250,CRPF,Head Constable,10.9,True,with_family,nuclear,0.0,law_order_vip_duty,4.0,32,25.9,0.809,52.0,0.232,81.7,26.9,0.0,2.0,-2.0,2.0,1.0,1.0,0,3.0,3.0,0.0,0.0,-0.04,0,45.8,-0.709,0
PID100251,CRPF,ASI/SI,8.2,True,with_family,nuclear,0.0,law_order_vip_duty,21.0,30,30.0,1.0,47.2,0.169,92.4,11.7,3.0,0.0,3.0,3.0,3.0,0.0,1,2.0,2.0,0.0,0.355,0.067,1,23.2,-0.059,0
PID100252,CRPF,Constable/GD,11.1,True,separated_hardship_posting,joint,1.283,law_order_vip_duty,15.4,29,25.3,0.872,53.4,0.207,82.4,25.1,0.0,0.0,0.0,3.0,2.0,1.0,1,2.0,0.0,2.0,0.301,-0.108,0,22.0,-0.681,0
PID100253,CRPF,Constable/GD,24.1,True,with_family,nuclear,0.0,counter_insurgency_jk_ne,23.5,31,19.3,0.623,62.9,0.285,49.5,40.7,3.0,1.0,2.0,4.0,3.0,1.0,0,3.0,1.0,2.0,0.126,0.012,0,28.9,0.288,0
PID100254,CRPF,Constable/GD,17.3,True,with_family,nuclear,0.0,counter_naxal_lwe,12.7,28,16.9,0.604,67.3,0.282,57.9,42.8,1.0,0.0,1.0,4.0,3.0,1.0,0,0.0,0.0,0.0,0.379,0.012,1,35.2,0.16,0
PID100255,CRPF,Head Constable,10.4,False,not_applicable_unmarried,n/a,0.0,counter_naxal_lwe,11.1,32,19.0,0.594,61.0,0.371,64.7,39.4,1.0,0.0,1.0,4.0,2.0,2.0,0,1.0,0.0,1.0,0.375,-0.045,0,42.5,0.213,0
PID100256,CRPF,ASI/SI,22.0,False,not_applicable_unmarried,n/a,0.0,counter_insurgency_jk_ne,10.6,29,17.1,0.59,61.6,0.394,47.9,43.5,3.0,1.0,2.0,4.0,3.0,1.0,0,0.0,0.0,0.0,0.103,-0.01,0,33.3,0.264,0
PID100257,CRPF,Constable/GD,14.1,False,not_applicable_unmarried,n/a,0.0,peace_training_static,6.7,28,27.5,0.982,43.3,0.035,93.3,11.3,0.0,0.0,0.0,1.0,1.0,0.0,0,0.0,0.0,0.0,0.304,0.122,0,39.6,-0.336,0
PID100258,CRPF,Constable/GD,21.2,True,with_family,nuclear,0.0,counter_naxal_lwe,15.7,29,15.5,0.534,60.6,0.379,61.7,44.9,0.0,0.0,0.0,3.0,2.0,1.0,0,0.0,0.0,0.0,0.424,0.301,1,18.6,0.959,0
PID100259,CRPF,Head Constable,4.3,False,not_applicable_unmarried,n/a,0.0,law_order_vip_duty,3.6,32,21.0,0.656,53.6,0.195,69.9,15.8,2.0,2.0,0.0,3.0,1.0,2.0,0,1.0,0.0,1.0,0.0,-0.154,1,58.1,-0.344,0
PID100260,CRPF,Constable/GD,5.9,False,not_applicable_unmarried,n/a,0.0,peace_training_static,15.9,30,28.4,0.947,44.7,0.088,85.5,19.7,6.0,6.0,0.0,1.0,2.0,-1.0,0,1.0,2.0,-1.0,0.444,0.102,0,19.3,-0.565,0
PID100261,CRPF,ASI/SI,12.7,True,with_family,nuclear,0.0,peace_training_static,4.2,28,27.0,0.964,40.9,0.124,100.0,7.8,0.0,0.0,0.0,2.0,3.0,-1.0,1,1.0,0.0,1.0,0.425,0.036,0,44.6,-0.787,0
PID100262,CRPF,Constable/GD,10.2,True,with_family,nuclear,0.0,counter_naxal_lwe,32.2,29,15.5,0.534,65.3,0.355,36.5,58.1,1.0,1.0,0.0,4.0,2.0,2.0,1,0.0,0.0,0.0,0.217,0.197,3,24.7,0.86,0
PID100263,CRPF,Constable/GD,11.1,True,separated_hardship_posting,nuclear,3.213,peace_training_static,24.1,31,28.8,0.929,42.7,0.131,93.4,7.5,0.0,0.0,0.0,1.0,2.0,-1.0,0,0.0,0.0,0.0,0.189,-0.116,0,46.0,-1.202,0
PID100264,CRPF,ASI/SI,15.4,True,separated_hardship_posting,joint,0.2,law_order_vip_duty,2.4,28,23.9,0.854,49.9,0.152,90.0,9.7,2.0,1.0,1.0,3.0,2.0,1.0,0,1.0,0.0,1.0,0.315,0.089,0,63.4,0.088,0
PID100265,CRPF,Constable/GD,12.7,True,with_family,joint,0.0,counter_insurgency_jk_ne,9.4,32,19.0,0.594,62.2,0.365,60.8,36.8,1.0,2.0,-1.0,3.0,4.0,-1.0,0,2.0,0.0,2.0,0.0,-0.06,0,52.3,-0.783,0
PID100266,CRPF,Constable/GD,18.2,True,separated_hardship_posting,nuclear,0.253,law_order_vip_duty,1.9,31,21.9,0.706,54.1,0.225,83.9,33.7,5.0,3.0,2.0,4.0,2.0,2.0,2,2.0,2.0,0.0,0.074,-0.013,0,26.7,0.327,0
PID100267,CRPF,Constable/GD,17.9,True,with_family,nuclear,0.0,counter_naxal_lwe,9.4,31,14.9,0.481,62.7,0.386,57.0,37.4,0.0,1.0,-1.0,3.0,1.0,2.0,0,2.0,0.0,2.0,0.418,0.04,0,43.5,0.297,0
PID100268,CRPF,Constable/GD,6.1,True,with_family,nuclear,0.0,peace_training_static,1.4,31,27.1,0.874,40.1,0.193,86.7,2.0,4.0,2.0,2.0,2.0,2.0,0.0,1,5.0,3.0,2.0,0.0,-0.02,0,34.6,-0.324,0
PID100269,CRPF,Constable/GD,2.2,True,with_family,nuclear,0.0,law_order_vip_duty,1.5,28,25.6,0.914,47.3,0.105,87.7,11.5,3.0,1.0,2.0,3.0,2.0,1.0,0,0.0,1.0,-1.0,0.209,0.111,1,20.2,0.236,0
PID100270,CRPF,Constable/GD,5.9,True,separated_hardship_posting,nuclear,3.72,law_order_vip_duty,27.9,32,23.4,0.731,53.6,0.258,72.4,21.6,0.0,2.0,-2.0,1.0,3.0,-2.0,1,2.0,1.0,1.0,0.031,-0.163,0,54.9,-1.628,0
PID100271,CRPF,Constable/GD,5.6,False,not_applicable_unmarried,n/a,0.0,peace_training_static,3.5,29,27.2,0.938,48.5,0.11,82.8,19.0,3.0,3.0,0.0,1.0,2.0,-1.0,1,0.0,1.0,-1.0,0.462,-0.11,0,75.0,-1.195,0
PID100272,CRPF,Constable/GD,11.6,False,not_applicable_unmarried,n/a,0.0,law_order_vip_duty,4.1,28,20.0,0.714,53.0,0.281,73.4,31.4,1.0,1.0,0.0,3.0,1.0,2.0,0,4.0,3.0,1.0,0.014,-0.036,0,59.4,-0.059,0
PID100273,CRPF,Head Constable,11.5,True,separated_hardship_posting,nuclear,2.093,counter_naxal_lwe,15.7,28,14.2,0.507,60.1,0.302,61.1,41.4,5.0,1.0,4.0,3.0,3.0,0.0,0,2.0,1.0,1.0,0.634,0.2,1,21.7,1.092,0
PID100274,CRPF,Head Constable,9.9,True,separated_hardship_posting,joint,0.092,counter_naxal_lwe,1.1,28,12.8,0.457,60.0,0.406,56.7,40.4,1.0,0.0,1.0,2.0,2.0,0.0,0,0.0,1.0,-1.0,0.504,0.175,0,71.1,0.613,0
PID100275,CRPF,Constable/GD,14.4,False,not_applicable_unmarried,n/a,0.0,peace_training_static,8.3,28,25.5,0.911,46.9,0.057,83.4,14.4,0.0,0.0,0.0,1.0,2.0,-1.0,0,0.0,0.0,0.0,0.442,0.146,0,30.7,-0.391,0
PID100276,CRPF,Constable/GD,35.0,True,with_family,joint,0.0,law_order_vip_duty,7.9,32,22.4,0.7,47.0,0.244,85.0,27.1,0.0,3.0,-3.0,1.0,3.0,-2.0,0,2.0,3.0,-1.0,0.349,0.013,0,33.8,-1.212,0
PID100277,CRPF,Constable/GD,9.7,False,not_applicable_unmarried,n/a,0.0,peace_training_static,1.0,28,28.0,1.0,46.4,0.137,81.5,8.1,0.0,1.0,-1.0,1.0,2.0,-1.0,1,1.0,1.0,0.0,0.199,0.027,0,28.8,-1.011,0
PID100278,CRPF,ASI/SI,13.0,False,not_applicable_unmarried,n/a,0.0,counter_insurgency_jk_ne,15.5,31,18.3,0.59,52.4,0.291,67.3,35.2,4.0,2.0,2.0,4.0,2.0,2.0,0,0.0,2.0,-2.0,0.624,0.001,0,42.4,0.509,0
PID100279,CRPF,ASI/SI,11.1,True,separated_hardship_posting,nuclear,2.44,counter_insurgency_jk_ne,18.3,28,16.7,0.596,53.8,0.238,68.9,33.1,1.0,3.0,-2.0,3.0,3.0,0.0,0,0.0,2.0,-2.0,0.031,-0.195,0,9.2,-1.132,0
PID100280,CRPF,Constable/GD,7.8,True,with_family,nuclear,0.0,peace_training_static,6.5,32,28.3,0.884,46.7,0.098,89.9,11.8,0.0,0.0,0.0,2.0,3.0,-1.0,1,4.0,1.0,3.0,0.577,0.13,0,25.4,-0.407,0
PID100281,CRPF,Constable/GD,15.5,True,with_family,joint,0.0,law_order_vip_duty,13.9,30,23.6,0.787,54.3,0.275,77.3,29.4,0.0,0.0,0.0,2.0,2.0,0.0,0,1.0,1.0,0.0,0.502,0.024,0,57.6,-0.395,0
PID100282,CRPF,Constable/GD,9.5,True,separated_hardship_posting,nuclear,3.227,counter_naxal_lwe,24.2,30,21.0,0.7,63.4,0.439,61.2,48.6,0.0,0.0,0.0,3.0,3.0,0.0,1,2.0,2.0,0.0,0.241,0.078,0,78.9,-0.125,1
PID100283,CRPF,Constable/GD,6.8,True,with_family,nuclear,0.0,counter_naxal_lwe,15.2,28,12.3,0.439,57.5,0.467,63.4,36.2,2.0,0.0,2.0,3.0,1.0,2.0,1,2.0,5.0,-3.0,0.912,0.045,0,6.8,0.825,0
PID100284,CRPF,Head Constable,7.1,False,not_applicable_unmarried,n/a,0.0,peace_training_static,13.6,32,29.6,0.925,38.5,0.152,97.1,0.0,0.0,0.0,0.0,1.0,3.0,-2.0,0,3.0,4.0,-1.0,0.655,0.128,0,55.8,-0.674,0
PID100285,CRPF,Constable/GD,18.6,True,with_family,joint,0.0,law_order_vip_duty,3.3,30,17.8,0.593,52.0,0.235,77.1,29.6,0.0,0.0,0.0,2.0,2.0,0.0,1,5.0,1.0,4.0,0.615,-0.104,0,21.9,-0.545,0
PID100286,CRPF,Constable/GD,15.3,True,separated_hardship_posting,nuclear,1.08,counter_insurgency_jk_ne,8.1,28,20.5,0.732,50.4,0.327,78.2,19.7,0.0,0.0,0.0,2.0,2.0,0.0,0,1.0,0.0,1.0,0.2,-0.097,0,33.1,-0.692,0
PID100287,CRPF,Constable/GD,8.3,True,with_family,joint,0.0,counter_insurgency_jk_ne,6.8,31,18.3,0.59,61.8,0.416,62.0,38.8,1.0,0.0,1.0,4.0,2.0,2.0,0,3.0,6.0,-3.0,0.37,0.033,1,21.0,0.451,0
PID100288,CRPF,Constable/GD,14.3,True,separated_hardship_posting,nuclear,0.293,counter_naxal_lwe,2.2,32,13.1,0.409,57.7,0.381,60.9,36.7,2.0,0.0,2.0,4.0,2.0,2.0,0,8.0,8.0,0.0,0.705,0.172,0,55.0,1.244,0
PID100289,CRPF,Constable/GD,11.2,True,separated_hardship_posting,nuclear,1.053,counter_insurgency_jk_ne,7.9,28,13.0,0.464,66.9,0.305,51.8,50.1,2.0,1.0,1.0,4.0,2.0,2.0,0,7.0,2.0,5.0,0.364,0.158,0,48.6,0.983,0
PID100290,CRPF,ASI/SI,13.1,True,separated_hardship_posting,nuclear,0.787,counter_naxal_lwe,5.9,29,18.4,0.634,58.2,0.333,74.8,32.4,1.0,0.0,1.0,4.0,2.0,2.0,0,2.0,1.0,1.0,0.236,0.075,0,41.8,0.526,0
PID100291,CRPF,Constable/GD,7.7,True,separated_hardship_posting,nuclear,0.973,counter_naxal_lwe,7.3,31,12.1,0.39,63.9,0.34,60.9,40.8,1.0,1.0,0.0,3.0,1.0,2.0,0,0.0,0.0,0.0,0.749,0.221,1,51.6,1.108,0
PID100292,CRPF,ASI/SI,5.7,False,not_applicable_unmarried,n/a,0.0,peace_training_static,2.5,28,26.0,0.929,43.1,0.143,97.2,12.9,0.0,0.0,0.0,2.0,3.0,-1.0,0,0.0,0.0,0.0,0.14,-0.021,0,49.4,-0.915,0
PID100293,CRPF,Constable/GD,9.4,True,with_family,nuclear,0.0,counter_naxal_lwe,23.1,31,15.8,0.51,61.3,0.305,57.8,39.8,2.0,1.0,1.0,3.0,2.0,1.0,1,4.0,1.0,3.0,0.388,0.209,0,23.0,0.866,0
PID100294,CRPF,ASI/SI,6.4,True,with_family,joint,0.0,peace_training_static,25.6,31,27.3,0.881,46.7,0.082,86.9,8.6,2.0,1.0,1.0,3.0,3.0,0.0,1,1.0,0.0,1.0,0.357,-0.107,0,45.0,-0.75,0
PID100295,CRPF,ASI/SI,6.1,False,not_applicable_unmarried,n/a,0.0,counter_insurgency_jk_ne,19.8,30,16.0,0.533,61.4,0.296,56.4,43.6,1.0,0.0,1.0,5.0,3.0,2.0,0,4.0,1.0,3.0,0.457,0.082,0,30.5,0.668,0
PID100296,CRPF,Inspector+,4.5,True,separated_hardship_posting,nuclear,0.173,counter_naxal_lwe,1.3,29,13.1,0.452,66.1,0.323,62.2,46.1,0.0,0.0,0.0,3.0,2.0,1.0,0,0.0,2.0,-2.0,0.318,0.16,2,28.6,0.634,0
PID100297,CRPF,ASI/SI,2.2,False,not_applicable_unmarried,n/a,0.0,counter_naxal_lwe,12.0,30,15.0,0.5,64.9,0.386,53.5,48.8,5.0,4.0,1.0,4.0,2.0,2.0,0,3.0,0.0,3.0,0.381,0.225,2,47.6,1.141,0
PID100298,CRPF,Head Constable,8.4,True,separated_hardship_posting,nuclear,0.293,counter_naxal_lwe,2.2,28,17.1,0.611,66.2,0.39,52.3,52.6,2.0,1.0,1.0,3.0,3.0,0.0,0,0.0,2.0,-2.0,0.658,0.254,1,60.0,0.666,0
PID100299,CRPF,Head Constable,20.5,False,not_applicable_unmarried,n/a,0.0,law_order_vip_duty,1.6,31,22.4,0.723,49.5,0.236,91.8,18.2,4.0,0.0,4.0,3.0,2.0,1.0,1,0.0,0.0,0.0,0.0,-0.049,0,38.9,0.294,0
PID100300,CRPF,Head Constable,17.8,True,with_family,joint,0.0,peace_training_static,18.2,31,29.2,0.942,48.6,0.149,88.6,20.3,0.0,0.0,0.0,1.0,2.0,-1.0,0,3.0,1.0,2.0,0.095,0.022,0,64.8,-0.802,0
PID100301,CRPF,Constable/GD,26.1,True,with_family,joint,0.0,law_order_vip_duty,1.3,30,21.8,0.727,50.6,0.227,83.2,14.7,0.0,0.0,0.0,2.0,2.0,0.0,0,1.0,1.0,0.0,0.332,-0.083,0,35.1,-0.645,0
PID100302,CRPF,Constable/GD,5.9,False,not_applicable_unmarried,n/a,0.0,law_order_vip_duty,3.1,31,25.1,0.81,55.9,0.0,75.3,28.6,0.0,4.0,-4.0,1.0,2.0,-1.0,0,2.0,3.0,-1.0,0.248,-0.025,0,14.6,-1.4,0
PID100303,CRPF,Constable/GD,16.1,True,with_family,nuclear,0.0,peace_training_static,1.0,30,28.2,0.94,46.5,0.067,79.0,9.3,1.0,2.0,-1.0,1.0,3.0,-2.0,2,4.0,4.0,0.0,0.445,0.039,0,19.8,-1.117,0
PID100304,CRPF,ASI/SI,10.4,False,not_applicable_unmarried,n/a,0.0,law_order_vip_duty,23.9,30,20.9,0.697,54.5,0.262,79.4,19.7,3.0,5.0,-2.0,2.0,2.0,0.0,0,1.0,1.0,0.0,0.357,0.045,0,16.4,-0.53,0
PID100305,CRPF,Constable/GD,7.1,True,separated_hardship_posting,joint,0.408,counter_insurgency_jk_ne,4.9,32,16.3,0.509,59.2,0.25,55.4,34.3,6.0,1.0,5.0,5.0,2.0,3.0,1,1.0,0.0,1.0,0.304,0.097,1,46.2,1.573,0
PID100306,CRPF,Constable/GD,19.2,True,with_family,nuclear,0.0,law_order_vip_duty,28.2,32,26.9,0.841,55.0,0.271,69.7,29.3,0.0,1.0,-1.0,2.0,2.0,0.0,1,1.0,0.0,1.0,0.352,-0.051,0,69.0,-0.839,0
PID100307,CRPF,Head Constable,10.4,True,with_family,nuclear,0.0,counter_insurgency_jk_ne,10.0,32,16.8,0.525,54.8,0.355,64.7,30.9,0.0,0.0,0.0,2.0,2.0,0.0,0,1.0,1.0,0.0,0.485,0.045,0,57.6,-0.014,0
PID100308,CRPF,Constable/GD,3.3,False,not_applicable_unmarried,n/a,0.0,counter_naxal_lwe,10.3,30,18.0,0.6,55.7,0.334,63.8,30.3,2.0,1.0,1.0,2.0,1.0,1.0,0,0.0,0.0,0.0,0.561,-0.014,0,53.7,0.084,0
PID100309,CRPF,Constable/GD,17.7,False,not_applicable_unmarried,n/a,0.0,law_order_vip_duty,13.6,29,21.8,0.752,56.0,0.185,72.4,33.9,1.0,0.0,1.0,3.0,2.0,1.0,0,6.0,2.0,4.0,0.194,0.008,0,64.6,-0.034,0
PID100310,CRPF,Constable/GD,13.8,True,with_family,nuclear,0.0,law_order_vip_duty,4.8,28,19.6,0.7,57.4,0.221,65.7,28.6,3.0,4.0,-1.0,2.0,2.0,0.0,1,0.0,0.0,0.0,0.431,-0.04,0,50.3,-0.636,0
PID100311,CRPF,Constable/GD,12.0,True,separated_hardship_posting,joint,2.675,counter_naxal_lwe,32.1,30,17.8,0.593,61.5,0.347,55.2,32.3,2.0,3.0,-1.0,4.0,1.0,3.0,0,7.0,5.0,2.0,0.141,-0.019,0,57.2,0.197,0
PID100312,CRPF,Constable/GD,5.2,True,with_family,nuclear,0.0,peace_training_static,8.8,32,32.0,1.0,49.2,0.158,85.1,16.1,1.0,1.0,0.0,3.0,2.0,1.0,0,2.0,2.0,0.0,0.39,-0.047,0,41.6,-0.653,0
PID100313,CRPF,Constable/GD,12.8,True,separated_hardship_posting,nuclear,1.28,counter_naxal_lwe,9.6,32,19.5,0.609,55.5,0.21,80.9,37.2,0.0,0.0,0.0,3.0,1.0,2.0,1,0.0,0.0,0.0,0.607,0.075,1,26.8,0.401,0
PID100314,CRPF,Constable/GD,24.2,False,not_applicable_unmarried,n/a,0.0,law_order_vip_duty,1.3,28,21.4,0.764,49.5,0.176,72.1,16.7,1.0,1.0,0.0,2.0,1.0,1.0,0,0.0,1.0,-1.0,0.0,-0.025,0,21.4,-0.301,0
PID100315,CRPF,Constable/GD,13.5,True,separated_hardship_posting,joint,3.783,peace_training_static,45.4,30,30.0,1.0,46.3,0.059,91.9,5.7,1.0,1.0,0.0,2.0,1.0,1.0,1,1.0,1.0,0.0,0.032,-0.099,0,34.2,-0.809,0
PID100316,CRPF,Constable/GD,4.0,True,separated_hardship_posting,nuclear,0.627,counter_naxal_lwe,4.7,31,12.0,0.387,55.1,0.199,78.7,24.7,2.0,1.0,1.0,3.0,2.0,1.0,1,0.0,0.0,0.0,0.665,0.135,1,14.0,0.791,0
PID100317,CRPF,Head Constable,14.1,True,with_family,joint,0.0,peace_training_static,2.2,31,24.6,0.794,39.9,0.09,99.1,10.6,0.0,2.0,-2.0,1.0,3.0,-2.0,1,9.0,10.0,-1.0,0.303,-0.069,0,34.8,-1.419,0
PID100318,CRPF,Constable/GD,13.6,True,with_family,nuclear,0.0,peace_training_static,8.2,32,27.4,0.856,46.6,0.03,90.2,8.3,1.0,0.0,1.0,1.0,1.0,0.0,0,2.0,2.0,0.0,0.095,-0.045,0,35.2,-0.533,0
PID100319,CRPF,ASI/SI,16.8,True,with_family,joint,0.0,law_order_vip_duty,14.6,28,25.3,0.904,49.6,0.197,78.0,16.1,1.0,0.0,1.0,1.0,1.0,0.0,2,1.0,2.0,-1.0,0.0,-0.02,0,53.3,-0.514,0
PID100320,CRPF,ASI/SI,13.4,True,with_family,joint,0.0,peace_training_static,2.0,30,29.8,0.993,44.6,0.091,95.9,10.3,2.0,1.0,1.0,2.0,2.0,0.0,1,4.0,4.0,0.0,0.202,-0.009,0,37.8,-0.588,0
PID100321,CRPF,Constable/GD,6.1,True,with_family,nuclear,0.0,law_order_vip_duty,21.9,28,15.9,0.568,50.4,0.247,80.7,24.3,2.0,2.0,0.0,3.0,1.0,2.0,1,1.0,1.0,0.0,0.804,0.025,0,59.1,0.3,0
PID100322,CRPF,Constable/GD,11.6,False,not_applicable_unmarried,n/a,0.0,counter_insurgency_jk_ne,9.1,31,17.3,0.558,52.9,0.285,63.0,33.4,0.0,0.0,0.0,2.0,1.0,1.0,0,7.0,1.0,6.0,0.084,0.016,0,33.2,0.071,0
PID100323,CRPF,Constable/GD,9.5,True,with_family,nuclear,0.0,law_order_vip_duty,28.6,30,18.5,0.617,51.1,0.119,81.7,14.2,3.0,0.0,3.0,2.0,2.0,0.0,0,4.0,0.0,4.0,0.354,0.04,0,24.9,0.321,0
PID100324,CRPF,ASI/SI,12.4,False,not_applicable_unmarried,n/a,0.0,counter_insurgency_jk_ne,1.0,30,17.9,0.597,57.9,0.321,67.8,33.2,1.0,1.0,0.0,3.0,2.0,1.0,1,4.0,6.0,-2.0,0.151,0.008,0,67.1,0.0,0
PID100325,CRPF,Head Constable,19.6,True,with_family,joint,0.0,counter_naxal_lwe,14.6,32,20.3,0.634,59.7,0.495,52.0,52.6,2.0,0.0,2.0,4.0,3.0,1.0,2,2.0,0.0,2.0,0.217,0.152,0,57.5,0.699,0
PID100326,CRPF,ASI/SI,7.4,True,with_family,nuclear,0.0,counter_naxal_lwe,4.5,32,20.5,0.641,60.0,0.415,59.9,45.0,0.0,0.0,0.0,3.0,1.0,2.0,1,0.0,1.0,-1.0,0.675,0.196,1,42.2,0.728,0
PID100327,CRPF,Constable/GD,28.3,False,not_applicable_unmarried,n/a,0.0,counter_naxal_lwe,31.0,29,16.8,0.579,61.2,0.391,64.0,46.5,1.0,4.0,-3.0,2.0,3.0,-1.0,1,0.0,3.0,-3.0,0.167,0.082,2,31.2,-0.646,0
PID100328,CRPF,Head Constable,14.1,True,with_family,joint,0.0,peace_training_static,7.9,32,27.5,0.859,49.3,0.108,80.5,17.4,3.0,5.0,-2.0,1.0,1.0,0.0,4,5.0,7.0,-2.0,0.45,0.023,0,74.4,-0.793,0
PID100329,CRPF,Constable/GD,17.7,True,with_family,joint,0.0,peace_training_static,8.5,32,28.5,0.891,45.6,0.091,91.6,15.8,1.0,0.0,1.0,1.0,2.0,-1.0,0,3.0,0.0,3.0,0.176,0.099,0,40.6,-0.354,0
PID100330,CRPF,Head Constable,16.4,True,separated_hardship_posting,nuclear,1.227,peace_training_static,9.2,28,27.2,0.971,38.3,0.086,90.6,6.4,2.0,0.0,2.0,3.0,1.0,2.0,0,1.0,2.0,-1.0,0.402,-0.062,0,53.3,-0.14,0
PID100331,CRPF,Constable/GD,13.8,True,separated_hardship_posting,joint,1.158,counter_naxal_lwe,13.9,31,24.1,0.777,57.2,0.364,59.1,36.1,1.0,5.0,-4.0,2.0,3.0,-1.0,0,3.0,2.0,1.0,0.143,-0.122,0,62.7,-1.654,0
PID100332,CRPF,Head Constable,15.2,False,not_applicable_unmarried,n/a,0.0,counter_insurgency_jk_ne,13.1,28,13.2,0.471,61.7,0.232,70.5,40.3,4.0,4.0,0.0,4.0,1.0,3.0,1,2.0,0.0,2.0,0.283,0.12,1,46.9,0.918,0
PID100333,CRPF,ASI/SI,1.0,True,separated_hardship_posting,nuclear,1.293,counter_insurgency_jk_ne,9.7,31,23.4,0.755,55.3,0.313,77.7,26.2,1.0,0.0,1.0,2.0,1.0,1.0,0,2.0,0.0,2.0,0.444,0.035,0,22.8,0.045,0
PID100334,CRPF,Constable/GD,16.4,True,with_family,nuclear,0.0,counter_naxal_lwe,3.4,31,17.8,0.574,61.6,0.31,56.7,49.9,1.0,0.0,1.0,3.0,2.0,1.0,1,4.0,4.0,0.0,0.425,0.185,0,37.4,0.716,0
PID100335,CRPF,Head Constable,6.4,True,with_family,nuclear,0.0,law_order_vip_duty,14.9,32,26.5,0.828,59.7,0.117,79.4,33.8,0.0,0.0,0.0,3.0,4.0,-1.0,2,3.0,6.0,-3.0,0.217,-0.013,0,32.6,-0.769,0
PID100336,CRPF,Constable/GD,10.8,True,separated_hardship_posting,nuclear,0.427,counter_naxal_lwe,3.2,30,17.1,0.57,64.5,0.309,60.6,42.7,1.0,1.0,0.0,3.0,3.0,0.0,2,4.0,2.0,2.0,0.221,0.107,0,39.8,0.117,1
PID100337,CRPF,Head Constable,13.7,False,not_applicable_unmarried,n/a,0.0,peace_training_static,22.8,29,29.0,1.0,37.4,0.195,78.9,10.2,2.0,1.0,1.0,2.0,2.0,0.0,0,0.0,1.0,-1.0,0.391,-0.029,0,45.1,-0.657,0
PID100338,CRPF,Constable/GD,20.1,True,separated_hardship_posting,nuclear,1.307,counter_naxal_lwe,9.8,31,18.0,0.581,67.8,0.358,46.5,53.2,5.0,2.0,3.0,3.0,1.0,2.0,2,3.0,0.0,3.0,0.483,0.194,2,34.3,1.257,1
PID100339,CRPF,ASI/SI,6.4,False,not_applicable_unmarried,n/a,0.0,peace_training_static,1.6,29,24.2,0.834,46.6,0.0,96.4,6.8,1.0,2.0,-1.0,1.0,1.0,0.0,0,4.0,2.0,2.0,0.045,0.012,0,34.7,-0.643,0
PID100340,CRPF,Constable/GD,8.5,True,with_family,joint,0.0,peace_training_static,21.2,28,26.6,0.95,47.5,0.08,78.8,22.0,0.0,2.0,-2.0,2.0,1.0,1.0,1,2.0,2.0,0.0,0.386,-0.064,0,42.4,-0.952,0
PID100341,CRPF,Inspector+,9.2,True,separated_hardship_posting,joint,1.617,law_order_vip_duty,19.4,28,24.4,0.871,53.2,0.274,70.8,26.3,3.0,0.0,3.0,4.0,3.0,1.0,0,1.0,0.0,1.0,0.183,0.114,0,17.5,0.452,0
PID100342,CRPF,ASI/SI,12.5,True,with_family,joint,0.0,counter_naxal_lwe,2.6,32,17.6,0.55,65.7,0.332,58.0,39.2,0.0,0.0,0.0,2.0,1.0,1.0,2,4.0,3.0,1.0,0.282,0.144,0,35.1,0.467,0
PID100343,CRPF,Head Constable,9.6,True,with_family,nuclear,0.0,counter_naxal_lwe,6.2,29,9.7,0.334,61.7,0.381,63.6,41.4,0.0,0.0,0.0,3.0,3.0,0.0,1,0.0,0.0,0.0,0.413,0.1,1,44.3,0.381,0
PID100344,CRPF,Head Constable,15.2,False,not_applicable_unmarried,n/a,0.0,peace_training_static,11.9,28,24.9,0.889,40.1,0.096,97.2,7.4,0.0,0.0,0.0,3.0,3.0,0.0,1,2.0,3.0,-1.0,0.374,-0.069,0,42.8,-0.797,0
PID100345,CRPF,Head Constable,3.4,True,separated_hardship_posting,nuclear,3.453,counter_naxal_lwe,25.9,28,15.7,0.561,63.3,0.361,69.3,47.4,1.0,0.0,1.0,4.0,2.0,2.0,0,0.0,0.0,0.0,0.351,0.088,0,28.7,0.653,1
PID100346,CRPF,ASI/SI,10.3,True,with_family,nuclear,0.0,counter_naxal_lwe,18.1,28,15.3,0.546,56.5,0.352,62.9,37.3,1.0,3.0,-2.0,2.0,1.0,1.0,0,1.0,1.0,0.0,0.48,0.296,1,32.5,0.621,0
PID100347,CRPF,Constable/GD,25.4,False,not_applicable_unmarried,n/a,0.0,peace_training_static,48.0,31,26.4,0.852,53.3,0.081,82.7,17.2,1.0,0.0,1.0,2.0,3.0,-1.0,1,9.0,3.0,6.0,0.157,-0.169,0,17.4,-1.115,0
PID100348,CRPF,Head Constable,9.6,True,with_family,nuclear,0.0,law_order_vip_duty,5.0,28,25.0,0.893,50.6,0.254,80.9,23.0,0.0,0.0,0.0,2.0,1.0,1.0,1,2.0,5.0,-3.0,0.597,0.204,0,28.4,0.232,0
PID100349,CRPF,Constable/GD,14.1,True,separated_hardship_posting,joint,2.192,law_order_vip_duty,26.3,32,16.9,0.528,51.8,0.312,78.8,23.5,0.0,3.0,-3.0,1.0,2.0,-1.0,1,0.0,3.0,-3.0,0.064,-0.01,0,12.0,-0.861,0
PID100350,CRPF,Head Constable,18.4,False,not_applicable_unmarried,n/a,0.0,counter_naxal_lwe,2.7,30,16.8,0.56,59.3,0.373,70.2,26.9,0.0,1.0,-1.0,2.0,3.0,-1.0,0,2.0,0.0,2.0,0.172,-0.047,0,36.4,-0.703,0
PID100351,CRPF,Constable/GD,13.9,True,with_family,nuclear,0.0,counter_insurgency_jk_ne,5.5,29,17.7,0.61,59.4,0.306,63.8,33.8,0.0,0.0,0.0,2.0,1.0,1.0,0,2.0,0.0,2.0,0.611,0.141,1,46.8,0.386,0
PID100352,CRPF,Head Constable,29.6,False,not_applicable_unmarried,n/a,0.0,peace_training_static,4.4,32,32.0,1.0,47.8,0.069,92.6,14.4,0.0,0.0,0.0,2.0,2.0,0.0,0,1.0,1.0,0.0,0.071,-0.023,0,29.0,-0.794,0
PID100353,CRPF,Head Constable,11.8,True,with_family,nuclear,0.0,counter_naxal_lwe,1.0,30,16.5,0.55,59.3,0.406,57.0,41.3,1.0,0.0,1.0,4.0,2.0,2.0,1,0.0,0.0,0.0,0.323,0.25,3,6.0,1.155,0
PID100354,CRPF,Constable/GD,15.7,True,with_family,nuclear,0.0,counter_naxal_lwe,6.5,29,17.3,0.597,63.8,0.319,60.6,42.2,1.0,0.0,1.0,4.0,2.0,2.0,0,1.0,4.0,-3.0,0.215,0.081,0,52.9,0.588,0
PID100355,CRPF,Constable/GD,12.8,True,separated_hardship_posting,nuclear,2.267,counter_naxal_lwe,17.0,31,17.4,0.561,62.3,0.384,63.1,49.1,3.0,6.0,-3.0,3.0,1.0,2.0,0,2.0,1.0,1.0,0.368,0.168,0,43.1,0.276,0
PID100356,CRPF,Head Constable,22.7,True,with_family,nuclear,0.0,law_order_vip_duty,10.1,31,23.5,0.758,51.6,0.266,82.5,19.4,0.0,0.0,0.0,2.0,3.0,-1.0,1,3.0,3.0,0.0,0.297,0.002,0,26.9,-0.64,0
PID100357,CRPF,Head Constable,8.8,False,not_applicable_unmarried,n/a,0.0,counter_naxal_lwe,13.5,31,22.3,0.719,59.0,0.409,66.2,35.8,0.0,0.0,0.0,4.0,3.0,1.0,0,3.0,2.0,1.0,0.225,0.137,0,26.2,0.241,0
PID100358,CRPF,Constable/GD,30.9,True,with_family,nuclear,0.0,peace_training_static,18.3,31,24.6,0.794,55.3,0.18,76.5,28.6,1.0,2.0,-1.0,1.0,1.0,0.0,0,9.0,3.0,6.0,0.442,-0.056,0,53.4,-0.798,0
PID100359,CRPF,Head Constable,7.5,False,not_applicable_unmarried,n/a,0.0,counter_naxal_lwe,4.1,32,15.6,0.488,66.7,0.408,53.8,47.5,0.0,0.0,0.0,4.0,2.0,2.0,2,1.0,3.0,-2.0,0.584,0.126,0,46.5,0.703,0
PID100360,CRPF,ASI/SI,26.8,True,separated_hardship_posting,nuclear,2.173,counter_naxal_lwe,16.3,30,18.8,0.627,64.9,0.275,64.9,38.9,0.0,0.0,0.0,4.0,3.0,1.0,0,1.0,1.0,0.0,0.177,0.052,0,50.6,0.096,0
PID100361,CRPF,Constable/GD,5.9,True,with_family,nuclear,0.0,peace_training_static,22.1,29,26.9,0.928,50.5,0.068,98.9,20.8,1.0,1.0,0.0,1.0,1.0,0.0,0,0.0,2.0,-2.0,0.438,-0.005,0,17.3,-0.652,0
PID100362,CRPF,Constable/GD,16.0,True,separated_hardship_posting,nuclear,4.147,peace_training_static,31.1,28,24.4,0.871,47.2,0.038,95.7,4.2,1.0,4.0,-3.0,1.0,3.0,-2.0,0,1.0,0.0,1.0,0.356,0.137,0,48.1,-1.045,0
PID100363,CRPF,Constable/GD,11.2,True,separated_hardship_posting,nuclear,0.373,law_order_vip_duty,2.8,29,21.5,0.741,50.6,0.134,85.3,14.9,0.0,0.0,0.0,3.0,1.0,2.0,1,1.0,1.0,0.0,0.239,0.057,0,24.2,0.188,0
PID100364,CRPF,Head Constable,18.2,True,with_family,joint,0.0,peace_training_static,22.3,31,30.6,0.987,36.0,0.212,83.3,12.7,0.0,2.0,-2.0,1.0,2.0,-1.0,0,2.0,1.0,1.0,0.479,-0.014,0,18.7,-1.272,0
PID100365,CRPF,Constable/GD,14.3,True,with_family,nuclear,0.0,counter_naxal_lwe,30.1,32,19.1,0.597,57.1,0.291,64.5,34.8,3.0,1.0,2.0,2.0,2.0,0.0,0,1.0,0.0,1.0,0.367,0.033,0,39.5,0.17,0
PID100366,CRPF,Head Constable,17.7,False,not_applicable_unmarried,n/a,0.0,counter_insurgency_jk_ne,10.6,29,15.3,0.528,66.7,0.232,59.4,37.5,2.0,1.0,1.0,5.0,2.0,3.0,0,2.0,0.0,2.0,0.349,0.003,2,47.2,0.651,1
PID100367,CRPF,Head Constable,5.8,True,with_family,nuclear,0.0,counter_naxal_lwe,9.4,28,16.1,0.575,66.6,0.347,62.3,56.0,7.0,6.0,1.0,3.0,2.0,1.0,0,0.0,0.0,0.0,0.463,0.167,1,40.5,0.66,1
PID100368,CRPF,Constable/GD,3.8,True,with_family,nuclear,0.0,counter_insurgency_jk_ne,2.5,31,18.5,0.597,58.8,0.255,63.5,32.0,0.0,0.0,0.0,3.0,3.0,0.0,1,3.0,3.0,0.0,0.501,0.093,0,41.2,0.044,0
PID100369,CRPF,ASI/SI,5.2,True,separated_hardship_posting,nuclear,1.867,law_order_vip_duty,14.0,31,24.7,0.797,45.7,0.356,83.3,19.5,0.0,1.0,-1.0,2.0,3.0,-1.0,1,1.0,0.0,1.0,0.318,-0.046,0,22.5,-0.987,0
PID100370,CRPF,Head Constable,5.1,False,not_applicable_unmarried,n/a,0.0,peace_training_static,15.1,28,24.2,0.864,48.5,0.104,87.2,17.2,0.0,0.0,0.0,3.0,3.0,0.0,0,6.0,10.0,-4.0,0.0,-0.04,0,10.4,-0.681,0
PID100371,CRPF,Constable/GD,5.8,True,separated_hardship_posting,nuclear,0.707,counter_naxal_lwe,5.3,28,11.8,0.421,60.9,0.377,64.1,52.5,1.0,0.0,1.0,5.0,2.0,3.0,0,10.0,8.0,2.0,0.908,0.282,2,46.7,1.619,1
PID100372,CRPF,Constable/GD,7.8,True,with_family,nuclear,0.0,counter_insurgency_jk_ne,17.2,29,19.4,0.669,60.8,0.253,65.7,35.4,0.0,0.0,0.0,3.0,1.0,2.0,0,0.0,1.0,-1.0,0.322,0.102,0,43.6,0.409,0
PID100373,CRPF,Constable/GD,7.8,True,with_family,nuclear,0.0,peace_training_static,7.6,30,28.6,0.953,41.6,0.02,93.9,0.0,1.0,1.0,0.0,2.0,1.0,1.0,0,1.0,2.0,-1.0,0.053,-0.086,0,32.6,-0.715,0
PID100374,CRPF,Constable/GD,11.3,True,separated_hardship_posting,nuclear,1.067,law_order_vip_duty,8.0,28,25.2,0.9,50.0,0.176,76.1,24.0,1.0,3.0,-2.0,4.0,1.0,3.0,0,1.0,2.0,-1.0,0.298,-0.06,0,33.2,-0.451,0
PID100375,CRPF,Constable/GD,6.7,True,separated_hardship_posting,nuclear,1.293,counter_naxal_lwe,9.7,30,12.6,0.42,65.5,0.307,63.3,54.9,3.0,0.0,3.0,5.0,2.0,3.0,1,0.0,0.0,0.0,0.45,0.332,6,41.4,2.082,0
PID100376,CRPF,ASI/SI,7.0,True,with_family,joint,0.0,counter_insurgency_jk_ne,4.5,30,17.8,0.593,65.7,0.257,61.0,44.4,0.0,0.0,0.0,4.0,2.0,2.0,0,3.0,1.0,2.0,0.771,0.05,0,33.7,0.346,0
PID100377,CRPF,Constable/GD,9.9,True,separated_hardship_posting,joint,1.725,counter_naxal_lwe,20.7,31,16.4,0.529,59.4,0.254,62.0,35.5,3.0,1.0,2.0,3.0,2.0,1.0,1,3.0,1.0,2.0,0.272,0.136,0,50.5,0.777,0
PID100378,CRPF,Constable/GD,19.6,True,separated_hardship_posting,nuclear,0.187,counter_insurgency_jk_ne,1.4,32,18.0,0.562,54.0,0.308,73.6,32.1,0.0,0.0,0.0,3.0,2.0,1.0,0,0.0,5.0,-5.0,0.282,-0.03,0,51.2,-0.07,0
PID100379,CRPF,Head Constable,8.7,False,not_applicable_unmarried,n/a,0.0,counter_insurgency_jk_ne,6.7,28,12.2,0.436,62.1,0.28,85.0,24.4,0.0,2.0,-2.0,2.0,2.0,0.0,1,0.0,1.0,-1.0,0.29,0.032,0,38.7,-0.256,0
PID100380,CRPF,Head Constable,10.9,True,separated_hardship_posting,nuclear,0.747,counter_insurgency_jk_ne,5.6,30,14.8,0.493,53.0,0.207,76.2,22.4,2.0,2.0,0.0,2.0,3.0,-1.0,0,3.0,3.0,0.0,0.372,0.236,0,36.6,0.387,0
PID100381,CRPF,ASI/SI,12.0,True,with_family,joint,0.0,counter_insurgency_jk_ne,26.9,32,20.0,0.625,53.2,0.306,83.2,17.8,1.0,0.0,1.0,2.0,3.0,-1.0,0,5.0,7.0,-2.0,0.179,-0.119,0,44.0,-0.689,0
PID100382,CRPF,Head Constable,6.2,False,not_applicable_unmarried,n/a,0.0,counter_insurgency_jk_ne,23.6,28,15.3,0.546,59.1,0.346,49.6,40.7,2.0,1.0,1.0,2.0,1.0,1.0,0,6.0,3.0,3.0,0.51,0.022,0,0.0,0.257,0
PID100383,CRPF,Constable/GD,9.2,True,separated_hardship_posting,nuclear,0.133,counter_naxal_lwe,1.0,32,15.1,0.472,70.3,0.422,48.2,54.0,1.0,1.0,0.0,3.0,2.0,1.0,0,0.0,1.0,-1.0,0.408,0.097,0,39.0,0.421,0
PID100384,CRPF,Constable/GD,7.4,True,separated_hardship_posting,joint,0.2,counter_naxal_lwe,2.4,29,20.2,0.697,58.6,0.205,77.1,17.7,2.0,2.0,0.0,2.0,2.0,0.0,1,1.0,0.0,1.0,0.247,0.04,0,15.9,-0.238,0
PID100385,CRPF,Inspector+,18.6,True,separated_hardship_posting,nuclear,3.427,counter_naxal_lwe,25.7,31,24.2,0.781,60.5,0.306,65.3,39.7,4.0,1.0,3.0,3.0,2.0,1.0,1,0.0,1.0,-1.0,0.0,-0.022,0,46.3,0.15,0
PID100386,CRPF,Head Constable,17.7,True,with_family,nuclear,0.0,peace_training_static,3.2,31,27.7,0.894,46.4,0.038,87.6,13.9,0.0,1.0,-1.0,1.0,2.0,-1.0,1,3.0,5.0,-2.0,0.595,0.134,1,53.5,-0.56,0
PID100387,CRPF,Inspector+,6.9,True,with_family,joint,0.0,law_order_vip_duty,1.3,32,19.5,0.609,50.1,0.181,81.5,19.4,0.0,2.0,-2.0,2.0,2.0,0.0,1,1.0,2.0,-1.0,0.462,-0.016,0,1.8,-0.608,0
PID100388,CRPF,Constable/GD,10.8,True,separated_hardship_posting,joint,0.2,counter_naxal_lwe,2.4,28,16.6,0.593,54.9,0.433,72.2,27.5,0.0,0.0,0.0,1.0,1.0,0.0,1,0.0,4.0,-4.0,0.007,-0.066,0,50.1,-0.432,0
PID100389,CRPF,ASI/SI,15.7,False,not_applicable_unmarried,n/a,0.0,counter_insurgency_jk_ne,23.9,32,12.9,0.403,61.2,0.256,79.3,40.9,1.0,4.0,-3.0,1.0,1.0,0.0,0,3.0,1.0,2.0,0.421,0.24,1,38.4,0.259,0
PID100390,CRPF,Head Constable,13.4,False,not_applicable_unmarried,n/a,0.0,law_order_vip_duty,2.1,30,18.4,0.613,52.7,0.191,84.8,32.0,4.0,6.0,-2.0,2.0,2.0,0.0,1,6.0,9.0,-3.0,0.195,0.011,0,47.4,-0.533,0
PID100391,CRPF,Constable/GD,14.3,True,separated_hardship_posting,nuclear,1.12,counter_insurgency_jk_ne,8.4,31,19.8,0.639,59.5,0.25,65.5,38.1,1.0,2.0,-1.0,3.0,2.0,1.0,2,5.0,3.0,2.0,0.612,0.163,0,54.9,0.262,1
PID100392,CRPF,Head Constable,6.2,True,separated_hardship_posting,nuclear,0.24,law_order_vip_duty,1.8,31,19.1,0.616,51.4,0.318,73.3,26.1,2.0,3.0,-1.0,2.0,1.0,1.0,2,0.0,2.0,-2.0,0.693,0.016,0,43.3,-0.153,0
PID100393,CRPF,Head Constable,26.2,True,with_family,nuclear,0.0,peace_training_static,5.7,30,26.1,0.87,52.1,0.0,85.3,14.3,2.0,1.0,1.0,3.0,3.0,0.0,0,0.0,0.0,0.0,0.155,-0.029,0,42.1,-0.501,0
PID100394,CRPF,Constable/GD,7.7,True,separated_hardship_posting,nuclear,3.267,counter_naxal_lwe,24.5,30,12.0,0.4,60.0,0.317,60.1,42.1,10.0,5.0,5.0,5.0,2.0,3.0,1,0.0,0.0,0.0,0.616,0.205,0,22.6,2.032,1
PID100395,CRPF,Constable/GD,7.6,True,with_family,nuclear,0.0,counter_insurgency_jk_ne,25.5,32,19.4,0.606,53.7,0.248,74.1,28.4,2.0,4.0,-2.0,2.0,2.0,0.0,0,1.0,0.0,1.0,0.324,0.073,0,26.9,-0.338,0
PID100396,CRPF,ASI/SI,4.8,True,separated_hardship_posting,joint,0.167,counter_insurgency_jk_ne,2.0,30,21.4,0.713,64.7,0.197,63.3,42.5,2.0,1.0,1.0,3.0,1.0,2.0,2,2.0,1.0,1.0,0.372,0.06,1,70.0,0.385,0
PID100397,CRPF,Constable/GD,10.2,True,with_family,joint,0.0,counter_insurgency_jk_ne,2.0,32,17.4,0.544,49.2,0.366,68.0,30.6,0.0,1.0,-1.0,3.0,3.0,0.0,1,0.0,1.0,-1.0,0.278,-0.018,0,54.9,-0.382,0
PID100398,CRPF,Constable/GD,20.7,False,not_applicable_unmarried,n/a,0.0,counter_naxal_lwe,5.6,31,17.0,0.548,61.4,0.242,71.8,32.5,0.0,0.0,0.0,2.0,3.0,-1.0,0,8.0,5.0,3.0,0.345,0.212,2,46.9,0.246,0
PID100399,CRPF,Constable/GD,13.4,True,separated_hardship_posting,nuclear,0.8,law_order_vip_duty,6.0,31,20.8,0.671,51.7,0.192,82.0,18.1,1.0,0.0,1.0,4.0,3.0,1.0,0,2.0,1.0,1.0,0.079,-0.008,0,25.6,0.017,0
PID100400,CRPF,Constable/GD,10.7,True,separated_hardship_posting,nuclear,1.587,counter_naxal_lwe,11.9,30,14.3,0.477,61.5,0.345,58.7,41.3,3.0,0.0,3.0,5.0,3.0,2.0,0,9.0,6.0,3.0,0.29,0.077,0,45.3,1.031,0
PID100401,CRPF,ASI/SI,17.0,True,with_family,nuclear,0.0,law_order_vip_duty,8.8,29,19.3,0.666,45.8,0.175,87.5,16.6,3.0,0.0,3.0,4.0,2.0,2.0,2,3.0,2.0,1.0,0.189,0.081,0,33.5,0.815,0
PID100402,CRPF,Head Constable,20.4,True,separated_hardship_posting,nuclear,0.133,law_order_vip_duty,1.0,31,25.6,0.826,47.3,0.116,81.5,7.8,5.0,0.0,5.0,4.0,3.0,1.0,1,1.0,0.0,1.0,0.2,0.052,0,73.4,0.628,0
PID100403,CRPF,Constable/GD,17.7,True,separated_hardship_posting,nuclear,5.2,counter_naxal_lwe,39.0,29,11.7,0.403,65.8,0.34,54.7,46.8,7.0,6.0,1.0,4.0,3.0,1.0,0,0.0,1.0,-1.0,1.0,0.213,1,60.8,1.007,1
PID100404,CRPF,Inspector+,3.1,True,with_family,joint,0.0,peace_training_static,4.3,31,26.9,0.868,51.5,0.074,88.5,16.7,2.0,3.0,-1.0,2.0,2.0,0.0,1,1.0,1.0,0.0,0.0,-0.02,0,27.5,-0.779,0
PID100405,CRPF,ASI/SI,17.1,True,with_family,nuclear,0.0,peace_training_static,2.5,31,29.1,0.939,44.3,0.169,91.3,9.2,3.0,1.0,2.0,2.0,1.0,1.0,0,4.0,3.0,1.0,0.153,-0.097,0,29.0,-0.421,0
PID100406,CRPF,Constable/GD,14.6,False,not_applicable_unmarried,n/a,0.0,counter_insurgency_jk_ne,1.9,30,20.7,0.69,54.3,0.331,68.0,39.6,0.0,0.0,0.0,4.0,2.0,2.0,0,0.0,1.0,-1.0,0.308,0.085,0,36.6,0.332,0
PID100407,CRPF,ASI/SI,6.8,False,not_applicable_unmarried,n/a,0.0,peace_training_static,7.9,32,30.1,0.941,38.9,0.237,92.4,15.2,4.0,0.0,4.0,4.0,3.0,1.0,0,2.0,0.0,2.0,0.01,-0.025,0,59.4,0.102,0
PID100408,CRPF,Constable/GD,14.6,True,with_family,joint,0.0,peace_training_static,4.7,28,25.0,0.893,49.8,0.127,83.7,20.0,7.0,7.0,0.0,2.0,3.0,-1.0,1,3.0,9.0,-6.0,0.278,0.007,0,56.5,-0.788,0
PID100409,CRPF,Inspector+,20.7,True,with_family,nuclear,0.0,counter_naxal_lwe,2.8,29,14.2,0.49,66.0,0.385,50.0,59.5,5.0,2.0,3.0,4.0,2.0,2.0,0,1.0,0.0,1.0,0.606,0.349,0,7.3,1.833,0
PID100410,CRPF,Head Constable,8.0,True,with_family,nuclear,0.0,law_order_vip_duty,20.9,29,24.5,0.845,40.8,0.198,90.2,13.6,1.0,1.0,0.0,3.0,2.0,1.0,1,0.0,0.0,0.0,0.205,0.113,0,46.3,0.018,0
PID100411,CRPF,Head Constable,18.4,True,separated_hardship_posting,nuclear,0.64,law_order_vip_duty,4.8,32,21.4,0.669,42.3,0.323,87.1,15.9,4.0,7.0,-3.0,2.0,3.0,-1.0,1,1.0,1.0,0.0,0.011,-0.087,0,57.4,-1.263,0
PID100412,CRPF,Constable/GD,13.5,False,not_applicable_unmarried,n/a,0.0,law_order_vip_duty,1.0,30,19.9,0.663,52.5,0.221,79.2,22.2,1.0,1.0,0.0,1.0,1.0,0.0,2,2.0,3.0,-1.0,0.263,0.113,0,36.8,0.022,0
PID100413,CRPF,ASI/SI,1.1,True,separated_hardship_posting,nuclear,2.453,peace_training_static,18.4,29,29.0,1.0,47.1,0.114,77.5,14.3,0.0,0.0,0.0,2.0,2.0,0.0,0,1.0,3.0,-2.0,0.786,0.092,0,48.3,-0.448,0
PID100414,CRPF,Constable/GD,11.1,True,separated_hardship_posting,nuclear,0.88,counter_insurgency_jk_ne,6.6,32,20.3,0.634,56.1,0.332,70.0,35.8,1.0,0.0,1.0,3.0,2.0,1.0,2,1.0,2.0,-1.0,0.189,0.027,0,68.5,0.168,0
PID100415,CRPF,Constable/GD,13.2,False,not_applicable_unmarried,n/a,0.0,counter_naxal_lwe,5.4,30,17.7,0.59,61.9,0.311,63.6,39.0,0.0,0.0,0.0,4.0,2.0,2.0,0,4.0,3.0,1.0,0.841,0.172,1,60.9,0.718,0
PID100416,CRPF,Constable/GD,9.4,True,separated_hardship_posting,nuclear,1.373,counter_insurgency_jk_ne,10.3,29,19.2,0.662,57.0,0.27,59.1,28.1,1.0,2.0,-1.0,2.0,1.0,1.0,0,0.0,0.0,0.0,0.174,-0.043,0,47.3,-0.386,0
PID100417,CRPF,Head Constable,13.8,True,with_family,nuclear,0.0,law_order_vip_duty,1.0,32,23.7,0.741,52.1,0.252,71.8,25.1,0.0,0.0,0.0,2.0,3.0,-1.0,2,2.0,0.0,2.0,0.271,0.006,0,45.1,-0.607,0
PID100418,CRPF,Constable/GD,10.4,True,separated_hardship_posting,joint,0.083,counter_naxal_lwe,1.0,28,11.1,0.396,58.4,0.394,66.9,44.1,0.0,1.0,-1.0,3.0,2.0,1.0,1,1.0,1.0,0.0,0.588,0.252,1,39.5,0.823,0
PID100419,CRPF,ASI/SI,34.3,True,separated_hardship_posting,nuclear,1.133,counter_naxal_lwe,8.5,32,18.4,0.575,62.0,0.386,68.7,29.0,1.0,1.0,0.0,1.0,2.0,-1.0,0,1.0,0.0,1.0,0.009,-0.026,0,48.4,-0.502,0
PID100420,CRPF,Head Constable,9.0,True,with_family,nuclear,0.0,counter_naxal_lwe,15.1,28,15.3,0.546,59.3,0.345,55.1,48.3,3.0,2.0,1.0,5.0,3.0,2.0,0,1.0,0.0,1.0,0.376,0.053,0,37.1,0.566,0
PID100421,CRPF,Constable/GD,6.9,False,not_applicable_unmarried,n/a,0.0,law_order_vip_duty,1.0,30,19.9,0.663,49.0,0.236,86.5,22.5,0.0,1.0,-1.0,1.0,1.0,0.0,0,0.0,0.0,0.0,0.168,0.041,0,55.8,-0.348,0
PID100422,CRPF,Constable/GD,17.9,True,separated_hardship_posting,nuclear,0.413,counter_naxal_lwe,3.1,30,13.2,0.44,54.5,0.408,56.4,36.8,0.0,1.0,-1.0,2.0,3.0,-1.0,0,15.0,6.0,9.0,0.402,0.084,1,24.6,-0.163,0
PID100423,CRPF,Constable/GD,9.7,True,separated_hardship_posting,nuclear,3.187,counter_naxal_lwe,23.9,32,17.5,0.547,61.3,0.284,73.6,38.3,2.0,6.0,-4.0,2.0,3.0,-1.0,0,0.0,1.0,-1.0,0.321,0.13,2,30.8,-0.616,0
PID100424,CRPF,Head Constable,10.8,True,separated_hardship_posting,joint,1.95,counter_naxal_lwe,23.4,32,13.5,0.422,65.2,0.35,56.8,51.9,1.0,4.0,-3.0,4.0,2.0,2.0,0,4.0,1.0,3.0,0.457,0.182,0,34.0,0.487,0
PID100425,CRPF,ASI/SI,10.2,True,separated_hardship_posting,joint,0.975,counter_insurgency_jk_ne,11.7,32,18.8,0.588,56.7,0.125,72.3,27.9,1.0,2.0,-1.0,2.0,2.0,0.0,0,6.0,3.0,3.0,0.325,-0.151,0,58.5,-0.835,0
PID100426,CRPF,Constable/GD,17.4,True,with_family,nuclear,0.0,counter_naxal_lwe,12.7,32,16.8,0.525,60.6,0.394,63.7,46.7,3.0,1.0,2.0,4.0,3.0,1.0,1,2.0,3.0,-1.0,0.489,0.109,0,52.0,0.702,0
PID100427,CRPF,ASI/SI,5.7,False,not_applicable_unmarried,n/a,0.0,counter_naxal_lwe,41.6,32,17.2,0.538,67.0,0.303,52.4,52.9,0.0,0.0,0.0,3.0,2.0,1.0,0,0.0,0.0,0.0,0.295,0.25,3,44.6,0.803,0
PID100428,CRPF,Constable/GD,18.4,True,separated_hardship_posting,joint,0.158,law_order_vip_duty,1.9,30,23.7,0.79,56.1,0.175,78.4,28.0,0.0,0.0,0.0,2.0,2.0,0.0,0,1.0,2.0,-1.0,0.469,-0.001,0,45.3,-0.474,0
PID100429,CRPF,ASI/SI,15.2,True,separated_hardship_posting,nuclear,1.4,counter_naxal_lwe,10.5,32,19.5,0.609,68.9,0.343,53.7,45.9,0.0,0.0,0.0,3.0,1.0,2.0,1,2.0,0.0,2.0,0.261,0.085,1,10.1,0.433,0
PID100430,CRPF,ASI/SI,28.3,True,with_family,joint,0.0,counter_naxal_lwe,9.7,31,14.9,0.481,71.0,0.387,27.6,60.9,2.0,0.0,2.0,5.0,2.0,3.0,0,1.0,0.0,1.0,0.192,0.158,2,49.8,1.33,1
PID100431,CRPF,Head Constable,12.6,True,separated_hardship_posting,joint,0.233,law_order_vip_duty,2.8,29,24.4,0.841,52.2,0.364,67.2,21.4,0.0,0.0,0.0,3.0,3.0,0.0,2,7.0,6.0,1.0,0.155,0.078,0,23.4,-0.298,0
PID100432,CRPF,Head Constable,6.0,True,with_family,joint,0.0,counter_naxal_lwe,9.5,32,16.9,0.528,57.4,0.257,71.7,34.8,1.0,1.0,0.0,4.0,4.0,0.0,0,2.0,1.0,1.0,0.218,-0.045,0,29.8,-0.289,0
PID100433,CRPF,ASI/SI,12.7,False,not_applicable_unmarried,n/a,0.0,counter_naxal_lwe,13.5,28,20.7,0.739,59.9,0.299,72.5,34.1,0.0,0.0,0.0,3.0,3.0,0.0,0,2.0,2.0,0.0,0.072,-0.009,0,86.6,-0.437,0
PID100434,CRPF,Constable/GD,13.6,True,separated_hardship_posting,joint,0.192,counter_insurgency_jk_ne,2.3,28,15.0,0.536,60.3,0.314,67.1,35.3,1.0,0.0,1.0,3.0,2.0,1.0,0,2.0,6.0,-4.0,0.687,0.216,2,47.2,0.854,0
PID100435,CRPF,Constable/GD,21.7,False,not_applicable_unmarried,n/a,0.0,counter_naxal_lwe,2.0,28,10.6,0.379,67.8,0.306,63.5,50.0,1.0,1.0,0.0,3.0,3.0,0.0,0,0.0,1.0,-1.0,0.424,0.142,1,41.8,0.455,0
PID100436,CRPF,Constable/GD,6.0,False,not_applicable_unmarried,n/a,0.0,counter_insurgency_jk_ne,28.2,30,20.5,0.683,53.8,0.35,65.5,26.9,2.0,0.0,2.0,3.0,1.0,2.0,0,0.0,1.0,-1.0,0.266,0.052,0,36.3,0.552,0
PID100437,CRPF,Constable/GD,4.0,True,separated_hardship_posting,nuclear,0.413,peace_training_static,3.1,28,26.5,0.946,47.0,0.11,92.3,12.9,0.0,0.0,0.0,2.0,2.0,0.0,1,2.0,1.0,1.0,0.422,-0.021,0,58.4,-0.722,0
PID100438,CRPF,Head Constable,12.9,True,with_family,nuclear,0.0,counter_insurgency_jk_ne,8.4,29,21.0,0.724,54.8,0.353,74.1,30.5,0.0,2.0,-2.0,2.0,2.0,0.0,0,3.0,3.0,0.0,0.181,-0.114,0,23.3,-1.044,0
PID100439,CRPF,Head Constable,29.0,False,not_applicable_unmarried,n/a,0.0,counter_insurgency_jk_ne,1.2,29,18.3,0.631,57.4,0.285,59.7,35.5,1.0,3.0,-2.0,1.0,1.0,0.0,1,0.0,0.0,0.0,0.434,0.117,0,31.2,-0.235,0
PID100440,CRPF,ASI/SI,16.5,False,not_applicable_unmarried,n/a,0.0,peace_training_static,6.8,29,29.0,1.0,45.4,0.153,94.5,12.9,0.0,2.0,-2.0,1.0,3.0,-2.0,0,2.0,2.0,0.0,0.0,-0.118,0,56.9,-1.815,0
PID100441,CRPF,Constable/GD,17.0,True,separated_hardship_posting,nuclear,1.693,counter_insurgency_jk_ne,12.7,28,16.2,0.579,59.5,0.243,70.8,43.7,1.0,1.0,0.0,4.0,3.0,1.0,0,3.0,2.0,1.0,0.267,0.099,0,39.6,0.295,0
PID100442,CRPF,Head Constable,4.7,True,separated_hardship_posting,joint,0.167,law_order_vip_duty,2.0,29,24.9,0.859,60.1,0.336,62.8,41.9,5.0,5.0,0.0,4.0,2.0,2.0,1,2.0,1.0,1.0,0.346,0.204,1,45.5,0.487,0
PID100443,CRPF,Constable/GD,11.7,True,with_family,nuclear,0.0,counter_insurgency_jk_ne,1.2,29,15.8,0.545,59.9,0.198,68.4,41.0,0.0,1.0,-1.0,2.0,1.0,1.0,1,3.0,1.0,2.0,0.219,0.096,0,30.5,0.175,1
PID100444,CRPF,Constable/GD,21.9,False,not_applicable_unmarried,n/a,0.0,law_order_vip_duty,13.9,31,24.7,0.797,50.3,0.178,75.3,29.0,0.0,1.0,-1.0,2.0,2.0,0.0,0,0.0,1.0,-1.0,0.148,-0.124,0,48.4,-1.008,0
PID100445,CRPF,Head Constable,13.7,False,not_applicable_unmarried,n/a,0.0,peace_training_static,17.4,30,29.0,0.967,43.6,0.035,98.4,9.0,2.0,0.0,2.0,2.0,2.0,0.0,0,4.0,2.0,2.0,0.057,-0.051,0,31.6,-0.531,0
PID100446,CRPF,Inspector+,3.8,False,not_applicable_unmarried,n/a,0.0,counter_naxal_lwe,10.5,29,18.4,0.634,61.2,0.398,62.6,33.8,0.0,0.0,0.0,4.0,4.0,0.0,1,5.0,2.0,3.0,0.223,0.098,0,15.4,0.012,0
PID100447,CRPF,Head Constable,11.5,True,with_family,nuclear,0.0,peace_training_static,28.0,28,27.5,0.982,42.5,0.152,94.7,7.2,0.0,0.0,0.0,3.0,3.0,0.0,1,0.0,0.0,0.0,0.055,-0.004,0,54.4,-0.714,0
PID100448,CRPF,Constable/GD,15.9,True,with_family,nuclear,0.0,counter_insurgency_jk_ne,8.0,30,8.3,0.277,58.6,0.227,70.9,27.7,0.0,1.0,-1.0,4.0,3.0,1.0,1,1.0,2.0,-1.0,0.263,0.032,0,26.1,0.304,0
PID100449,CRPF,Head Constable,1.0,False,not_applicable_unmarried,n/a,0.0,law_order_vip_duty,12.1,29,21.5,0.741,42.4,0.28,87.4,28.3,0.0,0.0,0.0,1.0,1.0,0.0,1,2.0,0.0,2.0,0.474,-0.023,0,20.5,-0.48,0
PID100450,CRPF,Constable/GD,10.8,True,with_family,joint,0.0,counter_insurgency_jk_ne,3.4,31,16.9,0.545,57.2,0.258,69.0,28.1,5.0,5.0,0.0,3.0,1.0,2.0,2,0.0,0.0,0.0,0.478,0.029,0,24.7,0.341,0
PID100451,CRPF,ASI/SI,6.5,False,not_applicable_unmarried,n/a,0.0,counter_naxal_lwe,2.4,29,14.8,0.51,61.5,0.373,67.9,33.7,1.0,3.0,-2.0,4.0,1.0,3.0,1,2.0,3.0,-1.0,0.352,0.151,0,40.4,0.654,0
PID100452,CRPF,Head Constable,18.2,True,with_family,nuclear,0.0,counter_naxal_lwe,16.7,32,16.7,0.522,57.4,0.387,69.0,23.3,3.0,2.0,1.0,2.0,2.0,0.0,0,0.0,2.0,-2.0,0.283,-0.023,0,28.3,-0.062,0
PID100453,CRPF,Constable/GD,8.8,False,not_applicable_unmarried,n/a,0.0,peace_training_static,5.4,28,28.0,1.0,44.5,0.105,91.9,4.6,0.0,2.0,-2.0,1.0,2.0,-1.0,0,1.0,1.0,0.0,0.429,0.015,0,67.3,-1.201,0
PID100454,CRPF,Constable/GD,14.5,True,with_family,nuclear,0.0,law_order_vip_duty,1.5,32,24.6,0.769,56.5,0.275,70.0,33.2,4.0,0.0,4.0,4.0,2.0,2.0,0,4.0,3.0,1.0,0.0,-0.035,0,56.2,0.495,0
PID100455,CRPF,Constable/GD,11.4,True,with_family,nuclear,0.0,peace_training_static,4.3,31,26.4,0.852,50.8,0.111,73.1,26.5,1.0,0.0,1.0,3.0,2.0,1.0,0,1.0,4.0,-3.0,0.333,0.046,0,41.3,-0.039,0
PID100456,CRPF,Inspector+,8.6,True,separated_hardship_posting,nuclear,0.68,counter_naxal_lwe,5.1,31,12.6,0.406,59.9,0.37,51.4,38.3,2.0,1.0,1.0,4.0,4.0,0.0,0,0.0,0.0,0.0,0.234,0.052,1,25.7,0.305,0
PID100457,CRPF,Constable/GD,30.7,False,not_applicable_unmarried,n/a,0.0,counter_naxal_lwe,13.3,32,22.2,0.694,64.1,0.334,57.9,51.1,1.0,1.0,0.0,4.0,2.0,2.0,0,1.0,0.0,1.0,0.332,0.083,0,54.0,0.322,0
PID100458,CRPF,Head Constable,8.0,True,separated_hardship_posting,nuclear,3.613,counter_naxal_lwe,27.1,30,14.6,0.487,56.0,0.238,80.5,28.1,4.0,0.0,4.0,3.0,1.0,2.0,0,0.0,1.0,-1.0,0.403,-0.007,0,44.4,0.919,0
PID100459,CRPF,Head Constable,11.9,False,not_applicable_unmarried,n/a,0.0,counter_naxal_lwe,1.2,31,16.7,0.539,60.8,0.343,59.2,39.3,1.0,1.0,0.0,4.0,3.0,1.0,1,1.0,1.0,0.0,0.343,0.15,1,29.2,0.5,0
PID100460,CRPF,Head Constable,11.3,True,with_family,nuclear,0.0,counter_insurgency_jk_ne,43.9,30,24.4,0.813,58.9,0.248,65.3,36.3,0.0,2.0,-2.0,3.0,1.0,2.0,1,4.0,3.0,1.0,0.625,0.032,0,43.3,-0.283,0
PID100461,CRPF,Constable/GD,12.7,True,with_family,joint,0.0,peace_training_static,36.2,31,26.0,0.839,52.1,0.204,72.7,32.4,2.0,0.0,2.0,2.0,2.0,0.0,1,2.0,1.0,1.0,0.24,0.024,0,42.9,-0.15,0
PID100462,CRPF,ASI/SI,29.5,True,with_family,nuclear,0.0,peace_training_static,5.0,30,26.2,0.873,50.8,0.038,78.9,17.7,0.0,0.0,0.0,1.0,2.0,-1.0,0,0.0,2.0,-2.0,0.239,0.146,1,28.3,-0.344,0
PID100463,CRPF,Constable/GD,15.9,False,not_applicable_unmarried,n/a,0.0,counter_insurgency_jk_ne,17.4,32,19.9,0.622,58.8,0.374,58.9,35.2,1.0,2.0,-1.0,2.0,1.0,1.0,1,1.0,0.0,1.0,0.119,0.099,1,18.8,0.091,0
PID100464,CRPF,Head Constable,8.6,False,not_applicable_unmarried,n/a,0.0,counter_naxal_lwe,9.0,29,11.1,0.383,58.4,0.339,67.9,39.1,0.0,1.0,-1.0,3.0,2.0,1.0,2,5.0,3.0,2.0,0.311,0.205,1,57.8,0.698,0
PID100465,CRPF,Head Constable,24.6,False,not_applicable_unmarried,n/a,0.0,law_order_vip_duty,2.5,31,18.1,0.584,57.4,0.244,68.1,35.1,1.0,0.0,1.0,3.0,2.0,1.0,1,1.0,1.0,0.0,0.217,0.12,1,50.6,0.508,0
PID100466,CRPF,Head Constable,17.4,False,not_applicable_unmarried,n/a,0.0,law_order_vip_duty,5.9,28,19.6,0.7,50.6,0.137,79.6,19.1,2.0,2.0,0.0,2.0,1.0,1.0,0,2.0,0.0,2.0,0.201,-0.029,0,37.7,-0.235,0
PID100467,CRPF,ASI/SI,8.7,True,separated_hardship_posting,nuclear,0.227,law_order_vip_duty,1.7,28,19.7,0.704,53.8,0.201,73.0,32.0,0.0,0.0,0.0,3.0,2.0,1.0,0,1.0,1.0,0.0,0.217,-0.023,0,47.7,-0.222,0
PID100468,CRPF,Constable/GD,22.5,False,not_applicable_unmarried,n/a,0.0,counter_insurgency_jk_ne,6.2,31,19.0,0.613,57.5,0.26,71.8,21.3,0.0,0.0,0.0,2.0,3.0,-1.0,1,0.0,0.0,0.0,0.109,-0.015,0,53.2,-0.516,0
PID100469,CRPF,Constable/GD,4.7,True,separated_hardship_posting,nuclear,1.093,counter_naxal_lwe,8.2,29,13.0,0.448,70.0,0.476,50.3,59.2,4.0,1.0,3.0,4.0,3.0,1.0,1,9.0,3.0,6.0,0.478,0.108,2,33.6,0.945,1
PID100470,CRPF,Constable/GD,5.6,True,separated_hardship_posting,nuclear,0.133,counter_naxal_lwe,1.0,28,16.7,0.596,59.6,0.309,54.9,44.5,1.0,0.0,1.0,4.0,3.0,1.0,0,1.0,0.0,1.0,0.441,-0.011,0,34.9,0.098,0
PID100471,CRPF,Constable/GD,3.6,True,with_family,nuclear,0.0,peace_training_static,25.6,31,21.4,0.69,49.7,0.189,77.2,14.0,0.0,0.0,0.0,1.0,2.0,-1.0,0,0.0,0.0,0.0,0.137,0.015,0,66.0,-0.519,0
PID100472,CRPF,Constable/GD,2.5,True,separated_hardship_posting,nuclear,0.907,law_order_vip_duty,6.8,31,23.0,0.742,51.7,0.29,75.0,19.5,4.0,3.0,1.0,2.0,1.0,1.0,0,0.0,0.0,0.0,0.315,0.095,0,30.0,0.242,0
PID100473,CRPF,Constable/GD,21.7,False,not_applicable_unmarried,n/a,0.0,peace_training_static,9.9,31,29.0,0.935,48.3,0.188,86.0,22.6,2.0,1.0,1.0,3.0,3.0,0.0,2,1.0,1.0,0.0,0.122,-0.022,0,68.1,-0.559,0
PID100474,CRPF,Constable/GD,12.8,True,with_family,nuclear,0.0,counter_naxal_lwe,11.9,30,17.5,0.583,68.5,0.314,56.9,55.2,1.0,2.0,-1.0,4.0,2.0,2.0,1,2.0,5.0,-3.0,0.417,0.044,1,90.2,0.184,0
PID100475,CRPF,Constable/GD,3.9,False,not_applicable_unmarried,n/a,0.0,counter_insurgency_jk_ne,21.0,32,18.7,0.584,50.0,0.408,77.6,34.9,1.0,0.0,1.0,3.0,2.0,1.0,0,0.0,1.0,-1.0,0.238,-0.03,0,43.9,0.056,0
PID100476,CRPF,Constable/GD,11.2,False,not_applicable_unmarried,n/a,0.0,counter_naxal_lwe,4.7,28,13.4,0.479,61.7,0.471,48.8,45.7,2.0,1.0,1.0,4.0,4.0,0.0,2,1.0,1.0,0.0,0.068,0.01,0,14.2,0.09,0
PID100477,CRPF,Head Constable,18.7,True,with_family,nuclear,0.0,peace_training_static,20.4,28,24.6,0.879,42.4,0.142,94.2,9.2,5.0,4.0,1.0,1.0,3.0,-2.0,0,0.0,2.0,-2.0,0.68,0.136,0,38.5,-0.44,0
PID100478,CRPF,Head Constable,7.2,True,separated_hardship_posting,nuclear,0.667,counter_naxal_lwe,5.0,29,19.7,0.679,63.8,0.322,73.2,42.4,1.0,1.0,0.0,3.0,3.0,0.0,0,3.0,5.0,-2.0,0.279,0.047,1,41.1,-0.193,0
PID100479,CRPF,Constable/GD,9.4,True,separated_hardship_posting,nuclear,1.973,law_order_vip_duty,14.8,32,22.2,0.694,54.8,0.168,77.3,17.3,5.0,1.0,4.0,4.0,1.0,3.0,0,2.0,3.0,-1.0,0.054,0.034,0,38.8,1.005,0
PID100480,CRPF,Constable/GD,31.5,True,separated_hardship_posting,joint,0.083,counter_naxal_lwe,1.0,31,20.0,0.645,60.1,0.378,63.3,41.9,8.0,7.0,1.0,3.0,2.0,1.0,0,3.0,4.0,-1.0,0.384,0.151,0,59.5,0.528,0
PID100481,CRPF,Constable/GD,9.9,False,not_applicable_unmarried,n/a,0.0,counter_naxal_lwe,20.0,30,19.9,0.663,59.9,0.354,67.1,39.9,2.0,0.0,2.0,4.0,3.0,1.0,1,2.0,0.0,2.0,0.803,0.009,0,32.7,0.232,1
PID100482,CRPF,Head Constable,4.1,True,with_family,nuclear,0.0,counter_naxal_lwe,7.7,32,12.4,0.388,62.8,0.361,57.2,48.6,10.0,4.0,6.0,4.0,3.0,1.0,0,5.0,4.0,1.0,0.22,0.184,0,46.8,1.711,0
PID100483,CRPF,Constable/GD,8.2,True,with_family,nuclear,0.0,counter_insurgency_jk_ne,2.0,32,18.8,0.588,52.9,0.219,71.4,24.1,6.0,3.0,3.0,4.0,2.0,2.0,0,2.0,4.0,-2.0,0.035,-0.003,1,46.0,0.655,0
PID100484,CRPF,Constable/GD,3.7,True,with_family,nuclear,0.0,peace_training_static,41.3,28,22.3,0.796,47.3,0.122,87.4,20.5,1.0,1.0,0.0,2.0,2.0,0.0,2,4.0,0.0,4.0,0.183,0.077,0,46.5,-0.246,0
PID100485,CRPF,Constable/GD,16.6,True,with_family,nuclear,0.0,peace_training_static,10.5,30,22.5,0.75,42.7,0.189,79.5,14.0,2.0,1.0,1.0,2.0,3.0,-1.0,0,7.0,6.0,1.0,0.151,0.012,0,25.9,-0.446,0
PID100486,CRPF,Constable/GD,6.5,True,separated_hardship_posting,nuclear,0.8,law_order_vip_duty,6.0,32,26.4,0.825,54.9,0.269,75.2,38.1,0.0,2.0,-2.0,4.0,3.0,1.0,1,1.0,1.0,0.0,0.616,0.027,0,53.9,-0.527,0
PID100487,CRPF,Constable/GD,6.4,True,separated_hardship_posting,nuclear,0.813,counter_insurgency_jk_ne,6.1,28,18.2,0.65,52.7,0.275,78.4,30.4,1.0,5.0,-4.0,1.0,1.0,0.0,1,1.0,0.0,1.0,0.168,-0.046,0,24.9,-1.059,0
PID100488,CRPF,Head Constable,33.1,True,separated_hardship_posting,nuclear,0.44,law_order_vip_duty,3.3,28,21.8,0.779,49.7,0.213,71.2,24.9,1.0,0.0,1.0,3.0,1.0,2.0,1,5.0,4.0,1.0,0.274,-0.066,0,45.9,-0.074,0
PID100489,CRPF,Head Constable,5.2,False,not_applicable_unmarried,n/a,0.0,counter_naxal_lwe,5.3,29,12.7,0.438,59.0,0.262,69.6,29.0,0.0,0.0,0.0,2.0,2.0,0.0,0,5.0,3.0,2.0,0.462,0.119,0,47.6,0.314,0
PID100490,CRPF,Head Constable,4.5,True,with_family,nuclear,0.0,peace_training_static,5.5,32,29.4,0.919,44.8,0.08,90.2,3.2,5.0,0.0,5.0,3.0,1.0,2.0,0,1.0,3.0,-2.0,0.31,0.028,0,25.0,0.656,0
PID100491,CRPF,Head Constable,5.8,True,with_family,nuclear,0.0,law_order_vip_duty,1.0,29,17.8,0.614,57.5,0.2,81.6,36.5,0.0,0.0,0.0,3.0,2.0,1.0,0,1.0,1.0,0.0,0.442,0.008,0,23.8,-0.019,0
PID100492,CRPF,Head Constable,19.1,True,separated_hardship_posting,joint,1.033,counter_insurgency_jk_ne,12.4,31,18.8,0.606,61.4,0.338,70.8,43.7,1.0,0.0,1.0,3.0,3.0,0.0,1,0.0,0.0,0.0,0.083,0.063,0,34.7,0.095,0
PID100493,CRPF,Constable/GD,15.4,True,separated_hardship_posting,joint,0.083,counter_naxal_lwe,1.0,29,14.0,0.483,60.1,0.308,70.6,35.7,2.0,1.0,1.0,3.0,3.0,0.0,0,2.0,6.0,-4.0,0.483,0.115,0,56.7,0.4,0
PID100494,CRPF,Head Constable,8.2,True,separated_hardship_posting,nuclear,0.52,counter_naxal_lwe,3.9,31,20.2,0.652,60.1,0.288,73.6,33.7,0.0,0.0,0.0,3.0,3.0,0.0,0,1.0,3.0,-2.0,0.073,-0.036,0,46.4,-0.412,0
PID100495,CRPF,Constable/GD,7.7,False,not_applicable_unmarried,n/a,0.0,counter_naxal_lwe,9.5,32,16.5,0.516,65.5,0.395,54.0,50.5,1.0,0.0,1.0,3.0,2.0,1.0,1,2.0,0.0,2.0,0.138,0.085,0,55.7,0.486,0
PID100496,CRPF,Constable/GD,14.7,True,separated_hardship_posting,joint,1.725,peace_training_static,20.7,28,25.9,0.925,41.3,0.095,96.3,0.0,0.0,0.0,0.0,1.0,2.0,-1.0,0,7.0,5.0,2.0,0.298,-0.142,0,56.9,-1.274,0
PID100497,CRPF,Head Constable,13.1,True,with_family,nuclear,0.0,law_order_vip_duty,2.5,29,22.5,0.776,52.1,0.17,78.4,20.5,0.0,1.0,-1.0,2.0,2.0,0.0,0,1.0,0.0,1.0,0.606,0.057,0,51.2,-0.436,0
PID100498,CRPF,Constable/GD,10.3,True,separated_hardship_posting,nuclear,2.013,counter_insurgency_jk_ne,15.1,30,17.8,0.593,55.6,0.349,62.9,38.8,0.0,3.0,-3.0,3.0,4.0,-1.0,0,2.0,0.0,2.0,0.165,0.046,0,39.5,-0.771,0
PID100499,CRPF,Constable/GD,15.7,True,with_family,joint,0.0,counter_insurgency_jk_ne,22.4,28,17.1,0.611,57.3,0.328,68.3,39.2,1.0,1.0,0.0,3.0,2.0,1.0,0,2.0,1.0,1.0,0.386,0.026,0,0.0,0.038,0
PID100500,CRPF,Head Constable,5.5,True,separated_hardship_posting,nuclear,3.533,law_order_vip_duty,26.5,31,24.2,0.781,55.2,0.208,74.5,26.3,2.0,1.0,1.0,3.0,2.0,1.0,0,3.0,1.0,2.0,0.31,0.016,0,50.3,-0.044,0
PID100501,CRPF,ASI/SI,6.6,False,not_applicable_unmarried,n/a,0.0,counter_naxal_lwe,41.0,29,13.3,0.459,59.3,0.329,64.4,46.5,1.0,0.0,1.0,4.0,1.0,3.0,0,2.0,0.0,2.0,0.393,0.161,1,75.2,1.211,1
PID100502,CRPF,ASI/SI,16.2,False,not_applicable_unmarried,n/a,0.0,counter_naxal_lwe,1.6,28,16.6,0.593,65.9,0.373,56.2,53.9,5.0,0.0,5.0,5.0,3.0,2.0,0,1.0,0.0,1.0,0.37,0.074,0,28.9,1.19,0
PID100503,CRPF,Constable/GD,13.7,True,separated_hardship_posting,nuclear,0.133,law_order_vip_duty,1.0,31,25.8,0.832,60.8,0.252,67.4,33.1,4.0,1.0,3.0,4.0,1.0,3.0,0,2.0,3.0,-1.0,0.271,-0.028,0,39.4,0.497,0
PID100504,CRPF,Constable/GD,2.4,False,not_applicable_unmarried,n/a,0.0,counter_naxal_lwe,30.7,28,16.6,0.593,64.4,0.363,64.0,38.5,1.0,1.0,0.0,3.0,2.0,1.0,1,0.0,1.0,-1.0,0.378,0.111,0,66.7,0.315,0
PID100505,CRPF,Head Constable,11.6,True,separated_hardship_posting,joint,0.342,counter_naxal_lwe,4.1,29,14.9,0.514,61.7,0.357,58.3,46.3,3.0,1.0,2.0,5.0,3.0,2.0,1,2.0,0.0,2.0,0.411,0.145,0,48.0,1.037,0
PID100506,CRPF,Constable/GD,32.5,True,with_family,nuclear,0.0,counter_insurgency_jk_ne,48.0,28,17.3,0.618,62.6,0.264,56.9,39.6,1.0,0.0,1.0,3.0,2.0,1.0,0,13.0,7.0,6.0,0.163,0.143,0,47.1,0.537,0
PID100507,CRPF,ASI/SI,17.6,False,not_applicable_unmarried,n/a,0.0,counter_naxal_lwe,13.5,28,14.3,0.511,57.6,0.317,72.0,31.3,0.0,0.0,0.0,3.0,4.0,-1.0,2,1.0,1.0,0.0,0.506,0.11,0,33.7,-0.015,0
PID100508,CRPF,Constable/GD,8.3,True,with_family,nuclear,0.0,peace_training_static,35.2,30,26.6,0.887,52.1,0.11,87.4,19.9,0.0,0.0,0.0,3.0,2.0,1.0,0,2.0,2.0,0.0,0.164,0.035,0,44.3,-0.27,0
PID100509,CRPF,Constable/GD,7.0,True,with_family,nuclear,0.0,peace_training_static,9.8,32,25.2,0.788,43.0,0.062,96.4,9.4,1.0,2.0,-1.0,1.0,2.0,-1.0,2,5.0,4.0,1.0,0.255,-0.127,0,43.0,-1.22,0
PID100510,CRPF,Constable/GD,14.1,True,with_family,joint,0.0,peace_training_static,23.4,29,29.0,1.0,54.7,0.055,74.8,26.9,0.0,0.0,0.0,3.0,1.0,2.0,1,1.0,1.0,0.0,0.554,0.128,0,46.2,0.09,0
PID100511,CRPF,ASI/SI,21.6,True,with_family,nuclear,0.0,peace_training_static,4.7,29,29.0,1.0,43.1,0.115,91.2,9.1,2.0,3.0,-1.0,2.0,3.0,-1.0,0,0.0,0.0,0.0,0.391,0.011,0,22.8,-1.058,0
PID100512,CRPF,Constable/GD,3.3,True,separated_hardship_posting,nuclear,1.667,counter_naxal_lwe,12.5,32,15.5,0.484,64.6,0.409,58.3,36.4,0.0,2.0,-2.0,2.0,3.0,-1.0,0,3.0,3.0,0.0,0.378,0.151,0,76.2,-0.169,0
PID100513,CRPF,Constable/GD,13.5,False,not_applicable_unmarried,n/a,0.0,counter_insurgency_jk_ne,14.9,32,21.6,0.675,51.8,0.176,73.6,28.7,1.0,0.0,1.0,4.0,3.0,1.0,1,0.0,0.0,0.0,0.316,0.126,1,40.3,0.416,0
PID100514,CRPF,Constable/GD,9.3,True,with_family,joint,0.0,law_order_vip_duty,1.0,29,26.1,0.9,51.1,0.197,75.3,19.4,1.0,2.0,-1.0,2.0,2.0,0.0,0,0.0,0.0,0.0,0.308,0.023,1,25.0,-0.687,0
PID100515,CRPF,Constable/GD,12.8,False,not_applicable_unmarried,n/a,0.0,counter_naxal_lwe,3.2,28,12.5,0.446,57.7,0.366,65.0,39.4,0.0,3.0,-3.0,3.0,2.0,1.0,0,2.0,2.0,0.0,0.44,-0.023,0,29.4,-0.372,0
PID100516,CRPF,Constable/GD,4.3,True,with_family,nuclear,0.0,peace_training_static,43.2,31,21.4,0.69,40.2,0.184,99.5,5.2,0.0,1.0,-1.0,1.0,2.0,-1.0,1,4.0,0.0,4.0,0.377,-0.157,0,23.4,-1.192,0
PID100517,CRPF,Head Constable,21.6,True,with_family,nuclear,0.0,counter_naxal_lwe,20.3,31,21.6,0.697,66.8,0.458,53.6,64.0,1.0,0.0,1.0,4.0,2.0,2.0,0,1.0,2.0,-1.0,0.171,0.038,0,36.2,0.338,0
PID100518,CRPF,Constable/GD,24.9,True,with_family,nuclear,0.0,counter_insurgency_jk_ne,5.0,32,19.2,0.6,53.1,0.285,70.8,39.5,0.0,0.0,0.0,2.0,1.0,1.0,0,7.0,3.0,4.0,0.333,-0.023,0,35.2,-0.098,0
PID100519,CRPF,ASI/SI,16.7,True,with_family,joint,0.0,law_order_vip_duty,2.6,31,21.7,0.7,49.1,0.338,75.3,23.3,0.0,0.0,0.0,1.0,2.0,-1.0,0,0.0,1.0,-1.0,0.469,0.09,0,54.8,-0.304,0
PID100520,CRPF,ASI/SI,27.6,True,with_family,joint,0.0,peace_training_static,1.0,32,28.9,0.903,42.6,0.147,87.3,3.5,1.0,0.0,1.0,2.0,3.0,-1.0,0,4.0,0.0,4.0,0.234,0.051,0,20.8,-0.513,0
PID100521,CRPF,Constable/GD,9.0,True,separated_hardship_posting,nuclear,1.36,law_order_vip_duty,10.2,28,19.9,0.711,56.6,0.269,68.5,26.6,2.0,2.0,0.0,2.0,2.0,0.0,0,2.0,0.0,2.0,0.367,0.023,0,19.2,-0.305,0
PID100522,CRPF,Constable/GD,13.3,True,with_family,joint,0.0,law_order_vip_duty,1.0,28,28.0,1.0,56.1,0.156,80.4,27.4,0.0,1.0,-1.0,1.0,1.0,0.0,1,0.0,1.0,-1.0,0.337,-0.017,0,9.8,-0.93,0
PID100523,CRPF,Head Constable,16.9,True,with_family,nuclear,0.0,counter_naxal_lwe,1.0,31,15.5,0.5,67.1,0.377,43.6,50.4,0.0,0.0,0.0,4.0,1.0,3.0,0,3.0,2.0,1.0,0.486,0.295,2,45.4,1.409,0
PID100524,CRPF,Constable/GD,14.2,False,not_applicable_unmarried,n/a,0.0,law_order_vip_duty,16.7,31,24.2,0.781,48.9,0.274,87.1,15.0,2.0,0.0,2.0,1.0,1.0,0.0,1,0.0,0.0,0.0,0.352,-0.012,0,50.2,-0.189,0
PID100525,CRPF,Constable/GD,9.8,True,separated_hardship_posting,nuclear,0.427,law_order_vip_duty,3.2,29,25.6,0.883,57.4,0.179,86.8,23.8,0.0,0.0,0.0,3.0,1.0,2.0,0,1.0,2.0,-1.0,0.192,-0.118,0,0.0,-0.512,0
PID100526,CRPF,Inspector+,10.4,True,with_family,nuclear,0.0,counter_insurgency_jk_ne,1.7,30,21.9,0.73,54.8,0.144,78.9,27.0,1.0,0.0,1.0,2.0,2.0,0.0,2,9.0,5.0,4.0,0.049,-0.032,0,46.3,-0.34,0
PID100527,CRPF,Inspector+,23.6,True,separated_hardship_posting,nuclear,0.52,law_order_vip_duty,3.9,29,25.0,0.862,49.0,0.229,76.0,21.7,4.0,3.0,1.0,2.0,2.0,0.0,0,0.0,3.0,-3.0,0.58,0.057,0,29.3,-0.232,0
PID100528,CRPF,Head Constable,11.3,True,with_family,nuclear,0.0,counter_naxal_lwe,3.5,28,14.1,0.504,59.2,0.337,72.4,34.2,3.0,7.0,-4.0,1.0,1.0,0.0,0,1.0,0.0,1.0,0.375,0.121,0,55.6,-0.377,0
PID100529,CRPF,Constable/GD,20.9,True,separated_hardship_posting,joint,0.308,counter_naxal_lwe,3.7,32,17.1,0.534,59.4,0.431,63.1,40.2,1.0,1.0,0.0,4.0,2.0,2.0,0,0.0,0.0,0.0,0.034,-0.075,1,68.8,0.041,0
PID100530,CRPF,Head Constable,11.0,False,not_applicable_unmarried,n/a,0.0,peace_training_static,1.0,32,22.3,0.697,45.6,0.088,87.2,10.8,0.0,0.0,0.0,2.0,3.0,-1.0,0,0.0,0.0,0.0,0.146,-0.022,0,14.3,-0.637,0
PID100531,CRPF,Head Constable,20.9,True,with_family,nuclear,0.0,counter_naxal_lwe,1.3,32,17.4,0.544,58.6,0.308,61.4,39.0,2.0,3.0,-1.0,3.0,1.0,2.0,0,0.0,0.0,0.0,0.658,0.215,1,31.3,0.748,0
PID100532,CRPF,Constable/GD,12.0,True,with_family,nuclear,0.0,law_order_vip_duty,6.3,30,22.6,0.753,52.9,0.15,77.4,24.7,4.0,5.0,-1.0,2.0,2.0,0.0,0,1.0,1.0,0.0,0.259,-0.062,0,55.5,-0.766,0
PID100533,CRPF,Head Constable,16.1,True,separated_hardship_posting,joint,0.525,counter_insurgency_jk_ne,6.3,28,19.0,0.679,47.6,0.262,82.3,11.8,2.0,1.0,1.0,3.0,1.0,2.0,0,2.0,3.0,-1.0,0.239,-0.071,0,55.5,0.031,0
PID100534,CRPF,Constable/GD,7.5,True,separated_hardship_posting,nuclear,0.507,peace_training_static,3.8,30,30.0,1.0,46.9,0.28,86.6,19.6,0.0,0.0,0.0,3.0,3.0,0.0,0,3.0,5.0,-2.0,0.266,0.004,0,37.8,-0.712,0
PID100535,CRPF,Constable/GD,13.3,True,separated_hardship_posting,joint,2.908,counter_naxal_lwe,34.9,31,19.2,0.619,57.6,0.255,72.1,30.8,1.0,2.0,-1.0,3.0,2.0,1.0,0,0.0,0.0,0.0,0.558,0.133,0,53.9,0.196,0
PID100536,CRPF,Constable/GD,7.6,False,not_applicable_unmarried,n/a,0.0,counter_naxal_lwe,32.5,28,18.6,0.664,59.3,0.27,70.7,30.1,0.0,0.0,0.0,3.0,2.0,1.0,0,2.0,2.0,0.0,0.425,-0.102,0,47.1,-0.412,0
PID100537,CRPF,Constable/GD,8.9,True,with_family,nuclear,0.0,peace_training_static,2.1,28,25.1,0.896,43.4,0.117,89.6,7.7,1.0,1.0,0.0,1.0,3.0,-2.0,1,5.0,1.0,4.0,0.507,0.028,0,54.7,-0.942,0
PID100538,CRPF,Constable/GD,9.4,True,separated_hardship_posting,joint,1.925,law_order_vip_duty,23.1,32,27.9,0.872,55.8,0.338,74.2,38.5,0.0,0.0,0.0,3.0,2.0,1.0,1,3.0,3.0,0.0,0.361,-0.03,0,55.8,-0.448,0
PID100539,CRPF,ASI/SI,10.3,False,not_applicable_unmarried,n/a,0.0,counter_insurgency_jk_ne,21.7,28,16.8,0.6,60.0,0.344,63.0,44.1,1.0,0.0,1.0,4.0,4.0,0.0,0,0.0,0.0,0.0,0.23,-0.035,0,38.1,-0.192,0
PID100540,CRPF,Inspector+,19.6,True,with_family,nuclear,0.0,counter_insurgency_jk_ne,15.2,30,21.4,0.713,57.3,0.393,76.3,35.9,0.0,1.0,-1.0,1.0,2.0,-1.0,0,2.0,3.0,-1.0,0.387,0.002,0,52.5,-0.74,0
PID100541,CRPF,Head Constable,8.7,False,not_applicable_unmarried,n/a,0.0,counter_insurgency_jk_ne,24.8,28,19.2,0.686,55.1,0.277,68.4,27.2,0.0,0.0,0.0,2.0,2.0,0.0,4,5.0,9.0,-4.0,0.096,-0.033,0,38.3,-0.446,0
PID100542,CRPF,ASI/SI,12.5,False,not_applicable_unmarried,n/a,0.0,peace_training_static,7.1,28,26.4,0.943,49.1,0.037,90.9,5.9,0.0,1.0,-1.0,2.0,2.0,0.0,0,2.0,2.0,0.0,0.424,0.006,0,53.1,-0.791,0
PID100543,CRPF,Inspector+,20.9,True,with_family,joint,0.0,law_order_vip_duty,8.0,31,18.6,0.6,59.2,0.193,84.3,24.6,0.0,0.0,0.0,3.0,3.0,0.0,0,2.0,3.0,-1.0,0.321,-0.052,0,28.9,-0.397,0
PID100544,CRPF,Constable/GD,15.9,True,separated_hardship_posting,nuclear,2.8,peace_training_static,21.0,28,28.0,1.0,45.9,0.113,95.2,10.7,3.0,1.0,2.0,3.0,1.0,2.0,2,0.0,0.0,0.0,0.082,-0.014,0,46.7,-0.032,0
PID100545,CRPF,Constable/GD,3.3,False,not_applicable_unmarried,n/a,0.0,peace_training_static,15.7,31,29.0,0.935,39.6,0.121,99.6,3.9,0.0,1.0,-1.0,2.0,3.0,-1.0,1,0.0,1.0,-1.0,0.196,-0.061,0,46.4,-1.196,0
PID100546,CRPF,Constable/GD,4.2,True,separated_hardship_posting,nuclear,0.427,counter_insurgency_jk_ne,3.2,32,21.3,0.666,55.2,0.287,73.6,27.5,0.0,0.0,0.0,3.0,1.0,2.0,0,5.0,2.0,3.0,0.469,0.108,0,54.2,0.433,0
PID100547,CRPF,Constable/GD,14.3,True,separated_hardship_posting,nuclear,0.133,law_order_vip_duty,1.0,30,23.4,0.78,54.2,0.255,74.5,32.9,0.0,0.0,0.0,2.0,1.0,1.0,0,0.0,0.0,0.0,0.0,-0.093,0,38.3,-0.527,0
PID100548,CRPF,Head Constable,8.4,True,separated_hardship_posting,nuclear,0.413,law_order_vip_duty,3.1,28,22.5,0.804,50.2,0.177,80.7,22.5,1.0,0.0,1.0,3.0,2.0,1.0,2,0.0,3.0,-3.0,0.039,-0.001,0,25.9,-0.124,0
PID100549,CRPF,Constable/GD,3.8,False,not_applicable_unmarried,n/a,0.0,peace_training_static,1.0,32,32.0,1.0,42.6,0.064,91.2,0.0,1.0,0.0,1.0,2.0,2.0,0.0,0,1.0,3.0,-2.0,0.275,-0.041,0,38.9,-0.695,0
PID100550,CRPF,Constable/GD,8.1,True,with_family,nuclear,0.0,law_order_vip_duty,8.7,29,20.3,0.7,48.4,0.148,75.6,19.7,1.0,0.0,1.0,2.0,1.0,1.0,0,0.0,2.0,-2.0,0.093,-0.032,0,18.3,-0.091,0
PID100551,CRPF,Constable/GD,14.6,True,with_family,nuclear,0.0,counter_naxal_lwe,10.3,31,18.5,0.597,62.4,0.362,64.7,46.4,0.0,0.0,0.0,3.0,1.0,2.0,0,2.0,2.0,0.0,0.505,0.095,2,33.7,0.475,0
PID100552,CRPF,Constable/GD,9.3,True,with_family,nuclear,0.0,peace_training_static,14.6,28,22.9,0.818,39.9,0.126,85.7,8.4,0.0,0.0,0.0,3.0,1.0,2.0,0,1.0,0.0,1.0,0.452,-0.058,0,16.4,-0.252,0
PID100553,CRPF,ASI/SI,11.8,True,separated_hardship_posting,nuclear,0.36,law_order_vip_duty,2.7,28,22.7,0.811,51.9,0.285,79.4,28.8,0.0,0.0,0.0,3.0,1.0,2.0,2,3.0,1.0,2.0,0.0,-0.08,0,41.2,-0.31,0
PID100554,CRPF,Constable/GD,9.8,True,with_family,nuclear,0.0,peace_training_static,25.4,31,28.7,0.926,46.4,0.213,82.6,16.0,0.0,0.0,0.0,3.0,3.0,0.0,2,0.0,3.0,-3.0,0.249,0.111,0,56.5,-0.3,0
PID100555,CRPF,Constable/GD,7.4,True,with_family,nuclear,0.0,counter_insurgency_jk_ne,26.3,29,15.5,0.534,56.2,0.228,67.3,31.3,0.0,0.0,0.0,3.0,2.0,1.0,3,1.0,0.0,1.0,0.637,0.009,0,54.1,0.079,0
PID100556,CRPF,Constable/GD,13.1,True,with_family,nuclear,0.0,counter_insurgency_jk_ne,5.3,30,18.3,0.61,53.8,0.301,81.2,27.6,1.0,0.0,1.0,2.0,2.0,0.0,1,0.0,1.0,-1.0,0.152,0.079,0,14.6,0.138,0
PID100557,CRPF,Constable/GD,3.5,True,with_family,nuclear,0.0,law_order_vip_duty,28.5,30,20.8,0.693,56.1,0.208,65.3,32.3,1.0,2.0,-1.0,3.0,2.0,1.0,3,1.0,1.0,0.0,0.0,-0.065,0,43.8,-0.488,0
PID100558,CRPF,Head Constable,6.8,True,with_family,nuclear,0.0,law_order_vip_duty,10.1,28,19.9,0.711,46.7,0.128,83.5,11.9,0.0,0.0,0.0,2.0,3.0,-1.0,0,2.0,2.0,0.0,0.236,0.065,0,77.6,-0.392,0
PID100559,CRPF,Constable/GD,17.6,True,separated_hardship_posting,nuclear,3.147,counter_naxal_lwe,23.6,29,17.0,0.586,62.7,0.318,58.9,48.5,1.0,1.0,0.0,4.0,2.0,2.0,3,2.0,5.0,-3.0,0.176,0.077,0,31.6,0.435,0
PID100560,CRPF,Constable/GD,4.3,True,separated_hardship_posting,nuclear,2.6,counter_insurgency_jk_ne,19.5,28,17.6,0.629,60.9,0.394,62.1,49.8,0.0,0.0,0.0,3.0,2.0,1.0,4,2.0,0.0,2.0,0.353,0.112,2,47.1,0.274,1
PID100561,CRPF,Constable/GD,11.5,False,not_applicable_unmarried,n/a,0.0,law_order_vip_duty,1.0,28,15.2,0.543,52.6,0.182,75.2,21.9,3.0,1.0,2.0,3.0,2.0,1.0,0,0.0,0.0,0.0,0.213,-0.108,0,58.2,0.024,0
PID100562,CRPF,ASI/SI,8.9,True,with_family,nuclear,0.0,peace_training_static,7.8,32,29.9,0.934,50.9,0.072,93.9,9.0,3.0,2.0,1.0,2.0,1.0,1.0,1,7.0,4.0,3.0,0.134,-0.115,0,17.6,-0.624,0
PID100563,CRPF,Head Constable,8.3,True,separated_hardship_posting,nuclear,0.72,counter_naxal_lwe,5.4,28,14.5,0.518,57.5,0.347,58.6,31.9,0.0,0.0,0.0,2.0,3.0,-1.0,1,4.0,1.0,3.0,0.136,-0.005,0,45.5,-0.372,0
PID100564,CRPF,Head Constable,18.6,True,with_family,nuclear,0.0,counter_naxal_lwe,2.8,32,16.4,0.512,58.8,0.405,87.6,36.5,1.0,3.0,-2.0,2.0,3.0,-1.0,0,2.0,1.0,1.0,0.554,0.17,0,54.4,-0.145,0
PID100565,CRPF,Head Constable,20.6,True,separated_hardship_posting,nuclear,0.16,counter_insurgency_jk_ne,1.2,30,14.6,0.487,56.2,0.282,64.5,36.8,0.0,0.0,0.0,2.0,1.0,1.0,1,2.0,3.0,-1.0,0.615,0.182,0,35.1,0.659,0
PID100566,CRPF,Head Constable,5.8,True,separated_hardship_posting,nuclear,5.12,counter_naxal_lwe,38.4,29,15.8,0.545,75.2,0.358,64.7,57.6,2.0,0.0,2.0,4.0,3.0,1.0,1,1.0,0.0,1.0,0.327,0.213,1,18.0,0.989,1
PID100567,CRPF,Constable/GD,10.4,False,not_applicable_unmarried,n/a,0.0,counter_naxal_lwe,8.4,30,14.9,0.497,64.0,0.213,71.6,40.5,0.0,1.0,-1.0,4.0,3.0,1.0,0,6.0,5.0,1.0,0.476,0.243,0,58.9,0.675,0
PID100568,CRPF,Constable/GD,2.8,True,with_family,joint,0.0,counter_insurgency_jk_ne,4.2,32,23.0,0.719,60.8,0.334,63.1,37.7,0.0,0.0,0.0,2.0,1.0,1.0,0,0.0,2.0,-2.0,0.532,0.008,0,13.4,-0.148,0
PID100569,CRPF,Constable/GD,18.0,True,separated_hardship_posting,nuclear,3.013,law_order_vip_duty,22.6,31,18.0,0.581,54.6,0.233,76.0,18.0,1.0,1.0,0.0,4.0,2.0,2.0,0,3.0,1.0,2.0,0.1,-0.057,0,6.0,0.037,0
PID100570,CRPF,Constable/GD,11.1,False,not_applicable_unmarried,n/a,0.0,counter_insurgency_jk_ne,1.7,28,13.9,0.496,58.3,0.353,63.5,35.9,1.0,2.0,-1.0,4.0,3.0,1.0,0,2.0,3.0,-1.0,0.698,0.052,0,18.6,0.102,0
PID100571,CRPF,ASI/SI,4.1,True,with_family,nuclear,0.0,counter_naxal_lwe,34.7,31,14.0,0.452,66.2,0.238,63.7,51.3,4.0,3.0,1.0,3.0,2.0,1.0,1,0.0,1.0,-1.0,0.25,0.23,0,33.7,1.0,0
PID100572,CRPF,Constable/GD,7.0,True,with_family,joint,0.0,peace_training_static,4.8,31,28.7,0.926,38.5,0.102,91.5,6.5,0.0,0.0,0.0,1.0,2.0,-1.0,2,0.0,0.0,0.0,0.344,-0.029,0,16.3,-0.935,0
PID100573,CRPF,Head Constable,5.4,True,with_family,joint,0.0,counter_insurgency_jk_ne,1.0,32,22.7,0.709,59.1,0.358,68.9,40.2,0.0,1.0,-1.0,2.0,2.0,0.0,0,0.0,1.0,-1.0,0.402,0.146,0,21.9,-0.086,0
PID100574,CRPF,ASI/SI,6.7,False,not_applicable_unmarried,n/a,0.0,law_order_vip_duty,2.3,29,23.3,0.803,53.7,0.187,78.5,29.5,1.0,1.0,0.0,2.0,2.0,0.0,0,1.0,4.0,-3.0,0.0,-0.035,0,29.4,-0.591,0
PID100575,CRPF,Constable/GD,3.1,True,with_family,nuclear,0.0,counter_naxal_lwe,1.6,32,14.3,0.447,66.1,0.353,51.2,45.3,0.0,1.0,-1.0,2.0,1.0,1.0,0,1.0,1.0,0.0,0.763,0.237,1,59.9,0.718,0
PID100576,CRPF,ASI/SI,23.5,True,with_family,nuclear,0.0,peace_training_static,32.9,29,24.8,0.855,41.4,0.095,97.2,6.1,0.0,0.0,0.0,3.0,3.0,0.0,0,3.0,2.0,1.0,0.15,0.038,0,46.9,-0.434,0
PID100577,CRPF,Head Constable,5.9,False,not_applicable_unmarried,n/a,0.0,peace_training_static,19.9,29,23.7,0.817,41.7,0.097,96.4,8.1,0.0,1.0,-1.0,1.0,1.0,0.0,4,0.0,1.0,-1.0,0.23,0.053,0,43.4,-0.497,0
PID100578,CRPF,ASI/SI,11.4,False,not_applicable_unmarried,n/a,0.0,counter_naxal_lwe,2.8,31,18.6,0.6,57.9,0.42,59.2,36.4,2.0,1.0,1.0,3.0,1.0,2.0,1,3.0,4.0,-1.0,0.38,-0.03,0,64.9,0.25,0
PID100579,CRPF,Constable/GD,14.5,False,not_applicable_unmarried,n/a,0.0,law_order_vip_duty,3.1,30,21.2,0.707,54.1,0.135,76.5,26.2,1.0,0.0,1.0,3.0,2.0,1.0,0,1.0,0.0,1.0,0.24,-0.19,0,65.7,-0.574,0
PID100580,CRPF,Constable/GD,20.6,True,with_family,nuclear,0.0,law_order_vip_duty,23.9,29,17.5,0.603,54.1,0.217,78.9,32.7,1.0,1.0,0.0,2.0,2.0,0.0,0,1.0,1.0,0.0,0.483,0.042,0,25.8,-0.119,0
PID100581,CRPF,Constable/GD,11.7,False,not_applicable_unmarried,n/a,0.0,counter_insurgency_jk_ne,1.0,29,19.2,0.662,54.2,0.315,78.3,27.4,0.0,2.0,-2.0,1.0,1.0,0.0,0,0.0,0.0,0.0,0.352,-0.048,0,24.8,-0.771,0
PID100582,CRPF,Constable/GD,9.7,True,with_family,joint,0.0,law_order_vip_duty,9.0,31,27.0,0.871,59.7,0.276,66.4,28.2,2.0,2.0,0.0,2.0,1.0,1.0,0,0.0,0.0,0.0,0.275,0.026,0,30.3,-0.275,0
PID100583,CRPF,Constable/GD,12.0,False,not_applicable_unmarried,n/a,0.0,counter_naxal_lwe,10.2,32,17.1,0.534,63.1,0.343,66.5,43.2,0.0,1.0,-1.0,3.0,2.0,1.0,0,6.0,3.0,3.0,0.339,0.152,2,43.9,0.358,0
PID100584,CRPF,ASI/SI,5.7,False,not_applicable_unmarried,n/a,0.0,counter_insurgency_jk_ne,1.0,29,17.8,0.614,58.5,0.358,72.3,33.3,0.0,0.0,0.0,2.0,1.0,1.0,0,1.0,2.0,-1.0,0.023,-0.014,0,61.2,-0.085,0
PID100585,CRPF,Head Constable,6.0,True,with_family,nuclear,0.0,peace_training_static,12.1,30,22.5,0.75,45.2,0.117,97.4,10.4,1.0,0.0,1.0,1.0,1.0,0.0,1,3.0,0.0,3.0,0.066,-0.068,0,23.7,-0.472,0
PID100586,CRPF,Constable/GD,9.6,True,with_family,joint,0.0,counter_naxal_lwe,1.0,29,9.8,0.338,65.7,0.357,60.0,42.8,4.0,2.0,2.0,4.0,2.0,2.0,0,0.0,0.0,0.0,0.206,0.186,2,38.8,1.371,0
PID100587,CRPF,Constable/GD,2.3,True,separated_hardship_posting,nuclear,2.053,counter_naxal_lwe,15.4,29,10.4,0.359,63.6,0.355,54.4,46.5,1.0,0.0,1.0,3.0,1.0,2.0,0,2.0,2.0,0.0,0.67,0.034,0,38.0,0.735,0
PID100588,CRPF,Constable/GD,7.5,False,not_applicable_unmarried,n/a,0.0,counter_naxal_lwe,7.2,31,16.9,0.545,69.6,0.389,57.2,58.8,0.0,3.0,-3.0,2.0,2.0,0.0,2,9.0,4.0,5.0,0.65,0.161,2,62.1,-0.152,1
PID100589,CRPF,Constable/GD,8.5,True,separated_hardship_posting,nuclear,0.72,peace_training_static,5.4,31,27.0,0.871,41.1,0.153,91.5,7.7,0.0,0.0,0.0,2.0,2.0,0.0,1,1.0,1.0,0.0,0.121,-0.012,0,53.6,-0.603,0
PID100590,CRPF,ASI/SI,29.9,False,not_applicable_unmarried,n/a,0.0,counter_naxal_lwe,6.2,30,18.1,0.603,55.8,0.283,74.3,22.8,3.0,3.0,0.0,2.0,2.0,0.0,0,1.0,2.0,-1.0,0.222,0.036,0,24.0,-0.137,0
PID100591,CRPF,Constable/GD,22.1,True,with_family,joint,0.0,counter_naxal_lwe,28.1,30,15.9,0.53,59.0,0.363,60.8,42.0,1.0,2.0,-1.0,3.0,1.0,2.0,1,4.0,6.0,-2.0,0.06,0.036,0,52.5,0.225,0
PID100592,CRPF,Constable/GD,14.5,True,with_family,nuclear,0.0,law_order_vip_duty,4.2,30,25.5,0.85,54.2,0.252,70.7,29.5,3.0,4.0,-1.0,3.0,3.0,0.0,0,3.0,8.0,-5.0,0.132,-0.01,0,35.6,-0.729,0
PID100593,CRPF,Head Constable,18.2,True,with_family,nuclear,0.0,law_order_vip_duty,1.0,32,26.6,0.831,50.3,0.308,72.1,27.8,1.0,0.0,1.0,3.0,1.0,2.0,0,0.0,0.0,0.0,0.153,0.059,0,44.2,0.24,0
PID100594,CRPF,Constable/GD,6.0,False,not_applicable_unmarried,n/a,0.0,counter_insurgency_jk_ne,48.0,32,18.2,0.569,63.1,0.239,57.1,46.4,1.0,2.0,-1.0,2.0,2.0,0.0,0,1.0,0.0,1.0,0.396,0.145,0,20.6,0.081,0
PID100595,CRPF,Constable/GD,12.2,True,with_family,nuclear,0.0,peace_training_static,1.0,28,22.2,0.793,44.4,0.152,85.6,10.0,1.0,0.0,1.0,2.0,2.0,0.0,0,3.0,5.0,-2.0,0.459,0.061,0,9.1,-0.136,0
PID100596,CRPF,Head Constable,17.0,True,with_family,nuclear,0.0,counter_naxal_lwe,2.5,32,11.9,0.372,66.3,0.329,51.7,47.4,1.0,2.0,-1.0,3.0,3.0,0.0,1,1.0,0.0,1.0,0.266,0.115,1,35.4,0.228,0
PID100597,CRPF,Head Constable,6.0,True,with_family,nuclear,0.0,law_order_vip_duty,2.1,29,26.1,0.9,48.7,0.232,84.5,14.6,2.0,4.0,-2.0,2.0,2.0,0.0,0,0.0,2.0,-2.0,0.216,-0.043,0,24.9,-1.043,0
PID100598,CRPF,Inspector+,4.2,False,not_applicable_unmarried,n/a,0.0,law_order_vip_duty,9.6,31,20.4,0.658,56.7,0.156,69.0,30.5,3.0,1.0,2.0,2.0,2.0,0.0,0,2.0,4.0,-2.0,0.161,0.019,1,37.0,0.056,0
PID100599,CRPF,Head Constable,13.7,False,not_applicable_unmarried,n/a,0.0,counter_naxal_lwe,3.0,32,13.1,0.409,67.5,0.349,51.8,51.5,1.0,0.0,1.0,4.0,1.0,3.0,0,0.0,0.0,0.0,0.248,0.127,1,29.8,1.168,0
PID100600,CRPF,Constable/GD,4.6,True,with_family,nuclear,0.0,peace_training_static,7.8,30,27.4,0.913,43.7,0.139,90.4,9.1,0.0,0.0,0.0,1.0,3.0,-2.0,1,2.0,0.0,2.0,0.225,-0.032,0,40.7,-1.142,0
PID100601,CRPF,Head Constable,15.3,True,separated_hardship_posting,nuclear,1.92,counter_insurgency_jk_ne,14.4,30,13.5,0.45,60.0,0.242,79.2,36.6,1.0,0.0,1.0,3.0,2.0,1.0,0,2.0,5.0,-3.0,0.349,0.187,0,43.7,0.872,0
PID100602,CRPF,ASI/SI,20.4,True,separated_hardship_posting,nuclear,0.547,counter_naxal_lwe,4.1,31,17.4,0.561,63.1,0.437,53.0,43.3,1.0,0.0,1.0,5.0,1.0,4.0,0,2.0,1.0,1.0,0.451,0.115,0,51.1,1.163,0
PID100603,CRPF,Head Constable,6.2,True,separated_hardship_posting,joint,0.992,counter_naxal_lwe,11.9,29,14.9,0.514,64.1,0.257,54.9,44.3,0.0,0.0,0.0,3.0,2.0,1.0,3,4.0,2.0,2.0,0.273,0.176,0,51.0,0.608,0
PID100604,CRPF,Inspector+,6.5,False,not_applicable_unmarried,n/a,0.0,counter_naxal_lwe,17.9,29,18.7,0.645,67.1,0.382,47.0,55.4,2.0,0.0,2.0,2.0,1.0,1.0,2,4.0,5.0,-1.0,0.417,0.266,2,60.0,1.029,1
PID100605,CRPF,Head Constable,20.1,True,separated_hardship_posting,joint,0.15,peace_training_static,1.8,31,30.4,0.981,49.9,0.0,83.9,11.4,2.0,2.0,0.0,1.0,2.0,-1.0,1,0.0,0.0,0.0,0.111,-0.035,0,41.5,-1.02,0
PID100606,CRPF,ASI/SI,11.7,True,separated_hardship_posting,nuclear,2.213,counter_naxal_lwe,16.6,29,19.3,0.666,64.1,0.335,56.1,38.8,4.0,1.0,3.0,3.0,1.0,2.0,3,2.0,1.0,1.0,0.22,0.163,1,21.1,1.061,0
PID100607,CRPF,Constable/GD,18.6,False,not_applicable_unmarried,n/a,0.0,peace_training_static,1.0,31,28.5,0.919,48.7,0.149,98.3,5.3,1.0,1.0,0.0,1.0,1.0,0.0,0,0.0,0.0,0.0,0.679,-0.028,0,55.2,-0.712,0
PID100608,CRPF,Head Constable,9.8,True,separated_hardship_posting,joint,0.533,counter_naxal_lwe,6.4,29,13.4,0.462,56.9,0.393,71.5,37.0,10.0,2.0,8.0,5.0,2.0,3.0,0,1.0,0.0,1.0,0.363,-0.009,0,44.3,1.774,1
PID100609,CRPF,Constable/GD,10.2,True,with_family,joint,0.0,peace_training_static,2.4,28,22.1,0.789,45.8,0.114,87.2,21.0,1.0,3.0,-2.0,1.0,2.0,-1.0,0,1.0,1.0,0.0,0.23,0.016,0,51.9,-0.943,0
PID100610,CRPF,Head Constable,11.5,True,with_family,nuclear,0.0,peace_training_static,1.2,28,23.6,0.843,41.6,0.106,100.0,1.8,1.0,3.0,-2.0,1.0,2.0,-1.0,1,3.0,1.0,2.0,0.241,-0.038,0,52.6,-1.171,0
PID100611,CRPF,Head Constable,26.6,True,with_family,nuclear,0.0,counter_naxal_lwe,3.3,29,21.9,0.755,61.9,0.384,56.9,46.9,0.0,1.0,-1.0,2.0,2.0,0.0,2,2.0,0.0,2.0,0.172,-0.061,0,35.9,-0.765,0
PID100612,CRPF,Inspector+,17.8,True,separated_hardship_posting,nuclear,1.107,counter_naxal_lwe,8.3,28,14.7,0.525,66.5,0.407,52.1,39.2,5.0,5.0,0.0,4.0,1.0,3.0,0,3.0,5.0,-2.0,0.187,0.043,1,35.6,0.619,0
PID100613,CRPF,Inspector+,7.3,True,with_family,nuclear,0.0,peace_training_static,11.3,29,26.6,0.917,46.0,0.203,82.5,18.5,4.0,6.0,-2.0,1.0,3.0,-2.0,0,6.0,5.0,1.0,0.078,-0.065,0,70.7,-1.556,0
PID100614,CRPF,Constable/GD,12.7,True,separated_hardship_posting,joint,1.217,counter_naxal_lwe,14.6,30,21.1,0.703,52.0,0.273,82.0,19.5,5.0,1.0,4.0,4.0,2.0,2.0,0,0.0,4.0,-4.0,0.328,0.046,0,20.1,0.818,0
PID100615,CRPF,Head Constable,9.4,True,separated_hardship_posting,joint,2.542,counter_naxal_lwe,30.5,29,16.7,0.576,57.8,0.338,66.5,34.8,2.0,3.0,-1.0,3.0,2.0,1.0,1,8.0,5.0,3.0,0.459,0.189,1,33.0,0.418,0
PID100616,CRPF,Head Constable,8.3,True,with_family,joint,0.0,peace_training_static,8.8,30,24.8,0.827,48.3,0.0,99.9,8.9,0.0,0.0,0.0,1.0,2.0,-1.0,0,2.0,0.0,2.0,0.329,0.024,0,53.2,-0.657,0
PID100617,CRPF,Constable/GD,15.0,True,with_family,nuclear,0.0,peace_training_static,6.0,29,28.3,0.976,43.8,0.038,96.9,0.0,0.0,4.0,-4.0,1.0,3.0,-2.0,1,2.0,3.0,-1.0,0.349,0.03,0,37.0,-1.648,0
PID100618,CRPF,Constable/GD,13.3,True,separated_hardship_posting,nuclear,4.813,law_order_vip_duty,36.1,28,19.7,0.704,55.1,0.178,81.7,41.1,1.0,7.0,-6.0,3.0,3.0,0.0,0,1.0,4.0,-3.0,0.121,-0.023,0,31.3,-1.36,0
PID100619,CRPF,Constable/GD,6.2,True,with_family,joint,0.0,peace_training_static,3.7,29,27.0,0.931,41.2,0.172,80.9,8.1,1.0,0.0,1.0,2.0,2.0,0.0,0,2.0,1.0,1.0,0.238,-0.056,0,52.3,-0.654,0
PID100620,CRPF,Head Constable,11.6,True,separated_hardship_posting,nuclear,0.4,counter_insurgency_jk_ne,3.0,28,18.3,0.654,59.5,0.271,57.5,41.7,0.0,0.0,0.0,4.0,1.0,3.0,0,3.0,2.0,1.0,0.306,0.098,1,60.9,0.631,0
PID100621,CRPF,Constable/GD,8.2,True,separated_hardship_posting,nuclear,1.147,law_order_vip_duty,8.6,31,21.8,0.703,53.7,0.203,66.8,35.9,1.0,0.0,1.0,4.0,3.0,1.0,0,7.0,4.0,3.0,0.135,0.05,0,42.7,0.152,0
PID100622,CRPF,Inspector+,14.5,True,separated_hardship_posting,nuclear,0.627,counter_naxal_lwe,4.7,30,17.1,0.57,65.2,0.368,55.0,49.5,1.0,1.0,0.0,4.0,3.0,1.0,0,1.0,1.0,0.0,0.401,0.226,1,16.3,0.691,0
PID100623,CRPF,Constable/GD,8.0,False,not_applicable_unmarried,n/a,0.0,law_order_vip_duty,1.0,30,27.3,0.91,49.4,0.18,73.2,15.6,2.0,0.0,2.0,2.0,2.0,0.0,0,0.0,3.0,-3.0,0.064,-0.032,0,41.8,-0.403,0
PID100624,CRPF,Inspector+,10.3,True,with_family,nuclear,0.0,law_order_vip_duty,2.1,28,19.1,0.682,55.1,0.1,86.8,22.3,0.0,1.0,-1.0,2.0,1.0,1.0,2,1.0,1.0,0.0,0.099,-0.053,0,46.3,-0.44,0
PID100625,CRPF,Constable/GD,8.5,False,not_applicable_unmarried,n/a,0.0,counter_insurgency_jk_ne,11.7,30,22.0,0.733,64.0,0.255,62.2,32.5,2.0,2.0,0.0,2.0,3.0,-1.0,0,0.0,0.0,0.0,0.731,0.182,1,24.4,-0.066,0
PID100626,CRPF,Head Constable,3.4,True,with_family,nuclear,0.0,peace_training_static,15.2,32,27.0,0.844,36.9,0.113,99.2,1.9,3.0,3.0,0.0,1.0,2.0,-1.0,2,2.0,1.0,1.0,0.102,0.068,0,63.3,-0.544,1
PID100627,CRPF,Constable/GD,25.9,True,separated_hardship_posting,nuclear,1.093,counter_insurgency_jk_ne,8.2,29,22.8,0.786,58.2,0.328,63.9,45.9,1.0,2.0,-1.0,4.0,3.0,1.0,1,3.0,1.0,2.0,0.215,0.1,0,48.4,-0.106,0
PID100628,CRPF,Head Constable,11.5,True,separated_hardship_posting,nuclear,0.133,law_order_vip_duty,1.0,32,21.4,0.669,44.8,0.208,91.3,6.3,0.0,0.0,0.0,2.0,1.0,1.0,0,0.0,0.0,0.0,0.0,-0.066,0,25.1,-0.309,0
PID100629,CRPF,ASI/SI,26.4,True,with_family,nuclear,0.0,counter_insurgency_jk_ne,3.6,30,16.8,0.56,54.6,0.327,59.1,30.8,4.0,2.0,2.0,3.0,3.0,0.0,0,0.0,0.0,0.0,0.399,0.057,0,48.7,0.287,0
PID100630,CRPF,ASI/SI,11.8,False,not_applicable_unmarried,n/a,0.0,counter_naxal_lwe,8.8,28,19.9,0.711,58.9,0.405,62.7,50.1,3.0,0.0,3.0,5.0,3.0,2.0,0,0.0,2.0,-2.0,0.577,0.182,1,48.4,1.062,0
PID100631,CRPF,ASI/SI,16.6,False,not_applicable_unmarried,n/a,0.0,counter_naxal_lwe,3.8,28,20.1,0.718,61.7,0.417,62.5,43.2,3.0,3.0,0.0,4.0,2.0,2.0,0,0.0,1.0,-1.0,0.181,0.109,0,30.6,0.371,0
PID100632,CRPF,Constable/GD,7.6,False,not_applicable_unmarried,n/a,0.0,peace_training_static,7.1,30,29.5,0.983,47.5,0.13,90.1,9.6,0.0,1.0,-1.0,2.0,3.0,-1.0,1,0.0,0.0,0.0,0.362,0.072,0,20.7,-0.854,0
PID100633,CRPF,Constable/GD,7.7,True,separated_hardship_posting,nuclear,0.413,counter_insurgency_jk_ne,3.1,32,16.0,0.5,61.6,0.232,65.1,39.7,0.0,2.0,-2.0,3.0,2.0,1.0,0,0.0,0.0,0.0,0.593,0.087,0,35.6,0.048,0
PID100634,CRPF,Constable/GD,11.1,True,separated_hardship_posting,nuclear,1.68,law_order_vip_duty,12.6,30,22.7,0.757,53.1,0.145,69.5,23.0,2.0,2.0,0.0,2.0,3.0,-1.0,2,1.0,2.0,-1.0,0.105,-0.082,0,30.4,-0.891,0
PID100635,CRPF,Constable/GD,26.3,True,separated_hardship_posting,nuclear,0.533,counter_insurgency_jk_ne,4.0,28,16.8,0.6,60.7,0.231,74.1,21.0,0.0,1.0,-1.0,1.0,1.0,0.0,0,0.0,1.0,-1.0,0.52,-0.044,0,44.0,-0.529,0
PID100636,CRPF,Head Constable,6.4,True,with_family,nuclear,0.0,peace_training_static,7.7,29,23.5,0.81,41.7,0.056,93.5,0.0,1.0,0.0,1.0,3.0,2.0,1.0,0,0.0,0.0,0.0,0.561,0.031,0,35.8,-0.033,0
PID100637,CRPF,Head Constable,2.8,True,separated_hardship_posting,nuclear,0.48,law_order_vip_duty,3.6,32,26.1,0.816,56.2,0.226,71.3,40.8,0.0,3.0,-3.0,2.0,3.0,-1.0,2,1.0,3.0,-2.0,0.08,-0.038,0,47.6,-1.293,0
PID100638,CRPF,Head Constable,19.8,True,separated_hardship_posting,nuclear,0.227,counter_naxal_lwe,1.7,32,15.3,0.478,48.8,0.463,85.1,28.3,0.0,2.0,-2.0,2.0,2.0,0.0,0,0.0,2.0,-2.0,0.231,0.123,1,43.6,-0.03,0
PID100639,CRPF,ASI/SI,17.1,True,separated_hardship_posting,nuclear,0.133,counter_naxal_lwe,1.0,31,13.2,0.426,68.1,0.363,55.1,58.2,4.0,0.0,4.0,3.0,1.0,2.0,2,2.0,0.0,2.0,0.448,0.246,2,51.6,1.755,1
PID100640,CRPF,Head Constable,8.8,False,not_applicable_unmarried,n/a,0.0,law_order_vip_duty,17.8,32,19.1,0.597,57.4,0.215,69.1,26.8,1.0,1.0,0.0,3.0,2.0,1.0,0,0.0,0.0,0.0,0.087,-0.004,0,49.1,-0.035,0
PID100641,CRPF,ASI/SI,31.8,True,with_family,nuclear,0.0,counter_naxal_lwe,12.7,32,22.7,0.709,65.0,0.408,52.7,49.4,3.0,1.0,2.0,4.0,3.0,1.0,1,1.0,3.0,-2.0,0.222,0.078,0,55.4,0.384,0
PID100642,CRPF,Constable/GD,32.6,True,with_family,nuclear,0.0,counter_insurgency_jk_ne,5.0,30,16.5,0.55,66.9,0.25,64.3,43.1,1.0,1.0,0.0,3.0,3.0,0.0,2,1.0,1.0,0.0,0.373,-0.024,0,26.7,-0.252,0
PID100643,CRPF,Constable/GD,3.3,True,separated_hardship_posting,nuclear,4.6,counter_naxal_lwe,34.5,32,16.1,0.503,54.8,0.413,62.3,34.2,0.0,0.0,0.0,2.0,3.0,-1.0,0,3.0,0.0,3.0,0.141,-0.016,0,56.2,-0.386,0
PID100644,CRPF,Head Constable,7.5,False,not_applicable_unmarried,n/a,0.0,counter_naxal_lwe,18.2,28,12.3,0.439,65.1,0.408,59.1,49.2,0.0,0.0,0.0,5.0,3.0,2.0,2,2.0,0.0,2.0,0.688,0.275,5,69.8,1.21,0
PID100645,CRPF,ASI/SI,11.1,True,with_family,nuclear,0.0,peace_training_static,10.3,32,32.0,1.0,46.5,0.124,94.5,6.2,0.0,0.0,0.0,1.0,1.0,0.0,0,1.0,1.0,0.0,0.218,-0.02,0,58.8,-0.785,0
PID100646,CRPF,Constable/GD,14.3,True,separated_hardship_posting,nuclear,0.813,peace_training_static,6.1,30,22.9,0.763,47.0,0.246,81.9,25.1,2.0,0.0,2.0,3.0,1.0,2.0,1,2.0,1.0,1.0,0.212,-0.037,0,17.3,0.187,0
PID100647,CRPF,Constable/GD,13.1,True,separated_hardship_posting,joint,0.658,law_order_vip_duty,7.9,30,18.9,0.63,47.3,0.287,86.4,21.8,1.0,2.0,-1.0,3.0,4.0,-1.0,1,2.0,0.0,2.0,0.185,-0.104,0,65.3,-0.96,0
PID100648,CRPF,Head Constable,11.5,True,with_family,nuclear,0.0,counter_naxal_lwe,10.8,32,16.6,0.519,63.6,0.353,59.5,44.0,1.0,0.0,1.0,4.0,1.0,3.0,2,1.0,0.0,1.0,0.226,0.166,0,51.9,1.152,1
PID100649,CRPF,Constable/GD,5.7,True,with_family,joint,0.0,peace_training_static,4.3,29,26.0,0.897,47.4,0.111,83.3,15.7,3.0,4.0,-1.0,2.0,2.0,0.0,2,1.0,2.0,-1.0,0.513,-0.159,0,55.7,-1.233,0
PID100650,CRPF,Constable/GD,15.3,False,not_applicable_unmarried,n/a,0.0,law_order_vip_duty,10.4,28,23.0,0.821,49.2,0.194,72.1,20.7,0.0,0.0,0.0,2.0,2.0,0.0,4,2.0,2.0,0.0,0.159,0.035,0,27.7,-0.404,0
PID100651,CRPF,ASI/SI,15.8,False,not_applicable_unmarried,n/a,0.0,peace_training_static,1.5,31,25.9,0.835,45.7,0.112,90.9,2.8,0.0,0.0,0.0,1.0,2.0,-1.0,0,1.0,0.0,1.0,0.296,-0.177,0,17.8,-1.271,0
PID100652,CRPF,Head Constable,19.1,False,not_applicable_unmarried,n/a,0.0,counter_naxal_lwe,25.8,31,21.7,0.7,56.7,0.344,69.6,30.0,0.0,0.0,0.0,2.0,2.0,0.0,0,3.0,6.0,-3.0,0.017,-0.004,0,62.6,-0.374,0
PID100653,CRPF,Constable/GD,5.2,True,separated_hardship_posting,nuclear,1.08,counter_naxal_lwe,8.1,28,13.4,0.479,60.4,0.331,70.2,37.3,4.0,2.0,2.0,4.0,3.0,1.0,4,1.0,2.0,-1.0,0.689,0.174,1,32.7,0.952,1
PID100654,CRPF,ASI/SI,10.0,False,not_applicable_unmarried,n/a,0.0,law_order_vip_duty,1.1,30,19.5,0.65,55.8,0.207,79.6,25.7,1.0,0.0,1.0,2.0,2.0,0.0,0,2.0,5.0,-3.0,0.763,-0.027,0,27.3,-0.228,0
PID100655,CRPF,Constable/GD,8.5,True,with_family,joint,0.0,peace_training_static,28.6,29,22.8,0.786,49.9,0.048,99.6,14.9,3.0,1.0,2.0,2.0,1.0,1.0,1,0.0,1.0,-1.0,0.473,-0.009,0,16.0,0.03,0
PID100656,CRPF,ASI/SI,5.2,True,with_family,joint,0.0,counter_naxal_lwe,5.3,32,15.3,0.478,65.1,0.316,56.3,48.9,4.0,3.0,1.0,3.0,3.0,0.0,0,3.0,2.0,1.0,0.633,0.257,4,13.5,0.836,0
PID100657,CRPF,Constable/GD,9.9,True,with_family,nuclear,0.0,counter_naxal_lwe,1.1,32,14.1,0.441,65.8,0.254,63.6,40.3,4.0,6.0,-2.0,3.0,3.0,0.0,0,2.0,1.0,1.0,0.072,0.009,0,40.0,-0.329,0
PID100658,CRPF,Head Constable,5.9,True,separated_hardship_posting,joint,0.083,law_order_vip_duty,1.0,28,23.3,0.832,55.9,0.245,68.6,26.7,1.0,1.0,0.0,2.0,2.0,0.0,0,2.0,2.0,0.0,0.483,-0.024,0,53.9,-0.592,0
PID100659,CRPF,Constable/GD,4.6,True,with_family,nuclear,0.0,peace_training_static,28.2,30,24.0,0.8,43.4,0.125,96.8,11.8,1.0,1.0,0.0,1.0,3.0,-2.0,0,6.0,3.0,3.0,0.473,-0.059,0,44.6,-1.089,0
PID100660,CRPF,Constable/GD,17.2,False,not_applicable_unmarried,n/a,0.0,law_order_vip_duty,2.6,31,22.9,0.739,53.4,0.213,71.2,28.2,1.0,0.0,1.0,3.0,2.0,1.0,1,4.0,2.0,2.0,0.159,-0.017,0,37.9,-0.091,0
PID100661,CRPF,ASI/SI,8.8,False,not_applicable_unmarried,n/a,0.0,peace_training_static,6.4,29,23.0,0.793,50.3,0.173,87.2,15.8,1.0,3.0,-2.0,2.0,3.0,-1.0,1,2.0,3.0,-1.0,0.145,-0.012,0,60.5,-1.031,0
PID100662,CRPF,Constable/GD,7.3,True,with_family,joint,0.0,law_order_vip_duty,3.9,32,20.5,0.641,46.5,0.168,81.7,10.6,1.0,0.0,1.0,1.0,2.0,-1.0,0,2.0,3.0,-1.0,0.155,0.074,0,62.6,-0.126,0
PID100663,CRPF,Constable/GD,21.6,True,with_family,nuclear,0.0,peace_training_static,2.6,32,32.0,1.0,40.5,0.077,100.0,0.0,2.0,4.0,-2.0,1.0,2.0,-1.0,0,1.0,0.0,1.0,0.07,-0.119,0,25.9,-1.605,0
PID100664,CRPF,Constable/GD,16.0,True,with_family,nuclear,0.0,counter_insurgency_jk_ne,10.7,28,21.6,0.771,52.2,0.211,85.4,24.4,0.0,0.0,0.0,2.0,1.0,1.0,0,1.0,2.0,-1.0,0.388,0.032,0,42.9,-0.138,0
PID100665,CRPF,Head Constable,2.6,True,separated_hardship_posting,joint,0.283,counter_naxal_lwe,3.4,28,19.2,0.686,54.9,0.411,57.8,46.6,0.0,0.0,0.0,4.0,2.0,2.0,0,0.0,0.0,0.0,0.471,0.208,1,41.9,0.711,0
PID100666,CRPF,ASI/SI,14.3,True,separated_hardship_posting,nuclear,1.08,law_order_vip_duty,8.1,30,18.1,0.603,47.8,0.256,73.1,21.3,0.0,0.0,0.0,1.0,1.0,0.0,0,1.0,2.0,-1.0,0.328,-0.047,0,35.3,-0.387,0
PID100667,CRPF,Inspector+,14.3,True,with_family,joint,0.0,law_order_vip_duty,10.4,32,20.0,0.625,49.9,0.3,78.5,20.3,2.0,0.0,2.0,3.0,1.0,2.0,0,0.0,1.0,-1.0,0.38,0.017,0,47.0,0.515,0
PID100668,CRPF,Constable/GD,9.7,True,with_family,nuclear,0.0,counter_insurgency_jk_ne,22.5,31,24.5,0.79,64.0,0.395,58.6,57.5,4.0,3.0,1.0,3.0,3.0,0.0,1,1.0,0.0,1.0,0.171,0.023,1,62.4,-0.246,0
PID100669,CRPF,Constable/GD,9.5,False,not_applicable_unmarried,n/a,0.0,counter_naxal_lwe,1.0,31,16.3,0.526,60.3,0.325,62.9,37.9,2.0,0.0,2.0,3.0,2.0,1.0,0,1.0,1.0,0.0,0.403,0.232,3,9.7,1.07,0
PID100670,CRPF,Constable/GD,3.7,False,not_applicable_unmarried,n/a,0.0,law_order_vip_duty,6.5,31,19.1,0.616,45.9,0.177,83.6,11.5,1.0,4.0,-3.0,1.0,2.0,-1.0,1,0.0,1.0,-1.0,0.134,-0.156,0,43.5,-1.406,0
PID100671,CRPF,Head Constable,31.6,True,with_family,nuclear,0.0,peace_training_static,1.6,28,28.0,1.0,46.7,0.012,87.0,8.4,0.0,1.0,-1.0,2.0,1.0,1.0,0,1.0,1.0,0.0,0.32,-0.017,0,42.2,-0.716,0
PID100672,CRPF,Inspector+,9.9,False,not_applicable_unmarried,n/a,0.0,counter_naxal_lwe,10.5,28,15.6,0.557,61.2,0.284,67.3,36.1,0.0,0.0,0.0,3.0,1.0,2.0,0,0.0,1.0,-1.0,0.464,0.066,0,36.3,0.436,0
PID100673,CRPF,Head Constable,13.9,True,with_family,nuclear,0.0,peace_training_static,14.4,28,26.9,0.961,42.9,0.101,87.0,15.6,0.0,2.0,-2.0,1.0,1.0,0.0,2,1.0,0.0,1.0,0.172,-0.161,0,51.5,-1.471,0
PID100674,CRPF,Head Constable,10.3,True,separated_hardship_posting,nuclear,0.333,counter_naxal_lwe,2.5,32,10.9,0.341,59.6,0.226,71.6,25.6,0.0,0.0,0.0,2.0,2.0,0.0,2,2.0,6.0,-4.0,0.149,-0.027,0,36.0,-0.009,0
PID100675,CRPF,Constable/GD,7.4,True,separated_hardship_posting,nuclear,0.96,counter_naxal_lwe,7.2,32,16.6,0.519,66.3,0.285,56.2,49.4,1.0,4.0,-3.0,1.0,1.0,0.0,0,1.0,3.0,-2.0,0.129,0.095,0,29.1,-0.319,0
PID100676,CRPF,ASI/SI,18.0,True,with_family,nuclear,0.0,counter_naxal_lwe,13.7,32,20.4,0.638,56.4,0.345,65.6,35.7,0.0,0.0,0.0,2.0,2.0,0.0,0,2.0,2.0,0.0,0.164,0.003,0,51.9,-0.277,0
PID100677,CRPF,Constable/GD,12.4,True,separated_hardship_posting,joint,0.292,counter_insurgency_jk_ne,3.5,28,14.9,0.532,51.3,0.354,80.7,24.2,1.0,1.0,0.0,2.0,2.0,0.0,1,1.0,0.0,1.0,0.293,0.021,0,21.0,-0.095,0
PID100678,CRPF,Constable/GD,10.0,True,with_family,joint,0.0,counter_naxal_lwe,10.1,32,21.3,0.666,63.9,0.307,67.2,40.2,0.0,1.0,-1.0,2.0,2.0,0.0,0,0.0,0.0,0.0,0.0,-0.061,0,29.5,-0.659,0
PID100679,CRPF,Constable/GD,13.8,True,separated_hardship_posting,nuclear,1.107,law_order_vip_duty,8.3,32,20.0,0.625,49.5,0.228,74.4,21.7,1.0,2.0,-1.0,2.0,3.0,-1.0,0,1.0,0.0,1.0,0.179,0.056,0,27.3,-0.471,0
PID100680,CRPF,Constable/GD,10.8,False,not_applicable_unmarried,n/a,0.0,law_order_vip_duty,20.3,31,22.9,0.739,58.2,0.332,61.5,38.6,1.0,2.0,-1.0,3.0,2.0,1.0,0,0.0,0.0,0.0,0.301,-0.017,0,65.5,-0.402,0
PID100681,CRPF,Constable/GD,27.4,True,with_family,nuclear,0.0,counter_insurgency_jk_ne,9.0,30,22.9,0.763,57.4,0.192,77.8,26.8,1.0,1.0,0.0,2.0,2.0,0.0,0,1.0,5.0,-4.0,0.459,0.008,0,42.2,-0.413,0
PID100682,CRPF,Constable/GD,17.6,True,with_family,nuclear,0.0,peace_training_static,3.7,28,21.7,0.775,45.6,0.185,77.8,16.5,0.0,0.0,0.0,1.0,2.0,-1.0,1,0.0,1.0,-1.0,0.227,-0.028,0,19.2,-0.751,0
PID100683,CRPF,Constable/GD,15.1,False,not_applicable_unmarried,n/a,0.0,peace_training_static,3.8,29,26.9,0.928,49.1,0.143,93.0,11.5,1.0,0.0,1.0,3.0,3.0,0.0,0,0.0,0.0,0.0,0.011,-0.073,0,43.8,-0.702,0
PID100684,CRPF,Head Constable,4.1,True,separated_hardship_posting,nuclear,2.253,counter_insurgency_jk_ne,16.9,29,19.2,0.662,51.3,0.376,73.3,40.4,2.0,3.0,-1.0,3.0,1.0,2.0,0,1.0,0.0,1.0,0.217,0.111,1,23.1,0.292,0
PID100685,CRPF,Constable/GD,15.4,True,with_family,nuclear,0.0,counter_naxal_lwe,25.0,31,17.3,0.558,63.4,0.408,54.5,52.6,1.0,1.0,0.0,4.0,2.0,2.0,0,3.0,1.0,2.0,0.409,0.254,4,44.3,1.003,1
PID100686,CRPF,Constable/GD,15.2,False,not_applicable_unmarried,n/a,0.0,counter_naxal_lwe,2.5,32,16.8,0.525,60.5,0.31,65.1,41.4,3.0,1.0,2.0,4.0,1.0,3.0,0,1.0,2.0,-1.0,0.274,0.214,3,19.9,1.444,1
PID100687,CRPF,Inspector+,6.0,True,separated_hardship_posting,nuclear,4.587,law_order_vip_duty,34.4,30,19.9,0.663,56.1,0.22,81.7,25.4,0.0,2.0,-2.0,2.0,1.0,1.0,0,0.0,0.0,0.0,0.272,0.033,0,17.0,-0.313,0
PID100688,CRPF,Head Constable,4.0,True,separated_hardship_posting,joint,0.383,counter_insurgency_jk_ne,4.6,28,17.4,0.621,55.4,0.212,61.8,35.8,0.0,0.0,0.0,3.0,1.0,2.0,0,0.0,1.0,-1.0,0.475,-0.05,0,50.7,0.011,0
PID100689,CRPF,Constable/GD,17.2,True,with_family,nuclear,0.0,law_order_vip_duty,3.8,29,21.4,0.738,52.7,0.189,84.6,24.0,0.0,0.0,0.0,2.0,1.0,1.0,1,0.0,1.0,-1.0,0.594,-0.037,0,30.6,-0.306,0
PID100690,CRPF,Constable/GD,18.4,True,with_family,nuclear,0.0,law_order_vip_duty,2.8,31,18.9,0.61,50.6,0.222,86.6,21.4,2.0,5.0,-3.0,1.0,2.0,-1.0,1,0.0,0.0,0.0,0.268,-0.069,0,58.9,-1.137,0
PID100691,CRPF,ASI/SI,7.8,False,not_applicable_unmarried,n/a,0.0,law_order_vip_duty,5.6,31,26.5,0.855,53.7,0.238,73.5,25.1,1.0,0.0,1.0,3.0,2.0,1.0,1,4.0,4.0,0.0,0.092,-0.042,0,6.9,-0.307,0
PID100692,CRPF,Constable/GD,7.5,True,with_family,nuclear,0.0,counter_naxal_lwe,8.4,28,12.7,0.454,61.0,0.397,60.6,44.6,4.0,3.0,1.0,3.0,2.0,1.0,1,0.0,1.0,-1.0,0.149,0.041,0,48.7,0.428,0
PID100693,CRPF,Constable/GD,12.3,True,with_family,nuclear,0.0,counter_naxal_lwe,38.7,29,11.7,0.403,63.0,0.445,57.7,55.9,0.0,0.0,0.0,3.0,3.0,0.0,1,7.0,2.0,5.0,0.467,0.341,3,32.6,1.025,0
PID100694,CRPF,ASI/SI,8.7,False,not_applicable_unmarried,n/a,0.0,counter_naxal_lwe,11.0,29,14.2,0.49,69.0,0.324,59.5,49.9,0.0,0.0,0.0,4.0,2.0,2.0,0,11.0,13.0,-2.0,0.323,0.166,0,51.0,0.82,0
PID100695,CRPF,Constable/GD,3.9,False,not_applicable_unmarried,n/a,0.0,peace_training_static,1.5,28,22.5,0.804,44.9,0.189,82.7,13.7,0.0,1.0,-1.0,2.0,3.0,-1.0,2,6.0,2.0,4.0,0.0,-0.062,0,33.7,-1.041,0
PID100696,CRPF,Head Constable,6.0,True,with_family,nuclear,0.0,law_order_vip_duty,15.3,29,21.0,0.724,53.6,0.236,75.5,27.6,3.0,3.0,0.0,3.0,3.0,0.0,1,2.0,0.0,2.0,0.424,0.042,0,49.2,-0.266,0
PID100697,CRPF,Head Constable,13.6,True,with_family,nuclear,0.0,law_order_vip_duty,1.9,32,20.3,0.634,61.1,0.142,70.5,33.4,0.0,1.0,-1.0,1.0,2.0,-1.0,0,5.0,2.0,3.0,0.322,-0.011,0,35.8,-0.683,0
PID100698,CRPF,Head Constable,6.2,False,not_applicable_unmarried,n/a,0.0,law_order_vip_duty,13.3,28,22.3,0.796,53.6,0.211,80.7,22.3,1.0,1.0,0.0,3.0,3.0,0.0,0,5.0,4.0,1.0,0.043,-0.003,0,41.5,-0.485,0
PID100699,CRPF,Constable/GD,19.0,True,with_family,nuclear,0.0,counter_insurgency_jk_ne,3.7,30,22.1,0.737,48.3,0.307,94.6,15.3,2.0,0.0,2.0,3.0,1.0,2.0,2,3.0,1.0,2.0,0.037,-0.075,0,59.7,0.104,0
PID100700,CRPF,Constable/GD,15.0,True,with_family,nuclear,0.0,counter_naxal_lwe,4.6,31,17.4,0.561,59.3,0.3,62.4,42.1,4.0,1.0,3.0,4.0,2.0,2.0,0,2.0,2.0,0.0,0.48,0.019,1,40.9,0.753,0
PID100701,CRPF,Constable/GD,13.9,True,separated_hardship_posting,joint,0.467,counter_naxal_lwe,5.6,31,12.7,0.41,57.2,0.288,70.0,39.8,1.0,2.0,-1.0,3.0,2.0,1.0,0,2.0,1.0,1.0,0.413,0.22,1,30.6,0.711,0
PID100702,CRPF,Constable/GD,12.2,False,not_applicable_unmarried,n/a,0.0,counter_naxal_lwe,15.5,29,13.2,0.455,65.7,0.286,55.7,57.3,4.0,0.0,4.0,4.0,3.0,1.0,0,0.0,1.0,-1.0,0.36,0.268,7,25.7,1.572,1
PID100703,CRPF,ASI/SI,7.1,True,separated_hardship_posting,joint,0.508,counter_naxal_lwe,6.1,30,17.2,0.573,61.6,0.317,60.6,43.7,0.0,0.0,0.0,3.0,2.0,1.0,0,3.0,2.0,1.0,0.317,0.204,0,47.3,0.62,0
PID100704,CRPF,Constable/GD,16.2,True,with_family,joint,0.0,counter_naxal_lwe,37.9,31,11.1,0.358,66.3,0.298,52.7,48.2,2.0,0.0,2.0,4.0,3.0,1.0,2,0.0,1.0,-1.0,0.665,0.178,0,56.8,1.11,0
PID100705,CRPF,Head Constable,7.0,False,not_applicable_unmarried,n/a,0.0,law_order_vip_duty,4.5,31,19.6,0.632,54.4,0.294,63.2,37.3,0.0,0.0,0.0,3.0,1.0,2.0,0,1.0,0.0,1.0,0.308,0.041,0,50.0,0.271,0
PID100706,CRPF,Head Constable,19.5,True,with_family,nuclear,0.0,counter_naxal_lwe,1.2,32,12.7,0.397,64.4,0.203,72.1,33.5,1.0,0.0,1.0,2.0,3.0,-1.0,1,3.0,3.0,0.0,0.378,0.151,0,66.1,0.4,0
PID100707,CRPF,Head Constable,25.1,True,separated_hardship_posting,nuclear,3.88,counter_naxal_lwe,29.1,29,16.3,0.562,57.1,0.357,69.0,39.2,2.0,1.0,1.0,3.0,2.0,1.0,1,0.0,0.0,0.0,0.314,0.033,1,44.4,0.271,0
PID100708,CRPF,Constable/GD,12.4,True,with_family,joint,0.0,counter_naxal_lwe,25.4,28,21.9,0.782,64.0,0.382,58.9,51.5,1.0,1.0,0.0,3.0,2.0,1.0,0,2.0,0.0,2.0,0.244,-0.032,0,31.6,-0.343,0
PID100709,CRPF,Constable/GD,23.3,False,not_applicable_unmarried,n/a,0.0,counter_naxal_lwe,4.9,32,13.8,0.431,67.5,0.292,52.8,53.8,2.0,2.0,0.0,3.0,2.0,1.0,2,2.0,3.0,-1.0,0.581,0.245,2,60.5,0.916,0
PID100710,CRPF,Inspector+,6.0,True,separated_hardship_posting,nuclear,0.133,counter_naxal_lwe,1.0,31,19.5,0.629,56.2,0.336,68.3,42.9,0.0,1.0,-1.0,3.0,2.0,1.0,1,2.0,4.0,-2.0,0.459,0.038,1,19.8,-0.102,0
PID100711,CRPF,Head Constable,15.1,True,separated_hardship_posting,nuclear,0.333,counter_naxal_lwe,2.5,30,14.8,0.493,60.7,0.329,57.1,38.8,4.0,3.0,1.0,3.0,1.0,2.0,1,1.0,0.0,1.0,0.489,0.086,0,27.9,0.728,0
PID100712,CRPF,ASI/SI,11.3,True,with_family,nuclear,0.0,counter_naxal_lwe,9.3,30,12.5,0.417,63.4,0.345,60.3,41.7,1.0,0.0,1.0,4.0,3.0,1.0,1,1.0,3.0,-2.0,1.0,0.23,1,41.2,1.043,0
PID100713,CRPF,ASI/SI,17.4,True,with_family,nuclear,0.0,peace_training_static,5.2,32,32.0,1.0,46.4,0.16,88.6,13.1,0.0,0.0,0.0,2.0,2.0,0.0,1,1.0,2.0,-1.0,0.16,-0.048,0,24.6,-0.868,0
PID100714,CRPF,Head Constable,2.7,False,not_applicable_unmarried,n/a,0.0,counter_naxal_lwe,32.6,32,24.1,0.753,67.7,0.384,50.9,46.5,3.0,1.0,2.0,2.0,1.0,1.0,0,5.0,1.0,4.0,0.245,0.078,0,48.1,0.333,0
PID100715,CRPF,Constable/GD,16.8,True,with_family,nuclear,0.0,counter_naxal_lwe,13.0,32,18.8,0.588,64.9,0.314,55.5,48.7,0.0,2.0,-2.0,3.0,2.0,1.0,0,0.0,0.0,0.0,0.358,0.118,1,33.5,0.033,0
PID100716,CRPF,Head Constable,7.6,True,separated_hardship_posting,nuclear,0.693,counter_insurgency_jk_ne,5.2,30,19.1,0.637,59.6,0.21,67.1,37.9,0.0,0.0,0.0,2.0,1.0,1.0,1,1.0,0.0,1.0,0.333,0.056,0,55.9,0.096,0
PID100717,CRPF,Constable/GD,11.6,False,not_applicable_unmarried,n/a,0.0,counter_naxal_lwe,1.0,31,17.2,0.555,65.3,0.36,62.7,48.8,5.0,1.0,4.0,3.0,1.0,2.0,2,0.0,2.0,-2.0,0.415,0.001,0,47.3,0.86,0
PID100718,CRPF,Head Constable,31.3,True,with_family,nuclear,0.0,counter_insurgency_jk_ne,48.0,30,17.6,0.587,61.1,0.261,67.6,38.3,1.0,1.0,0.0,3.0,2.0,1.0,2,2.0,4.0,-2.0,0.221,0.108,0,68.4,0.313,0
PID100719,CRPF,Inspector+,15.4,True,separated_hardship_posting,nuclear,0.84,counter_insurgency_jk_ne,6.3,30,19.0,0.633,58.2,0.268,59.6,41.8,1.0,2.0,-1.0,3.0,3.0,0.0,1,3.0,3.0,0.0,0.373,0.197,1,13.5,0.159,0
PID100720,CRPF,Constable/GD,14.3,False,not_applicable_unmarried,n/a,0.0,peace_training_static,19.6,31,29.9,0.965,44.6,0.133,94.0,13.1,0.0,2.0,-2.0,1.0,2.0,-1.0,1,0.0,1.0,-1.0,0.145,0.105,0,47.1,-0.887,0
PID100721,CRPF,Constable/GD,13.6,True,with_family,nuclear,0.0,peace_training_static,3.0,28,28.0,1.0,50.0,0.094,88.5,12.9,0.0,0.0,0.0,3.0,3.0,0.0,0,2.0,0.0,2.0,0.13,-0.016,0,42.0,-0.774,0
PID100722,CRPF,Constable/GD,20.7,True,separated_hardship_posting,nuclear,0.133,law_order_vip_duty,1.0,32,22.4,0.7,49.0,0.238,81.7,6.2,1.0,0.0,1.0,1.0,1.0,0.0,0,0.0,0.0,0.0,0.192,0.151,0,41.8,0.248,0
PID100723,CRPF,Inspector+,17.7,True,separated_hardship_posting,nuclear,0.28,counter_naxal_lwe,2.1,29,16.3,0.562,61.7,0.501,66.0,44.1,3.0,3.0,0.0,5.0,3.0,2.0,3,1.0,4.0,-3.0,0.669,0.203,1,33.7,0.843,0
PID100724,CRPF,Constable/GD,13.7,True,with_family,nuclear,0.0,counter_insurgency_jk_ne,19.3,30,17.7,0.59,53.4,0.341,71.8,31.2,0.0,0.0,0.0,2.0,2.0,0.0,2,4.0,5.0,-1.0,0.086,0.018,0,44.9,-0.175,0
PID100725,CRPF,Constable/GD,12.8,True,separated_hardship_posting,nuclear,0.2,counter_naxal_lwe,1.5,31,20.1,0.648,64.9,0.431,58.0,49.1,2.0,1.0,1.0,3.0,2.0,1.0,2,0.0,0.0,0.0,0.35,0.231,2,10.4,0.767,0
PID100726,CRPF,Constable/GD,12.3,True,with_family,nuclear,0.0,law_order_vip_duty,29.5,29,29.0,1.0,56.9,0.251,74.2,30.4,0.0,0.0,0.0,4.0,3.0,1.0,1,4.0,1.0,3.0,0.658,-0.012,0,9.9,-0.548,0
PID100727,CRPF,Constable/GD,10.9,False,not_applicable_unmarried,n/a,0.0,counter_naxal_lwe,18.9,29,19.1,0.659,58.3,0.355,70.9,34.0,11.0,8.0,3.0,4.0,1.0,3.0,1,4.0,8.0,-4.0,0.238,0.056,0,27.5,0.959,0
PID100728,CRPF,Constable/GD,5.2,False,not_applicable_unmarried,n/a,0.0,law_order_vip_duty,9.9,28,23.4,0.836,51.4,0.252,76.0,21.0,2.0,4.0,-2.0,1.0,2.0,-1.0,0,3.0,4.0,-1.0,0.135,0.115,0,9.8,-0.702,0
PID100729,CRPF,Constable/GD,15.2,False,not_applicable_unmarried,n/a,0.0,counter_naxal_lwe,2.5,28,18.1,0.646,60.1,0.379,58.9,37.0,0.0,0.0,0.0,3.0,2.0,1.0,0,1.0,2.0,-1.0,0.017,-0.003,0,45.7,-0.091,0
PID100730,CRPF,Constable/GD,8.1,True,separated_hardship_posting,nuclear,0.213,counter_insurgency_jk_ne,1.6,32,23.0,0.719,62.3,0.352,67.2,43.7,0.0,0.0,0.0,4.0,2.0,2.0,0,1.0,3.0,-2.0,0.676,0.041,0,25.0,0.167,0
PID100731,CRPF,Constable/GD,10.2,True,separated_hardship_posting,joint,0.292,counter_naxal_lwe,3.5,30,23.7,0.79,67.7,0.354,60.9,54.2,0.0,0.0,0.0,5.0,1.0,4.0,0,2.0,0.0,2.0,0.069,-0.048,0,38.8,0.238,0
PID100732,CRPF,Constable/GD,18.4,False,not_applicable_unmarried,n/a,0.0,counter_naxal_lwe,11.2,31,12.0,0.387,60.1,0.272,74.7,28.8,1.0,2.0,-1.0,1.0,2.0,-1.0,1,1.0,4.0,-3.0,0.296,0.043,0,44.2,-0.222,0
PID100733,CRPF,Constable/GD,11.1,True,with_family,joint,0.0,law_order_vip_duty,6.5,28,22.8,0.814,39.6,0.132,97.2,4.4,0.0,1.0,-1.0,1.0,1.0,0.0,1,0.0,1.0,-1.0,0.272,0.041,0,37.4,-0.531,0
PID100734,CRPF,Constable/GD,10.6,False,not_applicable_unmarried,n/a,0.0,law_order_vip_duty,7.3,32,16.3,0.509,56.6,0.248,61.9,37.9,0.0,2.0,-2.0,1.0,1.0,0.0,0,3.0,5.0,-2.0,0.233,0.095,0,49.6,-0.153,0
PID100735,CRPF,Head Constable,12.4,False,not_applicable_unmarried,n/a,0.0,counter_naxal_lwe,16.7,29,18.8,0.648,62.2,0.282,65.3,38.9,7.0,5.0,2.0,4.0,1.0,3.0,0,0.0,0.0,0.0,0.129,0.101,0,32.6,0.954,0
PID100736,CRPF,Constable/GD,9.4,True,separated_hardship_posting,nuclear,0.627,counter_naxal_lwe,4.7,30,18.2,0.607,62.2,0.391,60.1,48.0,1.0,0.0,1.0,4.0,3.0,1.0,0,8.0,3.0,5.0,0.207,-0.043,0,38.7,-0.011,0
PID100737,CRPF,Constable/GD,31.0,True,with_family,nuclear,0.0,peace_training_static,9.5,30,25.4,0.847,49.9,0.2,88.5,24.4,4.0,5.0,-1.0,1.0,2.0,-1.0,0,0.0,1.0,-1.0,0.046,0.026,0,32.0,-0.828,0
PID100738,CRPF,Constable/GD,28.7,True,separated_hardship_posting,nuclear,0.4,counter_insurgency_jk_ne,3.0,31,10.6,0.342,56.5,0.287,76.7,33.3,1.0,2.0,-1.0,3.0,3.0,0.0,2,1.0,2.0,-1.0,0.084,0.064,1,53.7,0.11,0
PID100739,CRPF,Constable/GD,28.3,True,with_family,joint,0.0,law_order_vip_duty,5.6,28,21.0,0.75,49.5,0.293,81.5,20.7,3.0,3.0,0.0,1.0,1.0,0.0,0,0.0,0.0,0.0,0.178,0.069,0,19.5,-0.216,0
PID100740,CRPF,Constable/GD,13.7,True,with_family,joint,0.0,counter_insurgency_jk_ne,1.0,32,19.9,0.622,56.6,0.316,56.7,43.9,4.0,1.0,3.0,4.0,3.0,1.0,1,3.0,5.0,-2.0,0.203,0.008,0,45.2,0.432,0
PID100741,CRPF,Constable/GD,7.7,True,with_family,joint,0.0,law_order_vip_duty,1.0,28,20.8,0.743,54.0,0.222,70.8,26.9,1.0,0.0,1.0,3.0,4.0,-1.0,2,0.0,0.0,0.0,0.351,0.071,0,62.6,-0.258,0
PID100742,CRPF,ASI/SI,18.7,False,not_applicable_unmarried,n/a,0.0,law_order_vip_duty,1.3,31,21.4,0.69,55.5,0.224,71.8,28.3,5.0,5.0,0.0,2.0,1.0,1.0,1,0.0,2.0,-2.0,0.176,-0.116,0,46.7,-0.486,0
PID100743,CRPF,Constable/GD,9.5,True,separated_hardship_posting,nuclear,0.32,counter_naxal_lwe,2.4,29,13.3,0.459,68.5,0.3,54.6,52.1,0.0,0.0,0.0,3.0,2.0,1.0,2,0.0,0.0,0.0,0.65,0.215,0,30.6,0.791,0
PID100744,CRPF,Constable/GD,19.6,True,separated_hardship_posting,nuclear,0.133,counter_insurgency_jk_ne,1.0,32,19.0,0.594,59.6,0.242,69.8,33.3,1.0,0.0,1.0,2.0,2.0,0.0,1,1.0,0.0,1.0,0.339,0.04,0,44.6,0.04,0
PID100745,CRPF,Constable/GD,7.5,False,not_applicable_unmarried,n/a,0.0,counter_insurgency_jk_ne,12.0,30,15.6,0.52,57.4,0.201,81.7,27.3,1.0,0.0,1.0,2.0,3.0,-1.0,1,0.0,1.0,-1.0,0.368,0.051,0,29.8,-0.051,0
PID100746,CRPF,Constable/GD,14.2,False,not_applicable_unmarried,n/a,0.0,counter_naxal_lwe,21.6,32,20.0,0.625,65.5,0.306,64.4,42.3,4.0,1.0,3.0,3.0,3.0,0.0,0,1.0,2.0,-1.0,0.118,0.059,0,55.9,0.369,0
PID100747,CRPF,Constable/GD,21.1,False,not_applicable_unmarried,n/a,0.0,law_order_vip_duty,1.0,32,23.8,0.744,48.1,0.348,71.7,24.9,0.0,0.0,0.0,3.0,1.0,2.0,0,0.0,0.0,0.0,0.423,0.061,0,46.4,0.196,0
PID100748,CRPF,Head Constable,9.8,True,with_family,nuclear,0.0,counter_naxal_lwe,22.0,29,10.8,0.372,67.7,0.26,54.2,48.6,2.0,1.0,1.0,3.0,1.0,2.0,0,0.0,1.0,-1.0,0.577,0.224,1,42.1,1.29,0
PID100749,CRPF,ASI/SI,9.7,False,not_applicable_unmarried,n/a,0.0,counter_naxal_lwe,1.0,29,16.5,0.569,62.8,0.279,58.2,32.3,0.0,0.0,0.0,2.0,1.0,1.0,1,1.0,0.0,1.0,0.56,0.055,0,60.8,0.177,0
PID100750,CRPF,Constable/GD,4.3,False,not_applicable_unmarried,n/a,0.0,peace_training_static,2.2,28,26.4,0.943,45.1,0.072,90.8,9.2,1.0,2.0,-1.0,1.0,4.0,-3.0,0,1.0,2.0,-1.0,0.09,0.004,0,40.7,-1.439,0
PID100751,CRPF,Constable/GD,7.7,False,not_applicable_unmarried,n/a,0.0,peace_training_static,27.7,31,31.0,1.0,42.1,0.074,99.6,0.0,0.0,1.0,-1.0,1.0,3.0,-2.0,1,3.0,3.0,0.0,0.0,-0.049,0,17.7,-1.455,0
PID100752,CRPF,Constable/GD,13.5,True,with_family,nuclear,0.0,counter_naxal_lwe,6.6,28,18.2,0.65,64.5,0.366,64.2,43.0,0.0,2.0,-2.0,2.0,2.0,0.0,0,1.0,3.0,-2.0,0.316,0.094,0,40.5,-0.328,0
PID100753,CRPF,Constable/GD,14.7,True,separated_hardship_posting,joint,0.083,law_order_vip_duty,1.0,28,18.3,0.654,50.9,0.183,78.4,23.7,0.0,1.0,-1.0,3.0,3.0,0.0,0,3.0,1.0,2.0,0.089,-0.071,0,35.4,-0.675,0
PID100754,CRPF,Head Constable,15.9,True,separated_hardship_posting,nuclear,2.28,counter_naxal_lwe,17.1,32,21.9,0.684,61.6,0.338,62.5,40.0,3.0,0.0,3.0,4.0,3.0,1.0,0,3.0,1.0,2.0,0.427,0.122,1,39.2,0.701,0
PID100755,CRPF,Constable/GD,3.2,True,separated_hardship_posting,nuclear,0.707,law_order_vip_duty,5.3,31,19.1,0.616,45.3,0.169,97.5,14.6,0.0,0.0,0.0,2.0,2.0,0.0,0,4.0,3.0,1.0,0.247,-0.026,0,47.0,-0.339,0
PID100756,CRPF,Constable/GD,9.5,True,separated_hardship_posting,nuclear,1.547,counter_insurgency_jk_ne,11.6,30,18.1,0.603,56.3,0.271,62.3,36.0,6.0,3.0,3.0,3.0,2.0,1.0,0,0.0,1.0,-1.0,0.192,0.044,0,50.1,0.565,0
PID100757,CRPF,ASI/SI,4.6,False,not_applicable_unmarried,n/a,0.0,law_order_vip_duty,14.7,28,23.3,0.832,49.7,0.216,84.5,9.5,4.0,4.0,0.0,3.0,2.0,1.0,1,1.0,4.0,-3.0,0.274,0.072,1,23.3,-0.091,0
PID100758,CRPF,Constable/GD,13.1,True,separated_hardship_posting,joint,0.342,counter_insurgency_jk_ne,4.1,32,23.6,0.738,59.7,0.292,69.8,42.4,1.0,0.0,1.0,2.0,1.0,1.0,0,0.0,1.0,-1.0,0.298,-0.003,0,39.9,-0.05,0
PID100759,CRPF,Constable/GD,3.7,False,not_applicable_unmarried,n/a,0.0,counter_naxal_lwe,48.0,32,23.3,0.728,60.9,0.469,56.5,47.6,0.0,1.0,-1.0,3.0,3.0,0.0,0,1.0,3.0,-2.0,0.725,0.032,0,36.6,-0.454,0
PID100760,CRPF,Head Constable,5.6,True,with_family,nuclear,0.0,peace_training_static,2.0,28,28.0,1.0,36.0,0.118,95.2,1.9,3.0,5.0,-2.0,1.0,3.0,-2.0,0,0.0,1.0,-1.0,0.106,-0.001,0,42.8,-1.464,0
PID100761,CRPF,Constable/GD,17.6,False,not_applicable_unmarried,n/a,0.0,counter_naxal_lwe,37.9,31,16.6,0.535,60.3,0.337,66.7,36.8,2.0,1.0,1.0,4.0,2.0,2.0,0,0.0,1.0,-1.0,0.65,0.162,0,45.8,0.908,0
PID100762,CRPF,Constable/GD,8.2,True,with_family,nuclear,0.0,counter_naxal_lwe,17.5,29,17.7,0.61,56.2,0.2,72.4,19.0,0.0,0.0,0.0,1.0,2.0,-1.0,1,3.0,2.0,1.0,0.342,0.065,1,38.6,-0.27,0
PID100763,CRPF,Constable/GD,23.4,True,with_family,nuclear,0.0,counter_insurgency_jk_ne,1.5,31,19.3,0.623,53.8,0.314,68.4,32.5,3.0,1.0,2.0,3.0,1.0,2.0,0,0.0,3.0,-3.0,0.482,0.061,0,21.3,0.651,0
PID100764,CRPF,ASI/SI,16.1,True,with_family,nuclear,0.0,law_order_vip_duty,1.0,29,19.6,0.676,56.0,0.101,74.1,29.1,1.0,2.0,-1.0,2.0,3.0,-1.0,1,1.0,1.0,0.0,0.095,-0.122,0,38.2,-1.068,0
PID100765,CRPF,Constable/GD,9.8,False,not_applicable_unmarried,n/a,0.0,counter_naxal_lwe,2.8,28,15.1,0.539,55.2,0.383,79.1,28.9,1.0,0.0,1.0,3.0,2.0,1.0,1,3.0,2.0,1.0,0.593,0.114,1,57.1,0.544,0
PID100766,CRPF,Constable/GD,19.1,True,with_family,joint,0.0,counter_insurgency_jk_ne,1.5,31,24.0,0.774,59.2,0.309,63.9,33.4,0.0,0.0,0.0,2.0,2.0,0.0,0,0.0,0.0,0.0,0.0,-0.043,0,22.9,-0.582,0
PID100767,CRPF,Constable/GD,10.3,True,with_family,joint,0.0,counter_naxal_lwe,1.0,32,19.5,0.609,60.0,0.398,63.3,42.3,0.0,0.0,0.0,3.0,2.0,1.0,0,2.0,2.0,0.0,0.169,0.093,0,60.0,0.243,0
PID100768,CRPF,Constable/GD,17.0,False,not_applicable_unmarried,n/a,0.0,law_order_vip_duty,14.8,31,29.4,0.948,49.2,0.182,87.3,24.0,0.0,0.0,0.0,1.0,1.0,0.0,0,7.0,1.0,6.0,0.142,0.122,0,14.2,-0.295,0
PID100769,CRPF,Head Constable,7.4,True,with_family,joint,0.0,peace_training_static,17.0,28,22.0,0.786,42.1,0.122,91.5,13.4,2.0,1.0,1.0,1.0,2.0,-1.0,1,3.0,3.0,0.0,0.32,-0.057,0,42.6,-0.696,0
PID100770,CRPF,Constable/GD,19.7,True,separated_hardship_posting,joint,0.083,counter_insurgency_jk_ne,1.0,30,16.9,0.563,59.3,0.341,65.3,42.8,5.0,6.0,-1.0,4.0,3.0,1.0,2,3.0,5.0,-2.0,0.539,0.174,0,30.3,0.386,0
PID100771,CRPF,Head Constable,4.0,True,with_family,nuclear,0.0,counter_insurgency_jk_ne,1.6,30,19.2,0.64,59.7,0.244,71.6,44.7,5.0,1.0,4.0,3.0,1.0,2.0,1,1.0,4.0,-3.0,0.352,0.07,0,39.2,0.966,0
PID100772,CRPF,Head Constable,5.6,True,with_family,nuclear,0.0,counter_insurgency_jk_ne,21.9,31,20.8,0.671,51.1,0.337,69.2,33.8,1.0,2.0,-1.0,2.0,1.0,1.0,0,5.0,4.0,1.0,0.143,-0.108,0,50.5,-0.592,0
PID100773,CRPF,ASI/SI,6.2,True,separated_hardship_posting,nuclear,0.96,counter_naxal_lwe,7.2,31,16.7,0.539,66.6,0.384,46.2,58.0,1.0,0.0,1.0,3.0,2.0,1.0,0,1.0,0.0,1.0,0.846,0.261,1,53.6,0.988,0
PID100774,CRPF,Constable/GD,7.9,True,separated_hardship_posting,joint,2.017,law_order_vip_duty,24.2,32,26.4,0.825,47.3,0.212,79.1,19.5,1.0,0.0,1.0,3.0,3.0,0.0,1,2.0,5.0,-3.0,0.0,-0.02,0,58.7,-0.419,0
PID100775,CRPF,ASI/SI,13.8,True,with_family,nuclear,0.0,peace_training_static,1.0,31,30.3,0.977,47.6,0.215,93.4,14.1,0.0,0.0,0.0,3.0,3.0,0.0,0,2.0,4.0,-2.0,0.309,-0.044,0,16.3,-0.831,0
PID100776,CRPF,Head Constable,11.4,True,separated_hardship_posting,nuclear,3.613,peace_training_static,27.1,32,24.6,0.769,41.3,0.151,89.1,14.3,1.0,1.0,0.0,2.0,3.0,-1.0,1,7.0,3.0,4.0,0.182,0.07,0,26.3,-0.447,0
PID100777,CRPF,Constable/GD,17.1,False,not_applicable_unmarried,n/a,0.0,peace_training_static,4.8,32,31.1,0.972,44.2,0.02,95.4,1.1,1.0,0.0,1.0,2.0,2.0,0.0,0,2.0,2.0,0.0,0.247,0.027,0,30.9,-0.454,0
PID100778,CRPF,Head Constable,21.3,False,not_applicable_unmarried,n/a,0.0,counter_insurgency_jk_ne,6.5,29,20.6,0.71,52.9,0.359,63.5,35.2,0.0,1.0,-1.0,2.0,3.0,-1.0,2,0.0,0.0,0.0,0.07,-0.046,0,28.2,-0.881,0
PID100779,CRPF,ASI/SI,3.7,True,separated_hardship_posting,nuclear,0.653,law_order_vip_duty,4.9,31,24.1,0.777,49.9,0.181,89.9,15.0,4.0,3.0,1.0,2.0,2.0,0.0,0,0.0,4.0,-4.0,0.162,-0.114,0,45.8,-0.644,0
PID100780,CRPF,Constable/GD,22.7,True,separated_hardship_posting,joint,0.083,counter_naxal_lwe,1.0,28,9.9,0.354,61.2,0.398,59.0,45.6,1.0,2.0,-1.0,3.0,2.0,1.0,1,5.0,1.0,4.0,0.259,0.181,2,51.4,0.662,0
PID100781,CRPF,ASI/SI,10.2,True,with_family,nuclear,0.0,peace_training_static,1.5,31,27.1,0.874,41.4,0.138,90.2,9.4,8.0,2.0,6.0,3.0,2.0,1.0,1,3.0,1.0,2.0,0.264,-0.028,0,11.6,0.483,0
PID100782,CRPF,Constable/GD,28.0,False,not_applicable_unmarried,n/a,0.0,law_order_vip_duty,4.6,29,23.1,0.797,53.3,0.061,82.1,20.7,0.0,0.0,0.0,3.0,3.0,0.0,0,7.0,5.0,2.0,0.205,0.002,0,23.1,-0.474,0
PID100783,CRPF,Head Constable,7.2,True,separated_hardship_posting,nuclear,0.453,counter_naxal_lwe,3.4,29,13.4,0.462,63.8,0.386,73.5,42.5,0.0,0.0,0.0,3.0,2.0,1.0,1,2.0,3.0,-1.0,0.541,0.167,1,36.9,0.643,0
PID100784,CRPF,Inspector+,2.9,True,with_family,joint,0.0,peace_training_static,14.5,30,29.8,0.993,56.8,0.107,79.9,28.1,0.0,0.0,0.0,3.0,2.0,1.0,0,6.0,2.0,4.0,0.339,0.076,1,39.3,-0.272,0
PID100785,CRPF,Constable/GD,16.2,True,separated_hardship_posting,nuclear,0.307,law_order_vip_duty,2.3,29,23.9,0.824,55.7,0.192,74.1,31.8,0.0,0.0,0.0,3.0,3.0,0.0,1,1.0,0.0,1.0,0.127,0.078,0,63.1,-0.276,0
PID100786,CRPF,ASI/SI,15.7,True,with_family,nuclear,0.0,peace_training_static,22.6,31,28.3,0.913,50.7,0.095,67.1,15.0,1.0,0.0,1.0,1.0,2.0,-1.0,2,0.0,1.0,-1.0,0.481,0.25,0,20.9,0.076,0
PID100787,CRPF,Constable/GD,5.7,False,not_applicable_unmarried,n/a,0.0,law_order_vip_duty,1.0,30,22.6,0.753,44.9,0.267,92.0,14.8,0.0,1.0,-1.0,1.0,1.0,0.0,0,2.0,1.0,1.0,0.472,0.031,0,31.2,-0.488,0
PID100788,CRPF,Head Constable,6.0,True,separated_hardship_posting,joint,0.392,peace_training_static,4.7,31,28.5,0.919,38.2,0.065,93.2,1.6,4.0,2.0,2.0,2.0,2.0,0.0,0,5.0,2.0,3.0,0.0,-0.02,0,58.9,-0.378,0
PID100789,CRPF,Head Constable,17.8,True,separated_hardship_posting,joint,1.475,counter_insurgency_jk_ne,17.7,30,18.0,0.6,56.8,0.367,61.7,38.7,1.0,2.0,-1.0,4.0,3.0,1.0,1,0.0,4.0,-4.0,0.23,0.081,1,31.6,0.062,0
PID100790,CRPF,Constable/GD,14.2,True,with_family,joint,0.0,counter_insurgency_jk_ne,1.6,29,13.5,0.466,65.1,0.209,59.5,40.0,1.0,0.0,1.0,4.0,1.0,3.0,0,1.0,2.0,-1.0,0.577,0.089,0,50.2,0.985,0
PID100791,CRPF,Constable/GD,9.6,True,separated_hardship_posting,nuclear,3.587,law_order_vip_duty,26.9,31,22.0,0.71,61.9,0.238,75.2,42.1,3.0,5.0,-2.0,4.0,2.0,2.0,0,0.0,1.0,-1.0,0.068,-0.038,0,32.3,-0.371,0
PID100792,CRPF,Constable/GD,15.0,True,with_family,nuclear,0.0,counter_naxal_lwe,8.2,32,17.8,0.556,59.2,0.396,62.8,40.5,1.0,2.0,-1.0,1.0,1.0,0.0,1,3.0,2.0,1.0,0.123,0.061,1,35.3,-0.157,0
PID100793,CRPF,Constable/GD,13.4,False,not_applicable_unmarried,n/a,0.0,counter_naxal_lwe,21.7,30,20.8,0.693,59.7,0.395,53.4,48.6,3.0,2.0,1.0,4.0,2.0,2.0,1,4.0,0.0,4.0,0.412,0.264,1,47.8,1.024,0
PID100794,CRPF,Constable/GD,6.5,True,with_family,joint,0.0,peace_training_static,6.1,31,30.0,0.968,48.2,0.131,84.5,11.4,0.0,0.0,0.0,1.0,1.0,0.0,0,2.0,0.0,2.0,0.014,-0.022,0,35.2,-0.753,0
PID100795,CRPF,Constable/GD,18.6,True,with_family,joint,0.0,peace_training_static,8.7,31,31.0,1.0,45.2,0.108,85.0,10.9,0.0,2.0,-2.0,1.0,1.0,0.0,1,1.0,1.0,0.0,0.389,0.109,0,28.1,-0.705,0
PID100796,CRPF,Constable/GD,16.6,True,with_family,joint,0.0,peace_training_static,9.3,28,21.0,0.75,45.3,0.087,92.8,6.8,2.0,4.0,-2.0,1.0,1.0,0.0,1,3.0,2.0,1.0,0.639,0.084,0,49.8,-0.478,0
PID100797,CRPF,Constable/GD,11.6,True,with_family,joint,0.0,counter_naxal_lwe,8.3,28,14.3,0.511,64.5,0.277,59.7,45.4,4.0,4.0,0.0,3.0,2.0,1.0,0,2.0,1.0,1.0,0.268,0.162,0,25.7,0.568,0
PID100798,CRPF,Head Constable,17.9,False,not_applicable_unmarried,n/a,0.0,counter_naxal_lwe,5.9,30,22.7,0.757,72.9,0.309,42.0,51.5,0.0,1.0,-1.0,5.0,4.0,1.0,1,4.0,2.0,2.0,0.183,0.163,0,50.6,0.121,0
PID100799,CRPF,Head Constable,29.9,True,with_family,nuclear,0.0,peace_training_static,15.1,29,23.9,0.824,51.2,0.062,84.7,8.6,1.0,4.0,-3.0,1.0,1.0,0.0,0,0.0,0.0,0.0,0.467,0.037,0,34.0,-0.862,0
PID100800,CRPF,Head Constable,6.0,True,separated_hardship_posting,nuclear,2.893,counter_naxal_lwe,21.7,31,14.8,0.477,69.5,0.282,55.9,46.5,4.0,5.0,-1.0,4.0,2.0,2.0,0,2.0,0.0,2.0,0.446,0.055,1,25.5,0.345,1
PID100801,CRPF,Constable/GD,9.8,True,separated_hardship_posting,nuclear,1.16,counter_insurgency_jk_ne,8.7,32,18.4,0.575,50.6,0.408,64.5,34.8,1.0,1.0,0.0,2.0,2.0,0.0,2,1.0,1.0,0.0,0.432,0.099,0,51.9,0.089,0
PID100802,CRPF,ASI/SI,10.1,False,not_applicable_unmarried,n/a,0.0,counter_naxal_lwe,21.2,31,23.1,0.745,66.3,0.247,49.4,42.9,1.0,3.0,-2.0,3.0,3.0,0.0,1,1.0,1.0,0.0,0.598,0.045,0,32.6,-0.589,0
PID100803,CRPF,Head Constable,17.6,False,not_applicable_unmarried,n/a,0.0,peace_training_static,8.1,29,24.1,0.831,42.2,0.188,91.8,11.3,0.0,0.0,0.0,2.0,3.0,-1.0,0,5.0,7.0,-2.0,0.216,-0.132,0,36.3,-1.132,0
PID100804,CRPF,Constable/GD,7.9,True,with_family,joint,0.0,counter_insurgency_jk_ne,22.0,29,19.1,0.659,64.7,0.226,62.1,38.3,0.0,0.0,0.0,3.0,2.0,1.0,0,3.0,1.0,2.0,0.541,0.056,0,9.5,0.071,0
PID100805,CRPF,Constable/GD,17.1,True,separated_hardship_posting,nuclear,0.573,counter_naxal_lwe,4.3,28,16.6,0.593,67.4,0.289,57.0,38.7,4.0,2.0,2.0,4.0,3.0,1.0,1,1.0,3.0,-2.0,0.447,0.068,0,21.6,0.494,0
PID100806,CRPF,Head Constable,8.4,False,not_applicable_unmarried,n/a,0.0,counter_insurgency_jk_ne,4.7,28,11.0,0.393,60.4,0.238,72.5,39.1,3.0,2.0,1.0,3.0,3.0,0.0,1,3.0,0.0,3.0,0.365,0.164,1,56.6,0.659,1
PID100807,CRPF,Constable/GD,5.6,False,not_applicable_unmarried,n/a,0.0,counter_naxal_lwe,7.4,31,17.0,0.548,59.0,0.283,56.1,42.1,3.0,3.0,0.0,5.0,3.0,2.0,2,1.0,3.0,-2.0,0.968,0.317,5,42.1,1.206,0
PID100808,CRPF,Constable/GD,12.0,True,with_family,nuclear,0.0,law_order_vip_duty,1.0,31,21.6,0.697,50.1,0.275,78.3,23.8,0.0,2.0,-2.0,2.0,1.0,1.0,1,0.0,1.0,-1.0,0.54,0.134,0,56.5,-0.049,0
PID100809,CRPF,Inspector+,8.3,False,not_applicable_unmarried,n/a,0.0,law_order_vip_duty,25.6,28,23.0,0.821,50.4,0.255,82.3,22.9,2.0,1.0,1.0,2.0,2.0,0.0,2,1.0,0.0,1.0,0.306,0.017,0,37.8,-0.301,0
PID100810,CRPF,Constable/GD,12.7,True,with_family,nuclear,0.0,law_order_vip_duty,11.8,31,28.5,0.919,55.0,0.206,74.2,26.9,4.0,8.0,-4.0,1.0,2.0,-1.0,0,1.0,0.0,1.0,0.124,0.082,0,40.4,-1.211,0
PID100811,CRPF,Constable/GD,14.4,True,with_family,nuclear,0.0,counter_insurgency_jk_ne,7.4,30,17.0,0.567,59.6,0.462,51.5,40.9,0.0,0.0,0.0,3.0,1.0,2.0,0,2.0,3.0,-1.0,0.363,0.059,1,64.2,0.404,0
PID100812,CRPF,Inspector+,3.9,True,separated_hardship_posting,nuclear,0.133,counter_naxal_lwe,1.0,32,16.6,0.519,67.7,0.349,51.6,57.4,2.0,0.0,2.0,4.0,3.0,1.0,3,0.0,1.0,-1.0,0.426,0.146,0,45.7,0.818,0
PID100813,CRPF,Head Constable,8.9,True,with_family,nuclear,0.0,counter_naxal_lwe,11.2,31,24.6,0.794,68.4,0.354,51.9,51.2,0.0,0.0,0.0,4.0,2.0,2.0,0,1.0,1.0,0.0,0.217,0.128,1,64.0,0.337,0
PID100814,CRPF,Constable/GD,12.0,True,with_family,joint,0.0,peace_training_static,1.0,29,24.0,0.828,42.6,0.079,84.5,10.7,0.0,0.0,0.0,1.0,2.0,-1.0,0,2.0,2.0,0.0,0.475,-0.026,0,32.5,-0.809,0
PID100815,CRPF,ASI/SI,17.9,True,separated_hardship_posting,joint,0.108,counter_insurgency_jk_ne,1.3,30,14.0,0.467,59.9,0.252,70.3,32.8,0.0,1.0,-1.0,3.0,1.0,2.0,1,0.0,3.0,-3.0,0.307,0.112,1,35.6,0.531,0
PID100816,CRPF,ASI/SI,16.7,False,not_applicable_unmarried,n/a,0.0,counter_insurgency_jk_ne,9.1,29,21.5,0.741,59.9,0.268,67.4,38.8,2.0,4.0,-2.0,3.0,3.0,0.0,1,0.0,2.0,-2.0,0.425,-0.035,0,27.8,-0.826,0
PID100817,CRPF,Constable/GD,6.8,False,not_applicable_unmarried,n/a,0.0,counter_naxal_lwe,1.5,32,17.4,0.544,61.6,0.401,56.3,50.8,6.0,1.0,5.0,4.0,2.0,2.0,0,2.0,2.0,0.0,0.458,0.16,0,47.6,1.506,1
PID100818,CRPF,Head Constable,10.4,True,with_family,joint,0.0,peace_training_static,3.2,30,27.8,0.927,49.8,0.154,89.0,18.2,0.0,2.0,-2.0,1.0,1.0,0.0,0,3.0,3.0,0.0,0.672,0.055,0,25.8,-0.779,0
PID100819,CRPF,Constable/GD,14.8,True,with_family,nuclear,0.0,law_order_vip_duty,15.6,32,30.7,0.959,54.0,0.297,69.6,32.6,2.0,2.0,0.0,3.0,3.0,0.0,2,0.0,0.0,0.0,0.184,0.088,0,64.7,-0.411,0
PID100820,CRPF,Constable/GD,10.0,True,with_family,nuclear,0.0,counter_naxal_lwe,48.0,30,12.3,0.41,59.7,0.307,74.9,40.0,5.0,1.0,4.0,3.0,2.0,1.0,1,3.0,1.0,2.0,0.572,0.1,0,14.9,1.122,0
PID100821,CRPF,Head Constable,7.3,True,separated_hardship_posting,joint,0.908,law_order_vip_duty,10.9,30,21.9,0.73,51.4,0.255,75.6,28.9,0.0,2.0,-2.0,3.0,3.0,0.0,0,2.0,1.0,1.0,0.389,0.14,0,39.3,-0.285,0
PID100822,CRPF,Constable/GD,11.2,True,with_family,joint,0.0,counter_insurgency_jk_ne,18.0,28,13.1,0.468,56.6,0.318,63.3,40.9,1.0,1.0,0.0,2.0,2.0,0.0,0,1.0,2.0,-1.0,0.454,0.158,1,30.7,0.393,0
PID100823,CRPF,Head Constable,14.1,False,not_applicable_unmarried,n/a,0.0,law_order_vip_duty,3.6,32,25.0,0.781,49.1,0.246,74.6,24.6,0.0,1.0,-1.0,2.0,1.0,1.0,1,0.0,1.0,-1.0,0.093,0.005,0,43.3,-0.385,0
PID100824,CRPF,ASI/SI,6.4,True,with_family,joint,0.0,peace_training_static,4.3,31,26.2,0.845,45.7,0.068,91.6,11.6,2.0,1.0,1.0,2.0,2.0,0.0,0,7.0,3.0,4.0,0.046,0.026,0,28.0,-0.304,0
PID100825,CRPF,Constable/GD,15.7,True,with_family,nuclear,0.0,law_order_vip_duty,20.9,29,18.2,0.628,46.8,0.158,79.8,17.9,0.0,0.0,0.0,3.0,2.0,1.0,0,1.0,1.0,0.0,0.218,0.012,0,42.7,-0.025,0
PID100826,CRPF,Head Constable,12.4,False,not_applicable_unmarried,n/a,0.0,peace_training_static,12.0,32,31.0,0.969,47.9,0.152,86.1,20.4,0.0,0.0,0.0,2.0,2.0,0.0,0,1.0,1.0,0.0,0.325,0.025,0,45.5,-0.612,0
PID100827,CRPF,Constable/GD,16.0,True,separated_hardship_posting,nuclear,3.88,counter_insurgency_jk_ne,29.1,29,17.4,0.6,63.6,0.352,57.6,43.1,1.0,0.0,1.0,4.0,2.0,2.0,0,2.0,6.0,-4.0,0.259,0.123,1,47.7,0.712,0
PID100828,CRPF,ASI/SI,11.0,True,separated_hardship_posting,nuclear,0.667,counter_naxal_lwe,5.0,28,11.6,0.414,62.2,0.313,60.5,44.6,6.0,3.0,3.0,3.0,1.0,2.0,1,2.0,0.0,2.0,0.305,0.173,3,65.9,1.396,1
PID100829,CRPF,Constable/GD,27.4,True,with_family,nuclear,0.0,law_order_vip_duty,5.8,31,19.7,0.635,55.8,0.257,72.1,42.3,0.0,0.0,0.0,3.0,2.0,1.0,0,1.0,1.0,0.0,0.643,0.192,1,38.7,0.51,0
PID100830,CRPF,Head Constable,13.9,False,not_applicable_unmarried,n/a,0.0,law_order_vip_duty,13.7,31,23.9,0.771,52.6,0.292,80.5,28.3,0.0,4.0,-4.0,2.0,3.0,-1.0,1,1.0,0.0,1.0,0.027,0.004,0,35.3,-1.267,0
PID100831,CRPF,Head Constable,17.1,True,separated_hardship_posting,nuclear,0.813,counter_naxal_lwe,6.1,30,11.5,0.383,57.9,0.328,63.9,31.2,2.0,1.0,1.0,3.0,3.0,0.0,0,1.0,0.0,1.0,0.348,-0.011,0,36.6,0.142,0
PID100832,CRPF,Constable/GD,15.7,True,with_family,nuclear,0.0,counter_insurgency_jk_ne,1.2,31,19.3,0.623,66.0,0.214,63.9,40.6,6.0,9.0,-3.0,3.0,2.0,1.0,1,1.0,4.0,-3.0,0.448,0.208,1,17.7,0.11,0
PID100833,CRPF,Head Constable,10.3,True,with_family,joint,0.0,counter_naxal_lwe,26.7,29,20.0,0.69,52.3,0.271,78.3,29.2,2.0,1.0,1.0,3.0,3.0,0.0,1,2.0,2.0,0.0,0.447,0.03,0,53.9,-0.104,0
PID100834,CRPF,Head Constable,13.2,True,with_family,nuclear,0.0,counter_naxal_lwe,17.0,29,18.0,0.621,62.0,0.309,56.2,39.4,1.0,0.0,1.0,4.0,3.0,1.0,0,6.0,1.0,5.0,0.0,-0.021,0,24.8,0.039,0
PID100835,CRPF,Head Constable,8.0,True,with_family,nuclear,0.0,peace_training_static,1.0,29,24.2,0.834,42.9,0.093,96.2,1.8,1.0,1.0,0.0,1.0,2.0,-1.0,0,2.0,0.0,2.0,0.208,-0.074,0,55.4,-0.96,0
PID100836,CRPF,Head Constable,26.4,True,with_family,nuclear,0.0,counter_naxal_lwe,10.8,29,16.8,0.579,68.3,0.348,59.8,42.5,1.0,0.0,1.0,3.0,2.0,1.0,0,4.0,3.0,1.0,0.256,0.08,0,26.3,0.393,0
PID100837,CRPF,Inspector+,14.8,True,with_family,nuclear,0.0,peace_training_static,8.8,29,22.3,0.769,46.9,0.119,93.4,11.2,0.0,1.0,-1.0,1.0,2.0,-1.0,0,1.0,1.0,0.0,0.217,0.036,0,14.6,-0.704,0
PID100838,CRPF,Constable/GD,7.0,False,not_applicable_unmarried,n/a,0.0,counter_naxal_lwe,24.3,28,15.8,0.564,72.2,0.334,44.6,64.9,1.0,0.0,1.0,3.0,1.0,2.0,0,3.0,1.0,2.0,0.112,-0.026,0,3.4,0.305,0
PID100839,CRPF,Constable/GD,23.2,True,separated_hardship_posting,nuclear,0.707,law_order_vip_duty,5.3,29,20.8,0.717,52.1,0.261,70.0,25.0,2.0,0.0,2.0,4.0,1.0,3.0,1,1.0,0.0,1.0,0.145,-0.207,0,52.7,-0.057,0
PID100840,CRPF,Constable/GD,10.6,False,not_applicable_unmarried,n/a,0.0,peace_training_static,1.4,30,23.9,0.797,43.0,0.074,93.4,11.3,0.0,1.0,-1.0,1.0,2.0,-1.0,0,2.0,3.0,-1.0,0.351,0.007,0,58.9,-0.825,0
PID100841,CRPF,Head Constable,18.4,True,separated_hardship_posting,joint,0.992,law_order_vip_duty,11.9,29,23.6,0.814,45.2,0.296,81.8,17.4,0.0,1.0,-1.0,1.0,1.0,0.0,1,0.0,0.0,0.0,0.396,0.109,0,45.2,-0.324,0
PID100842,CRPF,Constable/GD,3.8,False,not_applicable_unmarried,n/a,0.0,peace_training_static,8.0,30,21.1,0.703,50.4,0.176,81.6,18.6,2.0,4.0,-2.0,2.0,4.0,-2.0,1,9.0,4.0,5.0,0.416,0.108,0,24.1,-0.776,0
PID100843,CRPF,Constable/GD,20.9,True,with_family,nuclear,0.0,counter_naxal_lwe,4.7,32,14.0,0.438,58.7,0.402,61.2,43.5,3.0,3.0,0.0,4.0,3.0,1.0,0,7.0,5.0,2.0,0.273,0.073,1,22.0,0.389,0
PID100844,CRPF,Constable/GD,14.4,True,separated_hardship_posting,nuclear,6.4,counter_naxal_lwe,48.0,28,12.2,0.436,60.3,0.31,66.4,30.8,1.0,1.0,0.0,3.0,2.0,1.0,1,2.0,0.0,2.0,0.697,0.132,2,32.7,0.568,1
PID100845,CRPF,ASI/SI,6.6,False,not_applicable_unmarried,n/a,0.0,law_order_vip_duty,10.8,32,22.5,0.703,56.9,0.213,57.6,42.6,0.0,1.0,-1.0,3.0,1.0,2.0,1,3.0,4.0,-1.0,0.426,0.097,0,53.3,0.2,0
PID100846,CRPF,Constable/GD,14.3,False,not_applicable_unmarried,n/a,0.0,law_order_vip_duty,4.9,28,24.9,0.889,56.2,0.263,75.6,33.2,0.0,0.0,0.0,4.0,3.0,1.0,2,0.0,0.0,0.0,0.059,0.018,0,35.5,-0.322,0
PID100847,CRPF,Head Constable,24.9,True,separated_hardship_posting,joint,0.242,law_order_vip_duty,2.9,30,24.8,0.827,49.6,0.208,90.0,23.8,1.0,4.0,-3.0,2.0,2.0,0.0,2,1.0,3.0,-2.0,0.164,0.098,1,17.5,-0.684,0
PID100848,CRPF,Constable/GD,8.1,True,separated_hardship_posting,nuclear,3.52,law_order_vip_duty,26.4,28,21.3,0.761,50.2,0.178,78.3,19.9,0.0,3.0,-3.0,1.0,2.0,-1.0,1,1.0,4.0,-3.0,0.3,-0.061,0,26.2,-1.296,0
PID100849,CRPF,Inspector+,8.1,True,with_family,nuclear,0.0,counter_naxal_lwe,1.0,30,16.7,0.557,55.0,0.306,72.5,33.9,0.0,1.0,-1.0,2.0,3.0,-1.0,0,6.0,8.0,-2.0,0.401,0.088,1,42.5,-0.291,0
PID100850,CRPF,Constable/GD,10.2,True,with_family,joint,0.0,counter_naxal_lwe,21.4,32,17.6,0.55,53.8,0.309,82.5,32.4,0.0,2.0,-2.0,2.0,4.0,-2.0,0,5.0,4.0,1.0,0.555,0.208,0,57.8,-0.289,0
PID100851,CRPF,Constable/GD,11.9,True,with_family,nuclear,0.0,peace_training_static,1.4,28,28.0,1.0,49.1,0.05,88.2,13.3,2.0,1.0,1.0,2.0,1.0,1.0,0,0.0,0.0,0.0,0.038,-0.026,0,49.1,-0.436,0
PID100852,CRPF,ASI/SI,19.0,False,not_applicable_unmarried,n/a,0.0,counter_insurgency_jk_ne,1.0,30,12.6,0.42,61.5,0.472,59.3,42.0,1.0,1.0,0.0,3.0,2.0,1.0,0,2.0,0.0,2.0,0.435,0.114,0,26.9,0.533,0
PID100853,CRPF,ASI/SI,14.9,True,with_family,nuclear,0.0,law_order_vip_duty,6.1,30,24.8,0.827,53.4,0.103,92.2,14.0,3.0,4.0,-1.0,1.0,1.0,0.0,1,1.0,2.0,-1.0,0.336,0.061,0,39.2,-0.486,0
PID100854,CRPF,Constable/GD,10.2,True,with_family,nuclear,0.0,law_order_vip_duty,10.9,30,21.0,0.7,52.7,0.161,91.8,17.8,0.0,0.0,0.0,1.0,2.0,-1.0,2,3.0,6.0,-3.0,0.402,0.03,0,54.9,-0.485,0
PID100855,CRPF,Constable/GD,13.5,True,with_family,nuclear,0.0,peace_training_static,32.0,31,29.4,0.948,43.2,0.156,83.9,13.1,1.0,1.0,0.0,3.0,2.0,1.0,1,0.0,4.0,-4.0,0.097,-0.145,0,38.9,-0.886,0
PID100856,CRPF,Head Constable,27.1,False,not_applicable_unmarried,n/a,0.0,peace_training_static,2.4,29,27.6,0.952,51.9,0.079,81.3,18.4,1.0,2.0,-1.0,2.0,1.0,1.0,0,4.0,3.0,1.0,0.196,0.084,0,15.5,-0.353,0
PID100857,CRPF,ASI/SI,16.3,True,separated_hardship_posting,nuclear,0.133,counter_naxal_lwe,1.0,31,19.2,0.619,54.9,0.329,75.8,28.7,1.0,1.0,0.0,3.0,2.0,1.0,0,6.0,2.0,4.0,0.232,-0.09,0,29.4,-0.321,0
PID100858,CRPF,Constable/GD,10.9,True,with_family,joint,0.0,peace_training_static,1.0,29,29.0,1.0,44.1,0.144,92.7,13.7,0.0,0.0,0.0,1.0,1.0,0.0,0,3.0,3.0,0.0,0.749,0.067,0,0.0,-0.524,0
PID100859,CRPF,Constable/GD,10.1,True,with_family,nuclear,0.0,counter_naxal_lwe,4.7,29,11.8,0.407,62.6,0.412,62.9,42.4,5.0,3.0,2.0,4.0,2.0,2.0,1,4.0,1.0,3.0,0.455,0.149,2,44.3,1.176,0
PID100860,CRPF,Head Constable,13.1,True,with_family,joint,0.0,counter_insurgency_jk_ne,4.6,30,21.0,0.7,58.0,0.284,53.1,35.7,0.0,0.0,0.0,1.0,2.0,-1.0,1,5.0,0.0,5.0,0.448,0.014,1,59.4,-0.535,0
PID100861,CRPF,Head Constable,18.9,True,with_family,nuclear,0.0,peace_training_static,6.5,32,28.6,0.894,46.0,0.175,74.7,22.4,1.0,0.0,1.0,2.0,1.0,1.0,2,1.0,4.0,-3.0,0.233,0.007,0,61.9,-0.208,0
PID100862,CRPF,Head Constable,7.4,True,with_family,nuclear,0.0,counter_naxal_lwe,1.5,30,15.1,0.503,59.9,0.248,78.9,35.8,0.0,1.0,-1.0,2.0,3.0,-1.0,2,1.0,4.0,-3.0,0.461,0.019,0,38.8,-0.435,0
PID100863,CRPF,Head Constable,17.5,True,separated_hardship_posting,nuclear,2.653,counter_naxal_lwe,19.9,32,23.7,0.741,64.2,0.314,65.5,36.7,0.0,1.0,-1.0,2.0,1.0,1.0,0,5.0,6.0,-1.0,0.469,0.104,0,26.4,-0.039,0
PID100864,CRPF,Constable/GD,10.8,False,not_applicable_unmarried,n/a,0.0,law_order_vip_duty,6.0,28,23.1,0.825,47.1,0.25,84.3,12.0,1.0,0.0,1.0,2.0,2.0,0.0,0,0.0,2.0,-2.0,0.273,0.01,0,36.5,-0.33,0
PID100865,CRPF,ASI/SI,11.7,True,separated_hardship_posting,nuclear,0.133,peace_training_static,1.0,28,23.9,0.854,45.4,0.238,77.1,12.8,0.0,1.0,-1.0,2.0,2.0,0.0,1,6.0,3.0,3.0,0.165,-0.026,0,41.9,-0.78,0
PID100866,CRPF,ASI/SI,35.0,True,with_family,nuclear,0.0,counter_naxal_lwe,20.5,30,19.4,0.647,63.7,0.292,59.8,42.9,4.0,2.0,2.0,3.0,2.0,1.0,0,3.0,3.0,0.0,0.317,0.208,3,58.4,0.85,0
PID100867,CRPF,Head Constable,16.6,True,separated_hardship_posting,joint,0.392,law_order_vip_duty,4.7,32,23.9,0.747,50.7,0.152,85.6,25.0,2.0,0.0,2.0,3.0,3.0,0.0,0,3.0,1.0,2.0,0.494,-0.006,0,45.3,-0.128,0
PID100868,CRPF,Constable/GD,8.5,True,separated_hardship_posting,nuclear,1.307,counter_insurgency_jk_ne,9.8,29,16.1,0.555,58.0,0.32,59.1,45.5,2.0,0.0,2.0,3.0,1.0,2.0,0,1.0,2.0,-1.0,0.153,0.053,0,14.6,0.709,0
PID100869,CRPF,Constable/GD,14.4,True,separated_hardship_posting,nuclear,3.68,counter_insurgency_jk_ne,27.6,29,15.6,0.538,58.9,0.303,62.9,41.4,1.0,4.0,-3.0,2.0,2.0,0.0,1,2.0,2.0,0.0,0.486,0.173,1,51.8,-0.108,0
PID100870,CRPF,Head Constable,19.4,True,with_family,joint,0.0,law_order_vip_duty,7.8,28,21.9,0.782,45.0,0.177,89.7,22.6,0.0,0.0,0.0,2.0,2.0,0.0,0,4.0,4.0,0.0,0.0,-0.027,0,11.1,-0.541,0
PID100871,CRPF,Constable/GD,16.7,True,separated_hardship_posting,nuclear,0.133,counter_insurgency_jk_ne,1.0,32,17.4,0.544,51.3,0.227,82.0,23.9,0.0,1.0,-1.0,3.0,2.0,1.0,0,2.0,1.0,1.0,0.846,0.144,0,42.7,0.32,0
PID100872,CRPF,Inspector+,2.6,True,separated_hardship_posting,nuclear,0.133,law_order_vip_duty,1.0,28,21.5,0.768,52.5,0.189,75.6,30.1,2.0,4.0,-2.0,3.0,1.0,2.0,0,0.0,1.0,-1.0,0.06,-0.025,0,65.0,-0.4,0
PID100873,CRPF,Constable/GD,11.4,True,with_family,joint,0.0,law_order_vip_duty,48.0,31,25.9,0.835,49.6,0.251,85.3,18.2,2.0,0.0,2.0,4.0,3.0,1.0,0,0.0,0.0,0.0,0.694,-0.042,0,15.4,-0.131,0
PID100874,CRPF,Head Constable,14.8,True,separated_hardship_posting,joint,0.5,peace_training_static,6.0,29,26.4,0.91,43.8,0.1,97.5,0.0,8.0,6.0,2.0,2.0,2.0,0.0,0,2.0,1.0,1.0,0.447,-0.062,0,38.0,-0.494,0
PID100875,CRPF,ASI/SI,14.1,True,with_family,nuclear,0.0,peace_training_static,4.5,30,30.0,1.0,48.3,0.19,72.5,19.5,2.0,1.0,1.0,2.0,2.0,0.0,0,2.0,0.0,2.0,0.226,0.002,0,38.8,-0.565,0
PID100876,CRPF,Constable/GD,8.9,True,with_family,nuclear,0.0,counter_naxal_lwe,1.0,31,17.1,0.552,58.0,0.342,76.3,34.0,1.0,1.0,0.0,4.0,1.0,3.0,0,2.0,3.0,-1.0,0.164,0.029,0,39.9,0.547,0
PID100877,CRPF,Constable/GD,16.8,True,separated_hardship_posting,nuclear,0.893,law_order_vip_duty,6.7,30,26.5,0.883,42.3,0.256,94.2,24.4,1.0,2.0,-1.0,2.0,2.0,0.0,0,1.0,0.0,1.0,0.415,-0.014,0,52.2,-0.779,0
PID100878,CRPF,Head Constable,20.9,True,separated_hardship_posting,nuclear,1.613,law_order_vip_duty,12.1,28,23.9,0.854,58.6,0.237,71.3,33.3,2.0,0.0,2.0,4.0,2.0,2.0,0,2.0,0.0,2.0,0.227,-0.111,0,29.7,-0.146,0
PID100879,CRPF,Head Constable,4.0,True,separated_hardship_posting,joint,3.533,counter_naxal_lwe,42.4,30,21.1,0.703,66.8,0.326,56.7,42.9,2.0,1.0,1.0,3.0,3.0,0.0,0,4.0,2.0,2.0,0.158,0.08,0,50.0,0.03,0
PID100880,CRPF,Constable/GD,3.7,False,not_applicable_unmarried,n/a,0.0,law_order_vip_duty,1.0,28,26.9,0.961,56.8,0.27,75.5,36.2,1.0,0.0,1.0,2.0,1.0,1.0,2,1.0,1.0,0.0,0.341,0.048,0,35.8,-0.165,0
PID100881,CRPF,Head Constable,14.3,True,with_family,nuclear,0.0,law_order_vip_duty,10.0,32,18.7,0.584,47.5,0.147,89.1,11.0,1.0,2.0,-1.0,3.0,3.0,0.0,0,0.0,1.0,-1.0,0.335,0.077,0,41.8,-0.145,0
PID100882,CRPF,ASI/SI,17.6,True,separated_hardship_posting,nuclear,0.88,counter_naxal_lwe,6.6,32,18.4,0.575,61.7,0.317,61.8,42.0,0.0,0.0,0.0,4.0,3.0,1.0,0,0.0,2.0,-2.0,0.336,0.048,0,18.8,0.149,0
PID100883,CRPF,Constable/GD,8.1,False,not_applicable_unmarried,n/a,0.0,counter_insurgency_jk_ne,2.4,32,18.9,0.591,52.9,0.275,84.4,29.7,3.0,0.0,3.0,2.0,2.0,0.0,2,0.0,1.0,-1.0,0.145,0.052,0,56.0,0.391,0
PID100884,CRPF,Constable/GD,2.7,False,not_applicable_unmarried,n/a,0.0,counter_insurgency_jk_ne,3.7,30,18.3,0.61,57.8,0.323,54.9,34.5,1.0,3.0,-2.0,2.0,2.0,0.0,1,5.0,0.0,5.0,0.376,0.121,0,42.3,-0.198,0
PID100885,CRPF,Constable/GD,11.5,True,with_family,joint,0.0,counter_insurgency_jk_ne,16.0,30,16.8,0.56,56.6,0.338,64.2,43.7,0.0,0.0,0.0,3.0,2.0,1.0,2,6.0,3.0,3.0,0.429,0.14,1,48.8,0.444,0
PID100886,CRPF,Constable/GD,14.2,True,with_family,nuclear,0.0,peace_training_static,11.1,30,25.4,0.847,41.7,0.071,98.0,10.0,5.0,4.0,1.0,1.0,3.0,-2.0,0,0.0,1.0,-1.0,0.42,-0.051,0,56.8,-0.968,0
PID100887,CRPF,Constable/GD,9.8,False,not_applicable_unmarried,n/a,0.0,counter_naxal_lwe,2.6,32,14.3,0.447,64.0,0.293,61.6,44.7,0.0,0.0,0.0,3.0,3.0,0.0,1,1.0,2.0,-1.0,0.241,0.221,3,35.7,0.61,0
PID100888,CRPF,Constable/GD,19.7,False,not_applicable_unmarried,n/a,0.0,law_order_vip_duty,6.8,31,23.5,0.758,51.0,0.225,83.1,31.0,2.0,2.0,0.0,3.0,1.0,2.0,1,2.0,1.0,1.0,0.463,0.109,0,36.2,0.323,0
PID100889,CRPF,Head Constable,13.8,False,not_applicable_unmarried,n/a,0.0,law_order_vip_duty,1.9,30,25.3,0.843,58.9,0.128,65.7,29.8,1.0,0.0,1.0,4.0,3.0,1.0,0,1.0,0.0,1.0,0.204,0.012,0,13.2,-0.132,0
PID100890,CRPF,Constable/GD,7.6,True,with_family,nuclear,0.0,counter_insurgency_jk_ne,12.6,32,17.7,0.553,58.3,0.36,63.9,42.5,1.0,0.0,1.0,4.0,3.0,1.0,0,6.0,8.0,-2.0,0.531,0.135,0,42.6,0.591,0
PID100891,CRPF,Inspector+,8.1,True,with_family,joint,0.0,counter_insurgency_jk_ne,1.7,30,17.0,0.567,47.8,0.287,86.8,21.3,3.0,0.0,3.0,3.0,2.0,1.0,0,0.0,2.0,-2.0,0.297,-0.084,0,60.5,0.221,0
PID100892,CRPF,Constable/GD,11.7,False,not_applicable_unmarried,n/a,0.0,counter_naxal_lwe,10.8,31,15.0,0.484,54.8,0.28,63.6,29.4,0.0,1.0,-1.0,2.0,2.0,0.0,0,1.0,0.0,1.0,0.084,0.023,0,39.1,-0.187,0
PID100893,CRPF,Constable/GD,9.4,True,with_family,nuclear,0.0,counter_naxal_lwe,5.8,29,13.0,0.448,70.4,0.279,54.0,47.9,2.0,2.0,0.0,4.0,2.0,2.0,0,6.0,2.0,4.0,0.269,0.249,1,27.5,1.121,0
PID100894,CRPF,Head Constable,3.5,True,with_family,nuclear,0.0,counter_insurgency_jk_ne,8.3,30,17.3,0.577,56.6,0.319,65.8,45.3,1.0,0.0,1.0,4.0,3.0,1.0,1,1.0,3.0,-2.0,0.274,0.114,2,53.3,0.498,1
PID100895,CRPF,ASI/SI,13.1,False,not_applicable_unmarried,n/a,0.0,counter_naxal_lwe,17.3,32,18.6,0.581,63.0,0.367,62.2,49.3,0.0,0.0,0.0,2.0,2.0,0.0,3,1.0,0.0,1.0,0.09,0.062,0,18.4,-0.032,0
PID100896,CRPF,Constable/GD,8.2,True,with_family,nuclear,0.0,peace_training_static,12.7,29,29.0,1.0,46.0,0.074,92.8,14.6,1.0,1.0,0.0,3.0,2.0,1.0,0,3.0,3.0,0.0,0.333,0.112,1,30.8,-0.173,0
PID100897,CRPF,Constable/GD,9.1,True,separated_hardship_posting,nuclear,0.907,law_order_vip_duty,6.8,31,19.7,0.635,57.7,0.213,72.6,28.2,0.0,2.0,-2.0,1.0,2.0,-1.0,0,2.0,1.0,1.0,0.149,0.084,0,29.9,-0.552,0
PID100898,CRPF,Constable/GD,6.0,True,with_family,nuclear,0.0,counter_naxal_lwe,1.0,29,15.9,0.548,54.4,0.282,71.1,34.0,2.0,1.0,1.0,3.0,2.0,1.0,0,2.0,3.0,-1.0,0.211,0.039,0,53.3,0.307,0
PID100899,CRPF,Constable/GD,25.3,True,separated_hardship_posting,nuclear,1.587,counter_naxal_lwe,11.9,30,20.0,0.667,67.3,0.334,57.0,46.9,2.0,2.0,0.0,3.0,2.0,1.0,3,1.0,3.0,-2.0,0.802,0.295,4,43.4,0.781,0
PID100900,CRPF,Constable/GD,16.0,True,with_family,joint,0.0,peace_training_static,18.3,29,22.6,0.779,51.0,0.209,78.6,31.4,0.0,0.0,0.0,3.0,3.0,0.0,3,6.0,7.0,-1.0,0.083,-0.039,0,31.2,-0.574,0
PID100901,CRPF,Constable/GD,28.6,True,with_family,joint,0.0,counter_naxal_lwe,23.7,31,20.9,0.674,62.0,0.478,56.5,53.8,4.0,6.0,-2.0,3.0,2.0,1.0,1,3.0,6.0,-3.0,0.271,-0.005,0,32.3,-0.44,0
PID100902,CRPF,Constable/GD,9.7,True,separated_hardship_posting,nuclear,1.147,law_order_vip_duty,8.6,31,21.9,0.706,53.7,0.207,85.4,28.5,0.0,1.0,-1.0,3.0,2.0,1.0,0,0.0,3.0,-3.0,0.258,-0.012,0,42.6,-0.346,0
PID100903,CRPF,Constable/GD,16.5,True,with_family,nuclear,0.0,counter_naxal_lwe,1.0,32,19.7,0.616,60.5,0.376,55.2,47.5,8.0,3.0,5.0,4.0,2.0,2.0,0,4.0,2.0,2.0,0.368,-0.013,0,43.0,0.899,0
PID100904,CRPF,Inspector+,13.2,True,with_family,joint,0.0,peace_training_static,5.4,29,25.4,0.876,39.3,0.144,96.3,4.8,1.0,2.0,-1.0,1.0,2.0,-1.0,0,3.0,4.0,-1.0,0.558,0.041,0,42.2,-0.819,0
PID100905,CRPF,Head Constable,7.8,False,not_applicable_unmarried,n/a,0.0,counter_insurgency_jk_ne,2.1,28,18.2,0.65,60.3,0.197,64.1,38.1,0.0,1.0,-1.0,2.0,1.0,1.0,1,2.0,0.0,2.0,0.753,0.16,0,30.0,0.241,0
PID100906,CRPF,Constable/GD,9.7,True,separated_hardship_posting,joint,0.15,counter_insurgency_jk_ne,1.8,32,24.0,0.75,59.0,0.231,81.6,38.7,0.0,0.0,0.0,2.0,2.0,0.0,2,2.0,1.0,1.0,0.042,-0.049,0,56.1,-0.57,0
PID100907,CRPF,Constable/GD,16.0,False,not_applicable_unmarried,n/a,0.0,counter_insurgency_jk_ne,18.5,29,17.0,0.586,59.1,0.161,73.1,33.4,2.0,1.0,1.0,2.0,1.0,1.0,1,2.0,3.0,-1.0,0.533,0.011,0,63.9,0.178,0
PID100908,CRPF,Constable/GD,6.0,True,with_family,joint,0.0,counter_naxal_lwe,1.0,31,20.0,0.645,63.9,0.377,51.0,43.8,1.0,0.0,1.0,3.0,2.0,1.0,0,1.0,2.0,-1.0,0.232,0.039,1,61.2,0.189,0
PID100909,CRPF,Constable/GD,19.8,True,separated_hardship_posting,nuclear,0.413,law_order_vip_duty,3.1,29,22.6,0.779,49.6,0.337,74.6,32.6,0.0,0.0,0.0,3.0,2.0,1.0,0,0.0,2.0,-2.0,0.307,-0.029,0,58.3,-0.33,0
PID100910,CRPF,Head Constable,12.6,False,not_applicable_unmarried,n/a,0.0,counter_naxal_lwe,1.4,32,15.2,0.475,68.0,0.414,43.9,51.7,0.0,2.0,-2.0,3.0,2.0,1.0,0,1.0,2.0,-1.0,0.566,0.173,2,75.7,0.338,0
PID100911,CRPF,ASI/SI,18.4,False,not_applicable_unmarried,n/a,0.0,counter_naxal_lwe,15.5,28,15.0,0.536,62.0,0.353,57.9,43.5,0.0,0.0,0.0,4.0,2.0,2.0,1,1.0,0.0,1.0,0.485,0.064,0,29.5,0.455,0
PID100912,CRPF,ASI/SI,14.3,True,separated_hardship_posting,nuclear,4.413,counter_naxal_lwe,33.1,28,14.8,0.529,64.2,0.344,63.3,41.9,4.0,10.0,-6.0,2.0,2.0,0.0,0,5.0,3.0,2.0,0.342,0.161,0,30.5,-0.595,0
PID100913,CRPF,Inspector+,4.0,True,with_family,nuclear,0.0,law_order_vip_duty,3.8,29,17.5,0.603,50.9,0.199,88.2,7.0,4.0,3.0,1.0,3.0,2.0,1.0,1,0.0,3.0,-3.0,0.379,-0.085,0,19.1,-0.134,0
PID100914,CRPF,Inspector+,11.4,True,separated_hardship_posting,joint,0.425,peace_training_static,5.1,30,28.4,0.947,50.2,0.184,87.9,19.9,5.0,4.0,1.0,3.0,2.0,1.0,2,3.0,1.0,2.0,0.222,0.021,0,36.5,-0.228,0
PID100915,CRPF,Inspector+,20.0,True,with_family,nuclear,0.0,counter_naxal_lwe,2.1,31,19.0,0.613,62.4,0.363,60.2,54.6,2.0,1.0,1.0,4.0,3.0,1.0,2,1.0,4.0,-3.0,0.964,0.216,2,21.4,0.762,0
PID100916,CRPF,Constable/GD,12.5,True,with_family,nuclear,0.0,peace_training_static,15.7,30,29.4,0.98,45.7,0.124,92.2,13.1,0.0,0.0,0.0,1.0,1.0,0.0,1,2.0,3.0,-1.0,0.455,-0.079,0,59.9,-0.937,0
PID100917,CRPF,Constable/GD,11.6,True,with_family,nuclear,0.0,peace_training_static,18.2,29,29.0,1.0,50.8,0.054,90.8,29.8,1.0,3.0,-2.0,2.0,3.0,-1.0,1,4.0,7.0,-3.0,0.288,-0.127,0,43.4,-1.629,0
PID100918,CRPF,Constable/GD,12.5,True,separated_hardship_posting,nuclear,1.333,counter_naxal_lwe,10.0,28,18.3,0.654,55.1,0.386,81.4,30.9,3.0,4.0,-1.0,2.0,2.0,0.0,1,0.0,0.0,0.0,0.0,-0.037,0,35.1,-0.571,0
PID100919,CRPF,Head Constable,3.3,False,not_applicable_unmarried,n/a,0.0,counter_naxal_lwe,2.9,32,15.8,0.494,60.9,0.341,59.7,42.8,0.0,1.0,-1.0,3.0,3.0,0.0,0,1.0,0.0,1.0,0.284,0.096,1,23.7,0.022,1
PID100920,CRPF,Constable/GD,21.1,True,with_family,nuclear,0.0,counter_naxal_lwe,2.2,30,15.3,0.51,59.5,0.374,72.6,37.5,1.0,0.0,1.0,3.0,1.0,2.0,1,1.0,0.0,1.0,0.169,-0.006,0,20.9,0.431,0
PID100921,CRPF,ASI/SI,2.2,False,not_applicable_unmarried,n/a,0.0,counter_naxal_lwe,10.7,32,20.1,0.628,63.5,0.41,51.2,48.8,2.0,3.0,-1.0,2.0,3.0,-1.0,2,2.0,1.0,1.0,0.522,0.233,0,32.2,0.059,0
PID100922,CRPF,Head Constable,23.5,False,not_applicable_unmarried,n/a,0.0,law_order_vip_duty,23.0,29,22.9,0.79,53.3,0.122,87.6,22.2,3.0,1.0,2.0,4.0,2.0,2.0,0,2.0,2.0,0.0,0.535,-0.002,0,64.4,0.259,0
PID100923,CRPF,Constable/GD,9.3,False,not_applicable_unmarried,n/a,0.0,counter_insurgency_jk_ne,48.0,29,17.3,0.597,58.0,0.282,65.2,43.1,0.0,0.0,0.0,3.0,2.0,1.0,1,0.0,0.0,0.0,0.313,0.037,1,57.3,0.087,0
PID100924,CRPF,Constable/GD,14.8,True,with_family,joint,0.0,counter_insurgency_jk_ne,18.5,29,14.8,0.51,55.1,0.274,68.3,27.4,1.0,3.0,-2.0,1.0,1.0,0.0,0,0.0,0.0,0.0,0.716,-0.022,0,51.4,-0.507,0
PID100925,CRPF,Constable/GD,3.1,True,separated_hardship_posting,nuclear,1.72,law_order_vip_duty,12.9,30,20.9,0.697,51.9,0.188,77.7,23.4,0.0,0.0,0.0,2.0,1.0,1.0,0,1.0,2.0,-1.0,0.172,0.066,0,7.4,0.055,0
PID100926,CRPF,Constable/GD,17.5,True,separated_hardship_posting,nuclear,0.587,counter_naxal_lwe,4.4,28,17.1,0.611,63.3,0.283,58.4,45.8,3.0,1.0,2.0,4.0,3.0,1.0,0,2.0,0.0,2.0,0.513,0.189,0,38.6,0.839,1
PID100927,CRPF,ASI/SI,15.9,True,with_family,joint,0.0,peace_training_static,7.2,28,19.3,0.689,45.3,0.076,93.7,15.7,2.0,2.0,0.0,2.0,2.0,0.0,0,1.0,2.0,-1.0,0.69,-0.036,0,36.4,-0.456,0
PID100928,CRPF,Head Constable,15.4,True,separated_hardship_posting,joint,1.342,law_order_vip_duty,16.1,31,16.2,0.523,56.4,0.154,83.2,14.8,0.0,0.0,0.0,2.0,3.0,-1.0,0,0.0,1.0,-1.0,0.123,0.017,0,29.6,-0.31,0
PID100929,CRPF,Head Constable,3.0,False,not_applicable_unmarried,n/a,0.0,counter_naxal_lwe,48.0,31,19.1,0.616,64.4,0.399,44.5,43.8,1.0,1.0,0.0,3.0,2.0,1.0,3,0.0,0.0,0.0,0.778,0.13,0,40.9,0.345,0
PID100930,CRPF,Constable/GD,7.2,True,separated_hardship_posting,nuclear,1.253,counter_insurgency_jk_ne,9.4,30,16.4,0.547,58.1,0.323,66.1,36.9,0.0,1.0,-1.0,2.0,2.0,0.0,1,1.0,0.0,1.0,0.149,0.114,0,26.5,0.013,0
PID100931,CRPF,Constable/GD,14.3,True,separated_hardship_posting,nuclear,0.84,counter_naxal_lwe,6.3,30,17.9,0.597,52.6,0.368,64.9,38.3,2.0,1.0,1.0,3.0,3.0,0.0,1,1.0,0.0,1.0,0.282,0.121,0,32.0,0.281,0
PID100932,CRPF,Constable/GD,20.8,False,not_applicable_unmarried,n/a,0.0,peace_training_static,7.9,30,30.0,1.0,45.1,0.004,99.7,3.0,0.0,0.0,0.0,1.0,1.0,0.0,0,0.0,3.0,-3.0,0.105,0.085,0,27.0,-0.469,0
PID100933,CRPF,Head Constable,6.5,False,not_applicable_unmarried,n/a,0.0,counter_insurgency_jk_ne,6.0,30,15.0,0.5,60.5,0.417,69.3,44.5,1.0,0.0,1.0,4.0,1.0,3.0,0,2.0,1.0,1.0,0.429,0.186,1,30.5,1.236,1
PID100934,CRPF,Head Constable,6.6,True,separated_hardship_posting,nuclear,0.8,peace_training_static,6.0,29,21.1,0.728,44.9,0.095,89.8,20.3,1.0,3.0,-2.0,1.0,1.0,0.0,0,8.0,10.0,-2.0,0.051,-0.04,0,0.0,-0.823,0
PID100935,CRPF,Constable/GD,13.8,True,separated_hardship_posting,joint,0.275,peace_training_static,3.3,31,27.1,0.874,47.2,0.225,78.9,19.4,0.0,0.0,0.0,1.0,2.0,-1.0,1,2.0,1.0,1.0,0.145,-0.025,0,41.2,-0.861,0
PID100936,CRPF,ASI/SI,35.0,True,with_family,nuclear,0.0,counter_insurgency_jk_ne,5.7,28,14.7,0.525,57.1,0.345,57.7,37.3,0.0,1.0,-1.0,2.0,2.0,0.0,0,0.0,0.0,0.0,0.301,-0.032,0,49.4,-0.401,0
PID100937,CRPF,Constable/GD,7.9,False,not_applicable_unmarried,n/a,0.0,law_order_vip_duty,9.4,31,23.2,0.748,52.9,0.206,89.3,24.4,2.0,0.0,2.0,3.0,2.0,1.0,1,1.0,5.0,-4.0,0.261,0.015,0,28.0,0.148,0
PID100938,CRPF,ASI/SI,9.3,True,with_family,joint,0.0,counter_insurgency_jk_ne,8.9,31,20.2,0.652,63.6,0.423,65.0,46.5,1.0,0.0,1.0,3.0,3.0,0.0,0,0.0,0.0,0.0,0.549,0.101,0,56.8,0.154,0
PID100939,CRPF,Constable/GD,8.5,True,separated_hardship_posting,joint,0.467,counter_naxal_lwe,5.6,30,17.5,0.583,65.1,0.384,45.2,52.2,0.0,1.0,-1.0,4.0,3.0,1.0,2,1.0,1.0,0.0,0.366,0.109,0,27.0,0.168,0
PID100940,CRPF,Constable/GD,10.8,True,with_family,nuclear,0.0,peace_training_static,10.8,29,26.2,0.903,40.8,0.106,98.8,3.4,3.0,2.0,1.0,2.0,1.0,1.0,0,6.0,6.0,0.0,0.411,0.024,0,21.7,-0.167,0
PID100941,CRPF,ASI/SI,21.7,True,separated_hardship_posting,nuclear,0.48,counter_insurgency_jk_ne,3.6,32,22.4,0.7,51.4,0.277,69.7,26.3,1.0,2.0,-1.0,3.0,2.0,1.0,1,0.0,1.0,-1.0,0.21,-0.035,0,55.8,-0.407,0
PID100942,CRPF,Constable/GD,11.1,False,not_applicable_unmarried,n/a,0.0,peace_training_static,1.6,32,30.8,0.962,47.8,0.182,81.1,13.1,3.0,0.0,3.0,2.0,2.0,0.0,3,0.0,0.0,0.0,0.159,-0.067,0,32.1,-0.417,0
PID100943,CRPF,Constable/GD,35.0,True,separated_hardship_posting,joint,0.267,law_order_vip_duty,3.2,32,23.5,0.734,56.7,0.188,66.6,34.1,0.0,3.0,-3.0,2.0,2.0,0.0,0,3.0,5.0,-2.0,0.31,0.099,1,43.5,-0.568,0
PID100944,CRPF,Constable/GD,12.3,True,with_family,nuclear,0.0,counter_naxal_lwe,7.1,28,17.3,0.618,55.4,0.327,58.0,30.9,2.0,2.0,0.0,2.0,1.0,1.0,2,2.0,0.0,2.0,0.323,-0.024,1,18.1,-0.122,0
PID100945,CRPF,Constable/GD,22.8,True,with_family,nuclear,0.0,counter_insurgency_jk_ne,9.2,31,14.0,0.452,57.2,0.264,70.2,28.9,2.0,4.0,-2.0,2.0,3.0,-1.0,0,2.0,3.0,-1.0,0.09,0.062,0,37.6,-0.398,0
PID100946,CRPF,Head Constable,9.7,True,separated_hardship_posting,joint,0.358,counter_naxal_lwe,4.3,28,18.6,0.664,71.5,0.305,64.5,44.3,0.0,1.0,-1.0,4.0,2.0,2.0,0,1.0,3.0,-2.0,0.437,0.128,4,35.2,0.342,0
PID100947,CRPF,ASI/SI,5.2,False,not_applicable_unmarried,n/a,0.0,counter_naxal_lwe,18.4,28,15.5,0.554,60.9,0.308,59.1,39.2,2.0,3.0,-1.0,3.0,2.0,1.0,1,3.0,2.0,1.0,0.31,0.006,0,34.3,-0.107,0
PID100948,CRPF,ASI/SI,11.1,True,separated_hardship_posting,nuclear,1.067,law_order_vip_duty,8.0,28,17.4,0.621,62.1,0.326,68.0,40.5,0.0,1.0,-1.0,2.0,2.0,0.0,2,1.0,0.0,1.0,0.536,0.085,0,34.6,-0.165,0
PID100949,CRPF,Constable/GD,15.5,False,not_applicable_unmarried,n/a,0.0,counter_naxal_lwe,19.6,31,15.8,0.51,58.7,0.41,69.3,33.6,3.0,1.0,2.0,3.0,2.0,1.0,0,2.0,2.0,0.0,0.348,-0.0,0,42.8,0.389,1
PID100950,CRPF,Constable/GD,7.2,False,not_applicable_unmarried,n/a,0.0,peace_training_static,19.2,31,31.0,1.0,43.4,0.134,95.2,7.4,1.0,1.0,0.0,1.0,2.0,-1.0,0,1.0,1.0,0.0,0.139,0.048,0,41.8,-0.792,0
PID100951,CRPF,Constable/GD,20.9,True,separated_hardship_posting,nuclear,2.84,counter_insurgency_jk_ne,21.3,32,16.9,0.528,55.2,0.267,84.6,28.2,1.0,1.0,0.0,4.0,3.0,1.0,0,1.0,0.0,1.0,0.26,0.211,2,47.8,0.695,0
PID100952,CRPF,Constable/GD,8.7,False,not_applicable_unmarried,n/a,0.0,counter_insurgency_jk_ne,10.6,31,19.8,0.639,52.9,0.267,80.9,18.1,0.0,0.0,0.0,2.0,1.0,1.0,1,3.0,3.0,0.0,0.152,0.079,0,10.2,0.163,0
PID100953,CRPF,Constable/GD,6.0,True,with_family,nuclear,0.0,counter_naxal_lwe,18.3,30,19.1,0.637,55.2,0.328,81.0,26.3,0.0,0.0,0.0,2.0,3.0,-1.0,0,0.0,5.0,-5.0,0.283,0.101,0,62.5,-0.196,0
PID100954,CRPF,ASI/SI,34.8,True,with_family,nuclear,0.0,counter_naxal_lwe,48.0,28,15.5,0.554,61.1,0.457,51.6,56.4,1.0,2.0,-1.0,3.0,2.0,1.0,0,15.0,4.0,11.0,0.269,0.224,1,36.7,0.549,0
PID100955,CRPF,ASI/SI,7.0,True,with_family,joint,0.0,law_order_vip_duty,14.2,31,20.7,0.668,52.6,0.237,81.1,21.2,0.0,0.0,0.0,3.0,3.0,0.0,0,0.0,1.0,-1.0,0.344,0.139,0,32.2,0.096,0
PID100956,CRPF,Head Constable,8.6,True,separated_hardship_posting,nuclear,0.133,counter_naxal_lwe,1.0,32,17.4,0.544,59.1,0.395,72.3,41.9,1.0,6.0,-5.0,3.0,2.0,1.0,1,2.0,0.0,2.0,0.318,-0.056,0,45.2,-0.901,0
PID100957,CRPF,Constable/GD,16.9,True,with_family,joint,0.0,law_order_vip_duty,2.4,29,17.5,0.603,50.1,0.232,75.0,21.0,2.0,2.0,0.0,2.0,2.0,0.0,2,0.0,0.0,0.0,0.063,0.026,0,37.3,-0.165,0
PID100958,CRPF,Constable/GD,9.5,True,separated_hardship_posting,nuclear,3.067,counter_insurgency_jk_ne,23.0,31,17.1,0.552,63.8,0.247,43.0,47.0,3.0,3.0,0.0,4.0,3.0,1.0,0,9.0,9.0,0.0,0.599,0.208,0,41.7,0.658,1
PID100959,CRPF,Constable/GD,6.1,False,not_applicable_unmarried,n/a,0.0,counter_naxal_lwe,2.8,30,13.2,0.44,65.9,0.356,49.7,45.8,2.0,2.0,0.0,3.0,2.0,1.0,2,5.0,5.0,0.0,0.427,0.143,1,34.4,0.597,1
PID100960,CRPF,Constable/GD,8.1,True,with_family,nuclear,0.0,counter_insurgency_jk_ne,1.7,30,17.9,0.597,57.0,0.235,67.6,23.0,0.0,1.0,-1.0,2.0,3.0,-1.0,0,0.0,1.0,-1.0,0.073,0.053,0,48.6,-0.446,0
PID100961,CRPF,Constable/GD,29.6,False,not_applicable_unmarried,n/a,0.0,counter_naxal_lwe,8.4,31,13.2,0.426,63.7,0.422,60.4,44.6,1.0,0.0,1.0,4.0,1.0,3.0,1,2.0,1.0,1.0,0.339,0.119,1,15.9,1.124,0
PID100962,CRPF,Constable/GD,15.8,True,with_family,joint,0.0,counter_naxal_lwe,16.9,29,16.2,0.559,55.5,0.305,67.4,35.4,5.0,3.0,2.0,3.0,2.0,1.0,0,5.0,0.0,5.0,0.231,0.179,0,43.6,0.871,0
PID100963,CRPF,Constable/GD,17.5,True,with_family,joint,0.0,law_order_vip_duty,5.3,32,27.4,0.856,53.1,0.186,78.2,27.8,1.0,4.0,-3.0,2.0,2.0,0.0,0,1.0,1.0,0.0,0.021,0.001,0,32.4,-1.01,0
PID100964,CRPF,Inspector+,13.4,True,separated_hardship_posting,nuclear,0.947,counter_naxal_lwe,7.1,32,21.2,0.662,61.8,0.399,56.4,45.9,0.0,0.0,0.0,3.0,2.0,1.0,0,1.0,0.0,1.0,0.086,0.066,0,12.7,0.096,0
PID100965,CRPF,Constable/GD,14.7,True,with_family,nuclear,0.0,counter_naxal_lwe,3.9,28,11.7,0.418,60.5,0.308,64.4,35.2,0.0,0.0,0.0,3.0,2.0,1.0,0,1.0,0.0,1.0,0.386,0.062,0,56.6,0.378,0
PID100966,CRPF,Inspector+,9.1,True,separated_hardship_posting,nuclear,1.76,counter_insurgency_jk_ne,13.2,30,16.0,0.533,58.1,0.287,68.2,39.7,1.0,5.0,-4.0,2.0,2.0,0.0,0,4.0,0.0,4.0,0.386,0.105,0,34.4,-0.459,0
PID100967,CRPF,Constable/GD,12.5,False,not_applicable_unmarried,n/a,0.0,counter_insurgency_jk_ne,6.4,28,19.4,0.693,57.5,0.142,71.3,25.7,2.0,2.0,0.0,1.0,2.0,-1.0,0,0.0,0.0,0.0,0.202,0.122,0,55.2,-0.198,0
PID100968,CRPF,Head Constable,2.8,False,not_applicable_unmarried,n/a,0.0,peace_training_static,4.6,29,28.2,0.972,40.7,0.101,100.0,0.4,1.0,3.0,-2.0,2.0,3.0,-1.0,0,2.0,4.0,-2.0,0.563,0.094,0,50.9,-0.929,0
PID100969,CRPF,Constable/GD,19.3,True,with_family,joint,0.0,peace_training_static,1.0,29,24.3,0.838,52.7,0.156,88.1,15.7,1.0,1.0,0.0,1.0,1.0,0.0,0,1.0,2.0,-1.0,0.059,-0.065,0,28.9,-0.726,0
PID100970,CRPF,Constable/GD,9.0,True,separated_hardship_posting,nuclear,1.827,law_order_vip_duty,13.7,31,21.8,0.703,55.8,0.182,68.4,27.4,4.0,1.0,3.0,4.0,2.0,2.0,0,1.0,1.0,0.0,0.111,0.011,0,57.5,0.557,1
PID100971,CRPF,Constable/GD,5.5,True,separated_hardship_posting,nuclear,0.147,counter_insurgency_jk_ne,1.1,29,17.6,0.607,56.4,0.334,69.9,32.8,4.0,0.0,4.0,3.0,2.0,1.0,0,1.0,1.0,0.0,0.369,0.074,0,36.5,0.804,0
PID100972,CRPF,Constable/GD,12.9,True,separated_hardship_posting,nuclear,0.133,counter_insurgency_jk_ne,1.0,29,11.9,0.41,51.0,0.299,67.4,29.8,5.0,5.0,0.0,5.0,2.0,3.0,0,0.0,1.0,-1.0,0.317,0.075,0,29.9,0.855,0
PID100973,CRPF,ASI/SI,10.3,True,separated_hardship_posting,nuclear,4.173,counter_naxal_lwe,31.3,31,18.6,0.6,52.2,0.415,59.5,28.3,0.0,1.0,-1.0,3.0,2.0,1.0,0,2.0,2.0,0.0,0.167,0.03,1,25.1,-0.091,0
PID100974,CRPF,Constable/GD,19.0,True,with_family,joint,0.0,peace_training_static,5.1,31,31.0,1.0,54.0,0.076,87.8,17.3,4.0,3.0,1.0,1.0,2.0,-1.0,0,0.0,0.0,0.0,0.391,0.098,0,28.0,-0.489,0
PID100975,CRPF,Head Constable,11.2,False,not_applicable_unmarried,n/a,0.0,counter_insurgency_jk_ne,2.3,28,15.6,0.557,57.3,0.286,81.6,26.9,1.0,3.0,-2.0,2.0,3.0,-1.0,1,1.0,0.0,1.0,0.6,0.014,0,45.6,-0.67,0
PID100976,CRPF,Constable/GD,8.0,True,with_family,joint,0.0,counter_naxal_lwe,21.0,29,11.7,0.403,65.1,0.262,59.9,45.7,0.0,3.0,-3.0,2.0,3.0,-1.0,0,1.0,4.0,-3.0,0.247,0.216,2,29.0,-0.028,0
PID100977,CRPF,Constable/GD,11.4,True,with_family,nuclear,0.0,law_order_vip_duty,1.4,31,27.5,0.887,48.2,0.214,93.4,18.0,3.0,0.0,3.0,3.0,2.0,1.0,1,2.0,2.0,0.0,0.283,0.089,0,46.4,0.356,0
PID100978,CRPF,Constable/GD,24.2,True,with_family,nuclear,0.0,law_order_vip_duty,11.0,28,21.7,0.775,50.8,0.195,76.4,17.6,1.0,1.0,0.0,3.0,2.0,1.0,0,0.0,0.0,0.0,0.362,0.062,0,32.3,-0.052,0
PID100979,CRPF,Constable/GD,19.3,False,not_applicable_unmarried,n/a,0.0,counter_insurgency_jk_ne,8.9,30,20.1,0.67,57.0,0.358,65.6,39.2,0.0,2.0,-2.0,2.0,1.0,1.0,1,0.0,0.0,0.0,0.099,0.061,0,54.3,-0.238,0
PID100980,CRPF,Inspector+,15.8,True,separated_hardship_posting,nuclear,3.373,counter_naxal_lwe,25.3,30,12.5,0.417,63.0,0.313,72.2,39.6,2.0,4.0,-2.0,2.0,1.0,1.0,0,1.0,1.0,0.0,0.311,0.257,2,34.2,0.659,1
PID100981,CRPF,ASI/SI,19.7,True,with_family,nuclear,0.0,peace_training_static,3.1,31,23.9,0.771,46.4,0.095,83.7,17.4,3.0,6.0,-3.0,1.0,1.0,0.0,0,2.0,0.0,2.0,0.0,-0.041,0,37.2,-1.033,0
PID100982,CRPF,Head Constable,16.4,True,separated_hardship_posting,nuclear,0.333,counter_naxal_lwe,2.5,31,18.3,0.59,58.3,0.309,73.0,31.5,1.0,0.0,1.0,4.0,2.0,2.0,0,1.0,1.0,0.0,0.001,-0.096,0,37.9,0.062,0
PID100983,CRPF,Constable/GD,6.7,False,not_applicable_unmarried,n/a,0.0,peace_training_static,1.1,30,30.0,1.0,42.3,0.122,90.5,11.3,0.0,2.0,-2.0,1.0,2.0,-1.0,1,1.0,8.0,-7.0,0.13,0.03,0,42.8,-1.157,0
PID100984,CRPF,Constable/GD,17.6,False,not_applicable_unmarried,n/a,0.0,counter_insurgency_jk_ne,1.1,30,14.6,0.487,57.7,0.419,59.4,45.1,4.0,3.0,1.0,3.0,2.0,1.0,0,0.0,0.0,0.0,0.592,0.299,3,40.6,1.164,0
PID100985,CRPF,ASI/SI,21.0,True,separated_hardship_posting,nuclear,0.587,peace_training_static,4.4,31,27.6,0.89,39.0,0.0,96.9,1.1,2.0,2.0,0.0,2.0,2.0,0.0,2,3.0,7.0,-4.0,0.544,0.177,0,25.6,-0.058,0
PID100986,CRPF,Constable/GD,21.7,True,with_family,nuclear,0.0,peace_training_static,16.7,29,21.3,0.734,42.7,0.117,79.3,21.9,0.0,0.0,0.0,3.0,2.0,1.0,1,2.0,0.0,2.0,0.277,-0.067,0,68.6,-0.392,0
PID100987,CRPF,Constable/GD,5.8,False,not_applicable_unmarried,n/a,0.0,counter_insurgency_jk_ne,24.4,30,15.9,0.53,57.4,0.37,73.6,38.0,0.0,0.0,0.0,4.0,2.0,2.0,0,4.0,4.0,0.0,0.234,0.048,0,49.8,0.417,0
PID100988,CRPF,Constable/GD,8.6,True,with_family,nuclear,0.0,peace_training_static,1.0,30,26.2,0.873,47.6,0.089,89.4,21.9,0.0,0.0,0.0,2.0,1.0,1.0,0,0.0,0.0,0.0,0.344,-0.134,0,53.9,-0.76,0
PID100989,CRPF,Head Constable,7.8,True,separated_hardship_posting,joint,1.067,counter_naxal_lwe,12.8,29,17.4,0.6,68.0,0.382,53.0,64.5,1.0,0.0,1.0,5.0,2.0,3.0,1,0.0,2.0,-2.0,0.464,0.22,4,57.7,1.219,1
PID100990,CRPF,Head Constable,9.6,False,not_applicable_unmarried,n/a,0.0,counter_naxal_lwe,5.4,31,10.7,0.345,60.1,0.421,56.9,35.6,6.0,4.0,2.0,2.0,1.0,1.0,1,5.0,4.0,1.0,0.258,0.203,0,36.8,1.202,0
PID100991,CRPF,Head Constable,14.9,True,with_family,nuclear,0.0,counter_naxal_lwe,1.0,31,21.0,0.677,62.1,0.333,64.2,47.3,1.0,2.0,-1.0,2.0,2.0,0.0,1,1.0,4.0,-3.0,0.154,0.013,0,52.4,-0.449,0
PID100992,CRPF,Head Constable,12.7,True,separated_hardship_posting,nuclear,0.987,law_order_vip_duty,7.4,32,23.5,0.734,44.5,0.181,93.1,14.3,0.0,0.0,0.0,2.0,1.0,1.0,0,2.0,2.0,0.0,0.586,-0.031,0,60.3,-0.284,0
PID100993,CRPF,Constable/GD,12.7,True,separated_hardship_posting,nuclear,0.133,counter_naxal_lwe,1.0,30,20.4,0.68,63.3,0.406,56.5,48.1,0.0,1.0,-1.0,2.0,2.0,0.0,0,0.0,0.0,0.0,0.229,0.201,4,61.4,0.113,0
PID100994,CRPF,ASI/SI,4.8,False,not_applicable_unmarried,n/a,0.0,counter_insurgency_jk_ne,13.7,31,20.7,0.668,54.4,0.33,76.7,27.1,0.0,0.0,0.0,3.0,1.0,2.0,1,0.0,0.0,0.0,0.67,0.159,1,54.0,0.584,0
PID100995,CRPF,Constable/GD,8.4,False,not_applicable_unmarried,n/a,0.0,peace_training_static,1.0,29,28.7,0.99,44.8,0.116,91.7,6.0,5.0,2.0,3.0,3.0,3.0,0.0,1,2.0,1.0,1.0,0.365,0.071,0,36.7,-0.036,0
PID100996,CRPF,Head Constable,22.5,True,separated_hardship_posting,nuclear,0.8,peace_training_static,6.0,32,32.0,1.0,47.9,0.157,84.5,11.4,3.0,1.0,2.0,2.0,1.0,1.0,0,2.0,0.0,2.0,0.252,-0.04,0,60.2,-0.323,0
PID100997,CRPF,Constable/GD,21.0,True,with_family,nuclear,0.0,counter_naxal_lwe,7.8,32,15.3,0.478,64.1,0.408,62.6,57.4,2.0,1.0,1.0,5.0,2.0,3.0,1,4.0,4.0,0.0,0.874,0.357,3,20.8,1.777,0
PID100998,CRPF,Inspector+,11.1,False,not_applicable_unmarried,n/a,0.0,counter_insurgency_jk_ne,7.7,30,18.4,0.613,52.2,0.297,71.7,30.9,2.0,2.0,0.0,2.0,2.0,0.0,0,6.0,4.0,2.0,0.306,0.067,0,30.4,-0.056,0
PID100999,CRPF,Constable/GD,17.6,False,not_applicable_unmarried,n/a,0.0,counter_naxal_lwe,3.6,31,14.1,0.455,65.2,0.368,50.1,42.5,0.0,0.0,0.0,3.0,2.0,1.0,1,1.0,1.0,0.0,0.329,0.114,2,5.4,0.49,0
PID101000,CRPF,Constable/GD,14.1,True,separated_hardship_posting,nuclear,2.32,counter_naxal_lwe,17.4,30,16.2,0.54,61.8,0.381,60.5,38.3,3.0,2.0,1.0,4.0,1.0,3.0,2,2.0,0.0,2.0,0.422,0.042,0,36.3,0.752,0
PID101001,CRPF,Constable/GD,18.7,True,with_family,joint,0.0,peace_training_static,35.9,28,27.4,0.979,51.1,0.092,84.3,7.9,1.0,2.0,-1.0,2.0,3.0,-1.0,0,1.0,5.0,-4.0,0.222,-0.18,0,33.8,-1.609,0
PID101002,CRPF,Constable/GD,18.0,False,not_applicable_unmarried,n/a,0.0,peace_training_static,1.0,32,32.0,1.0,51.8,0.191,78.0,29.3,1.0,0.0,1.0,3.0,1.0,2.0,0,4.0,7.0,-3.0,0.72,0.14,2,32.9,0.28,0
PID101003,CRPF,Constable/GD,11.6,True,separated_hardship_posting,nuclear,0.133,counter_naxal_lwe,1.0,31,15.9,0.513,68.4,0.288,64.4,46.8,0.0,2.0,-2.0,3.0,2.0,1.0,2,1.0,0.0,1.0,0.511,0.353,1,36.7,0.832,0
PID101004,CRPF,Head Constable,15.8,True,separated_hardship_posting,joint,0.083,counter_naxal_lwe,1.0,30,12.9,0.43,56.3,0.342,71.4,36.6,0.0,0.0,0.0,3.0,3.0,0.0,1,2.0,0.0,2.0,0.186,0.118,0,23.5,0.32,0
PID101005,CRPF,Constable/GD,14.7,True,separated_hardship_posting,nuclear,0.133,counter_insurgency_jk_ne,1.0,29,17.6,0.607,59.6,0.346,63.9,39.5,3.0,0.0,3.0,4.0,2.0,2.0,0,7.0,4.0,3.0,0.205,0.123,0,49.4,1.01,0
PID101006,CRPF,ASI/SI,11.8,False,not_applicable_unmarried,n/a,0.0,counter_insurgency_jk_ne,10.0,31,16.0,0.516,51.7,0.237,77.6,29.4,0.0,0.0,0.0,2.0,2.0,0.0,1,2.0,0.0,2.0,0.214,0.045,0,36.7,-0.003,0
PID101007,CRPF,Constable/GD,10.4,True,separated_hardship_posting,nuclear,1.227,counter_naxal_lwe,9.2,30,14.8,0.493,67.2,0.402,54.5,49.3,0.0,2.0,-2.0,3.0,2.0,1.0,2,0.0,3.0,-3.0,0.598,0.182,1,35.1,0.343,0
PID101008,CRPF,Head Constable,27.5,True,with_family,nuclear,0.0,counter_naxal_lwe,4.3,32,19.6,0.612,67.8,0.361,58.1,51.2,1.0,0.0,1.0,2.0,1.0,1.0,1,2.0,4.0,-2.0,0.366,0.046,0,19.9,0.252,0
PID101009,CRPF,Constable/GD,11.8,True,separated_hardship_posting,nuclear,1.573,counter_insurgency_jk_ne,11.8,29,18.9,0.652,61.9,0.38,61.0,44.9,6.0,1.0,5.0,4.0,2.0,2.0,1,7.0,4.0,3.0,0.641,0.121,0,24.7,1.258,0
PID101010,CRPF,Head Constable,17.0,True,with_family,nuclear,0.0,counter_naxal_lwe,26.8,30,19.0,0.633,60.3,0.387,61.3,36.2,7.0,4.0,3.0,4.0,4.0,0.0,1,2.0,3.0,-1.0,0.467,0.196,1,25.9,0.774,0
PID101011,CRPF,Head Constable,26.4,True,with_family,nuclear,0.0,peace_training_static,3.6,28,24.2,0.864,48.2,0.11,78.6,13.4,0.0,0.0,0.0,2.0,2.0,0.0,0,1.0,0.0,1.0,0.381,-0.001,0,47.1,-0.563,0
PID101012,CRPF,Constable/GD,15.8,True,with_family,joint,0.0,law_order_vip_duty,1.5,31,26.3,0.848,49.8,0.234,75.6,21.6,0.0,0.0,0.0,3.0,1.0,2.0,1,0.0,0.0,0.0,0.139,-0.025,0,81.4,-0.189,0
PID101013,CRPF,Inspector+,15.4,True,with_family,nuclear,0.0,counter_insurgency_jk_ne,1.0,29,17.4,0.6,58.1,0.316,69.1,37.3,0.0,0.0,0.0,2.0,2.0,0.0,0,0.0,2.0,-2.0,0.475,0.15,1,43.6,0.212,0
PID101014,CRPF,Constable/GD,11.9,False,not_applicable_unmarried,n/a,0.0,counter_insurgency_jk_ne,24.0,28,15.9,0.568,57.6,0.421,64.9,46.3,0.0,1.0,-1.0,3.0,3.0,0.0,2,3.0,5.0,-2.0,0.442,0.068,1,51.7,-0.151,0
PID101015,CRPF,Constable/GD,14.8,True,with_family,nuclear,0.0,peace_training_static,13.1,30,23.7,0.79,38.0,0.125,86.1,7.8,0.0,0.0,0.0,2.0,2.0,0.0,0,0.0,2.0,-2.0,0.042,-0.022,0,52.8,-0.536,0
PID101016,CRPF,Head Constable,9.9,False,not_applicable_unmarried,n/a,0.0,counter_naxal_lwe,7.9,30,10.2,0.34,58.8,0.342,62.3,38.5,0.0,1.0,-1.0,3.0,2.0,1.0,0,1.0,2.0,-1.0,0.254,0.135,3,15.6,0.539,0
PID101017,CRPF,ASI/SI,35.0,True,with_family,nuclear,0.0,peace_training_static,9.6,29,21.4,0.738,55.1,0.108,73.5,26.9,3.0,2.0,1.0,4.0,3.0,1.0,1,2.0,3.0,-1.0,0.631,-0.038,0,57.3,-0.156,0
PID101018,CRPF,Constable/GD,4.9,True,with_family,nuclear,0.0,counter_naxal_lwe,1.0,32,18.2,0.569,61.7,0.361,69.9,39.8,1.0,1.0,0.0,3.0,1.0,2.0,1,4.0,1.0,3.0,0.618,0.017,1,43.8,0.274,0
PID101019,CRPF,Constable/GD,10.8,True,with_family,nuclear,0.0,peace_training_static,12.1,28,22.5,0.804,46.6,0.052,92.2,10.1,2.0,0.0,2.0,3.0,2.0,1.0,0,1.0,0.0,1.0,0.319,0.066,0,56.1,0.235,0
PID101020,CRPF,ASI/SI,16.0,True,separated_hardship_posting,nuclear,0.84,counter_naxal_lwe,6.3,29,11.0,0.379,62.0,0.327,65.3,48.6,1.0,1.0,0.0,4.0,1.0,3.0,1,2.0,0.0,2.0,0.741,0.323,2,24.6,1.642,0
PID101021,CRPF,Head Constable,15.4,True,with_family,joint,0.0,peace_training_static,3.6,29,24.8,0.855,44.4,0.059,92.4,7.1,1.0,3.0,-2.0,1.0,2.0,-1.0,1,1.0,0.0,1.0,0.196,0.069,0,44.1,-0.863,0
PID101022,CRPF,Inspector+,9.9,True,separated_hardship_posting,joint,0.392,counter_naxal_lwe,4.7,32,18.4,0.575,62.1,0.297,60.1,42.8,1.0,6.0,-5.0,2.0,2.0,0.0,1,2.0,2.0,0.0,0.316,0.266,4,50.4,-0.18,0
PID101023,CRPF,Constable/GD,3.7,False,not_applicable_unmarried,n/a,0.0,peace_training_static,2.5,29,27.3,0.941,44.4,0.168,85.8,9.9,1.0,0.0,1.0,4.0,4.0,0.0,0,0.0,1.0,-1.0,0.118,0.07,0,38.7,-0.289,0
PID101024,CRPF,Head Constable,5.4,True,separated_hardship_posting,joint,3.517,law_order_vip_duty,42.2,29,21.7,0.748,42.9,0.222,90.9,18.2,1.0,0.0,1.0,2.0,1.0,1.0,0,1.0,1.0,0.0,0.411,0.009,0,22.7,-0.026,1
PID101025,CRPF,Constable/GD,13.2,False,not_applicable_unmarried,n/a,0.0,counter_naxal_lwe,11.5,30,16.3,0.543,65.1,0.305,58.6,40.6,1.0,0.0,1.0,4.0,3.0,1.0,3,0.0,3.0,-3.0,0.133,0.084,0,13.8,0.449,0
PID101026,CRPF,ASI/SI,3.0,True,separated_hardship_posting,joint,0.65,law_order_vip_duty,7.8,29,20.1,0.693,58.5,0.211,74.2,31.3,0.0,0.0,0.0,3.0,2.0,1.0,0,1.0,2.0,-1.0,0.064,0.012,0,50.6,-0.104,0
PID101027,CRPF,Constable/GD,16.6,True,with_family,nuclear,0.0,counter_naxal_lwe,1.0,29,17.9,0.617,57.3,0.335,68.4,40.6,6.0,2.0,4.0,4.0,2.0,2.0,0,1.0,2.0,-1.0,0.514,0.152,2,48.7,1.241,0
PID101028,CRPF,Head Constable,21.9,True,separated_hardship_posting,nuclear,0.133,counter_insurgency_jk_ne,1.0,29,16.9,0.583,56.3,0.303,71.7,28.5,1.0,2.0,-1.0,3.0,3.0,0.0,1,0.0,0.0,0.0,0.21,0.045,0,29.6,-0.239,0
PID101029,CRPF,Constable/GD,18.2,True,separated_hardship_posting,nuclear,3.267,counter_naxal_lwe,24.5,30,16.3,0.543,68.0,0.26,60.9,50.6,2.0,0.0,2.0,2.0,2.0,0.0,1,1.0,1.0,0.0,0.37,0.253,3,52.2,0.898,1
PID101030,CRPF,Head Constable,20.1,True,separated_hardship_posting,nuclear,2.32,law_order_vip_duty,17.4,31,26.4,0.852,48.9,0.155,80.9,8.3,1.0,1.0,0.0,2.0,2.0,0.0,0,1.0,3.0,-2.0,0.326,-0.059,0,31.6,-0.723,0
PID101031,CRPF,Head Constable,3.1,True,separated_hardship_posting,joint,0.142,peace_training_static,1.7,30,29.4,0.98,47.6,0.034,88.4,6.2,1.0,0.0,1.0,3.0,2.0,1.0,2,0.0,0.0,0.0,0.156,-0.017,0,25.1,-0.385,0
PID101032,CRPF,Constable/GD,10.1,True,separated_hardship_posting,nuclear,0.453,counter_insurgency_jk_ne,3.4,32,18.6,0.581,75.3,0.246,56.8,53.8,1.0,1.0,0.0,5.0,3.0,2.0,0,5.0,0.0,5.0,0.663,0.195,1,46.3,0.796,1
PID101033,CRPF,ASI/SI,6.3,False,not_applicable_unmarried,n/a,0.0,law_order_vip_duty,11.8,29,20.8,0.717,54.5,0.177,87.9,35.2,1.0,2.0,-1.0,1.0,3.0,-2.0,1,0.0,0.0,0.0,0.137,-0.064,0,13.9,-1.157,0
PID101034,CRPF,Constable/GD,4.2,True,with_family,nuclear,0.0,peace_training_static,11.0,32,27.8,0.869,46.3,0.058,96.3,9.8,2.0,0.0,2.0,3.0,1.0,2.0,2,1.0,3.0,-2.0,0.331,0.039,0,43.0,0.286,0
PID101035,CRPF,Head Constable,8.9,False,not_applicable_unmarried,n/a,0.0,law_order_vip_duty,4.8,31,17.2,0.555,55.5,0.266,55.6,35.8,0.0,0.0,0.0,1.0,2.0,-1.0,0,3.0,3.0,0.0,0.122,-0.104,0,14.5,-0.714,0
PID101036,CRPF,Constable/GD,26.0,True,with_family,nuclear,0.0,counter_naxal_lwe,8.3,28,18.7,0.668,65.1,0.46,49.4,57.9,0.0,0.0,0.0,3.0,2.0,1.0,0,0.0,1.0,-1.0,0.511,0.206,0,22.4,0.51,0
PID101037,CRPF,Constable/GD,29.8,True,with_family,nuclear,0.0,counter_insurgency_jk_ne,12.1,31,16.5,0.532,55.4,0.35,69.7,28.4,5.0,2.0,3.0,5.0,3.0,2.0,0,0.0,0.0,0.0,0.139,-0.001,0,34.1,0.727,0
PID101038,CRPF,Constable/GD,6.9,True,separated_hardship_posting,nuclear,2.64,counter_naxal_lwe,19.8,32,20.2,0.631,55.1,0.316,64.2,18.7,0.0,0.0,0.0,3.0,1.0,2.0,0,3.0,6.0,-3.0,0.173,-0.018,0,50.5,0.096,0
PID101039,CRPF,Constable/GD,12.3,True,separated_hardship_posting,joint,0.15,counter_insurgency_jk_ne,1.8,31,18.7,0.603,60.4,0.313,58.2,49.4,0.0,0.0,0.0,4.0,1.0,3.0,0,2.0,1.0,1.0,0.218,0.072,0,9.2,0.614,1
PID101040,CRPF,Constable/GD,14.7,False,not_applicable_unmarried,n/a,0.0,counter_naxal_lwe,4.5,29,20.1,0.693,65.0,0.346,56.1,49.9,3.0,2.0,1.0,3.0,3.0,0.0,0,5.0,4.0,1.0,0.295,0.096,0,50.9,0.09,0
PID101041,CRPF,Head Constable,10.2,False,not_applicable_unmarried,n/a,0.0,peace_training_static,11.9,30,28.6,0.953,44.8,0.083,93.5,6.8,0.0,0.0,0.0,1.0,3.0,-2.0,0,3.0,2.0,1.0,0.279,-0.068,0,57.7,-1.3,0
PID101042,CRPF,Head Constable,22.8,True,separated_hardship_posting,nuclear,0.173,law_order_vip_duty,1.3,32,26.7,0.834,58.6,0.299,71.3,35.5,0.0,0.0,0.0,4.0,1.0,3.0,3,2.0,1.0,1.0,0.068,-0.07,0,43.6,-0.092,0
PID101043,CRPF,Head Constable,9.0,True,separated_hardship_posting,joint,4.0,law_order_vip_duty,48.0,29,20.0,0.69,57.8,0.34,64.6,42.5,0.0,0.0,0.0,3.0,3.0,0.0,1,0.0,2.0,-2.0,0.631,0.085,0,37.3,-0.092,0
PID101044,CRPF,Constable/GD,8.1,False,not_applicable_unmarried,n/a,0.0,counter_naxal_lwe,33.6,30,12.6,0.42,65.1,0.262,59.2,43.1,0.0,0.0,0.0,4.0,2.0,2.0,1,6.0,0.0,6.0,0.428,-0.057,0,39.5,0.232,0
PID101045,CRPF,Constable/GD,7.1,True,with_family,nuclear,0.0,counter_naxal_lwe,9.8,30,16.9,0.563,60.9,0.436,54.5,46.6,0.0,0.0,0.0,3.0,2.0,1.0,0,0.0,0.0,0.0,0.111,0.091,0,18.4,0.291,0
PID101046,CRPF,Constable/GD,10.1,True,separated_hardship_posting,nuclear,0.493,law_order_vip_duty,3.7,32,18.2,0.569,43.6,0.185,91.7,21.5,3.0,3.0,0.0,2.0,2.0,0.0,0,4.0,5.0,-1.0,0.612,0.056,0,39.2,-0.034,0
PID101047,CRPF,Head Constable,1.5,True,separated_hardship_posting,nuclear,1.493,counter_insurgency_jk_ne,11.2,32,17.8,0.556,57.3,0.284,72.2,26.9,0.0,0.0,0.0,2.0,2.0,0.0,1,3.0,5.0,-2.0,0.508,-0.034,0,44.6,-0.29,0
PID101048,CRPF,ASI/SI,10.4,True,with_family,nuclear,0.0,peace_training_static,47.4,31,24.3,0.784,38.7,0.137,100.0,6.7,1.0,1.0,0.0,1.0,2.0,-1.0,1,1.0,4.0,-3.0,0.234,0.079,0,95.0,-0.438,0
PID101049,CRPF,Constable/GD,12.7,True,with_family,joint,0.0,counter_insurgency_jk_ne,1.0,30,15.5,0.517,48.6,0.393,75.6,20.6,1.0,2.0,-1.0,2.0,3.0,-1.0,1,4.0,1.0,3.0,0.138,-0.108,0,59.2,-0.834,0
PID101050,CRPF,Head Constable,13.2,True,with_family,joint,0.0,counter_naxal_lwe,8.7,30,18.3,0.61,64.6,0.367,50.4,56.4,2.0,2.0,0.0,4.0,2.0,2.0,2,0.0,0.0,0.0,0.27,0.068,0,37.5,0.378,0
PID101051,CRPF,Constable/GD,6.1,False,not_applicable_unmarried,n/a,0.0,law_order_vip_duty,8.8,31,24.8,0.8,56.7,0.245,69.7,33.5,1.0,0.0,1.0,2.0,3.0,-1.0,1,3.0,4.0,-1.0,0.171,-0.141,0,24.9,-0.967,0
PID101052,CRPF,Constable/GD,13.1,True,with_family,joint,0.0,law_order_vip_duty,2.4,28,20.5,0.732,44.2,0.271,89.7,11.6,1.0,3.0,-2.0,2.0,3.0,-1.0,1,0.0,0.0,0.0,0.307,-0.13,0,45.0,-1.315,0
PID101053,CRPF,Constable/GD,12.9,False,not_applicable_unmarried,n/a,0.0,counter_naxal_lwe,11.9,30,17.5,0.583,61.0,0.411,50.0,38.8,1.0,0.0,1.0,3.0,2.0,1.0,0,1.0,1.0,0.0,0.5,-0.006,0,39.1,0.128,0
PID101054,CRPF,Constable/GD,13.1,False,not_applicable_unmarried,n/a,0.0,law_order_vip_duty,2.2,29,20.1,0.693,51.9,0.251,76.4,23.8,0.0,2.0,-2.0,2.0,2.0,0.0,1,1.0,2.0,-1.0,0.207,0.047,0,45.4,-0.52,0
PID101055,CRPF,Head Constable,18.4,True,with_family,joint,0.0,counter_naxal_lwe,10.4,32,24.9,0.778,60.8,0.411,62.4,43.9,1.0,3.0,-2.0,2.0,2.0,0.0,0,2.0,3.0,-1.0,0.351,-0.065,0,24.3,-0.96,0
PID101056,CRPF,ASI/SI,5.9,True,with_family,nuclear,0.0,counter_naxal_lwe,1.1,32,18.5,0.578,56.5,0.314,81.3,36.8,3.0,3.0,0.0,3.0,2.0,1.0,2,1.0,0.0,1.0,0.484,0.036,0,15.0,0.109,0
PID101057,CRPF,Constable/GD,10.2,True,separated_hardship_posting,joint,2.383,counter_naxal_lwe,28.6,29,14.2,0.49,67.3,0.246,56.5,40.7,10.0,1.0,9.0,4.0,2.0,2.0,1,0.0,0.0,0.0,0.668,0.003,0,45.8,1.717,0
PID101058,CRPF,Constable/GD,3.6,False,not_applicable_unmarried,n/a,0.0,law_order_vip_duty,28.2,31,25.9,0.835,46.6,0.329,78.8,17.8,1.0,2.0,-1.0,1.0,3.0,-2.0,0,0.0,3.0,-3.0,0.249,0.019,0,32.6,-1.048,0
PID101059,CRPF,Head Constable,17.5,True,separated_hardship_posting,nuclear,5.307,law_order_vip_duty,39.8,30,26.2,0.873,44.2,0.158,99.2,6.8,2.0,0.0,2.0,1.0,2.0,-1.0,1,1.0,0.0,1.0,0.375,-0.073,0,39.7,-0.695,0
PID101060,CRPF,Inspector+,6.5,False,not_applicable_unmarried,n/a,0.0,counter_naxal_lwe,1.9,32,15.3,0.478,56.5,0.318,65.6,31.1,3.0,2.0,1.0,1.0,1.0,0.0,0,0.0,0.0,0.0,0.729,0.163,0,23.7,0.552,0
PID101061,CRPF,Head Constable,19.9,True,separated_hardship_posting,joint,2.417,law_order_vip_duty,29.0,30,18.2,0.607,53.9,0.2,83.2,21.8,1.0,1.0,0.0,3.0,2.0,1.0,1,3.0,1.0,2.0,0.077,0.019,0,56.3,0.023,0
PID101062,CRPF,Constable/GD,20.3,True,with_family,nuclear,0.0,law_order_vip_duty,16.1,31,19.6,0.632,50.9,0.19,82.8,16.4,6.0,1.0,5.0,2.0,1.0,1.0,2,11.0,13.0,-2.0,0.0,-0.065,0,20.7,0.511,0
PID101063,CRPF,Head Constable,10.8,True,separated_hardship_posting,nuclear,0.187,counter_insurgency_jk_ne,1.4,31,16.6,0.535,54.9,0.256,72.0,32.0,3.0,0.0,3.0,3.0,3.0,0.0,2,0.0,0.0,0.0,0.0,-0.082,0,52.5,0.053,0
PID101064,CRPF,Constable/GD,10.5,True,with_family,joint,0.0,counter_naxal_lwe,3.5,32,17.4,0.544,64.1,0.378,61.1,43.3,0.0,0.0,0.0,4.0,3.0,1.0,0,4.0,1.0,3.0,0.221,0.104,0,39.0,0.353,0
PID101065,CRPF,Inspector+,4.6,True,with_family,nuclear,0.0,counter_naxal_lwe,12.7,31,12.2,0.394,63.3,0.378,58.4,45.6,0.0,1.0,-1.0,1.0,2.0,-1.0,1,3.0,2.0,1.0,0.178,0.094,0,36.4,-0.078,0
PID101066,CRPF,Constable/GD,12.1,True,separated_hardship_posting,nuclear,0.133,counter_naxal_lwe,1.0,29,14.7,0.507,52.8,0.387,84.0,30.2,4.0,0.0,4.0,4.0,2.0,2.0,0,2.0,3.0,-1.0,0.144,0.071,0,42.4,1.131,0
PID101067,CRPF,Head Constable,18.3,True,with_family,nuclear,0.0,peace_training_static,1.0,31,27.3,0.881,48.1,0.153,72.6,12.8,2.0,0.0,2.0,2.0,2.0,0.0,0,2.0,0.0,2.0,0.091,0.019,0,36.7,-0.215,0
PID101068,CRPF,Constable/GD,14.0,True,with_family,nuclear,0.0,peace_training_static,1.0,29,27.1,0.934,50.7,0.095,82.7,21.1,0.0,2.0,-2.0,1.0,1.0,0.0,0,0.0,0.0,0.0,0.497,0.04,0,35.2,-0.833,0
PID101069,CRPF,Constable/GD,24.2,True,with_family,nuclear,0.0,counter_naxal_lwe,31.1,31,18.9,0.61,61.5,0.325,61.8,42.3,0.0,0.0,0.0,3.0,2.0,1.0,1,3.0,0.0,3.0,0.495,0.152,0,39.4,0.418,0
PID101070,CRPF,ASI/SI,9.5,True,with_family,nuclear,0.0,counter_insurgency_jk_ne,1.0,32,20.4,0.638,57.1,0.367,65.7,38.1,1.0,4.0,-3.0,1.0,2.0,-1.0,1,0.0,1.0,-1.0,0.201,0.014,0,32.4,-0.921,0
PID101071,CRPF,Head Constable,9.5,True,separated_hardship_posting,nuclear,0.36,counter_naxal_lwe,2.7,30,21.9,0.73,69.6,0.319,61.2,48.9,3.0,3.0,0.0,5.0,2.0,3.0,0,0.0,0.0,0.0,0.328,0.159,1,44.5,0.721,1
PID101072,CRPF,Constable/GD,6.8,True,with_family,joint,0.0,counter_naxal_lwe,1.0,32,20.9,0.653,59.2,0.318,63.5,37.0,1.0,0.0,1.0,4.0,3.0,1.0,0,7.0,1.0,6.0,0.05,-0.074,0,59.3,-0.16,0
PID101073,CRPF,ASI/SI,32.8,False,not_applicable_unmarried,n/a,0.0,counter_naxal_lwe,24.3,28,16.1,0.575,61.3,0.406,63.3,43.4,2.0,2.0,0.0,3.0,4.0,-1.0,0,3.0,2.0,1.0,0.235,0.16,0,77.9,0.059,1
PID101074,CRPF,ASI/SI,4.6,True,with_family,nuclear,0.0,counter_naxal_lwe,12.1,30,13.6,0.453,63.3,0.349,61.8,44.3,1.0,1.0,0.0,3.0,1.0,2.0,1,1.0,0.0,1.0,0.372,0.126,1,55.0,0.743,0
PID101075,CRPF,Constable/GD,17.6,True,separated_hardship_posting,joint,0.467,counter_naxal_lwe,5.6,32,15.6,0.488,62.2,0.32,67.8,34.5,0.0,2.0,-2.0,3.0,3.0,0.0,2,2.0,1.0,1.0,0.647,0.188,3,50.1,0.154,0
PID101076,CRPF,Constable/GD,18.5,True,separated_hardship_posting,joint,1.558,counter_naxal_lwe,18.7,31,12.8,0.413,60.9,0.32,63.4,48.0,0.0,0.0,0.0,4.0,1.0,3.0,1,2.0,0.0,2.0,0.859,0.32,0,8.8,1.589,1
PID101077,CRPF,Constable/GD,18.1,True,with_family,joint,0.0,counter_insurgency_jk_ne,9.7,29,17.9,0.617,58.4,0.367,67.0,34.6,1.0,2.0,-1.0,3.0,1.0,2.0,1,1.0,0.0,1.0,0.466,0.133,1,37.7,0.411,0
PID101078,CRPF,Head Constable,7.2,False,not_applicable_unmarried,n/a,0.0,counter_insurgency_jk_ne,15.8,30,19.0,0.633,64.3,0.335,59.1,45.5,1.0,0.0,1.0,3.0,1.0,2.0,1,1.0,4.0,-3.0,0.206,0.186,0,29.8,0.86,0
PID101079,CRPF,Constable/GD,5.1,True,separated_hardship_posting,nuclear,0.96,counter_insurgency_jk_ne,7.2,28,19.5,0.696,61.2,0.314,58.2,47.4,1.0,0.0,1.0,4.0,3.0,1.0,0,1.0,1.0,0.0,0.422,0.08,0,17.0,0.253,0
PID101080,CRPF,Constable/GD,10.8,True,separated_hardship_posting,nuclear,1.533,counter_naxal_lwe,11.5,32,18.4,0.575,61.7,0.28,74.5,35.3,1.0,0.0,1.0,5.0,3.0,2.0,0,4.0,4.0,0.0,0.104,-0.167,0,55.4,-0.132,0
PID101081,CRPF,ASI/SI,16.2,True,separated_hardship_posting,nuclear,1.813,counter_insurgency_jk_ne,13.6,28,20.0,0.714,54.5,0.314,66.9,33.7,1.0,0.0,1.0,4.0,2.0,2.0,1,3.0,1.0,2.0,0.456,0.099,0,15.1,0.502,0
PID101082,CRPF,ASI/SI,8.2,True,with_family,nuclear,0.0,counter_insurgency_jk_ne,3.1,30,21.2,0.707,55.1,0.287,69.0,20.8,0.0,0.0,0.0,2.0,1.0,1.0,1,1.0,4.0,-3.0,0.06,0.009,0,27.7,-0.128,0
PID101083,CRPF,ASI/SI,10.0,True,with_family,nuclear,0.0,peace_training_static,8.9,30,23.9,0.797,49.8,0.065,81.5,6.7,0.0,2.0,-2.0,2.0,2.0,0.0,1,1.0,3.0,-2.0,0.653,0.072,0,13.8,-0.571,0
PID101084,CRPF,Inspector+,8.3,True,with_family,nuclear,0.0,counter_naxal_lwe,4.8,31,15.5,0.5,55.6,0.314,72.7,32.1,0.0,3.0,-3.0,1.0,1.0,0.0,0,1.0,3.0,-2.0,0.178,0.048,0,37.9,-0.438,0
PID101085,CRPF,Head Constable,12.6,True,with_family,nuclear,0.0,law_order_vip_duty,2.9,30,22.5,0.75,61.6,0.262,62.9,40.2,1.0,4.0,-3.0,1.0,2.0,-1.0,1,1.0,0.0,1.0,0.377,0.07,0,57.1,-0.887,0
PID101086,CRPF,Head Constable,12.1,False,not_applicable_unmarried,n/a,0.0,counter_naxal_lwe,4.5,28,13.3,0.475,61.9,0.425,68.0,48.7,2.0,1.0,1.0,2.0,1.0,1.0,0,3.0,0.0,3.0,0.857,0.266,3,21.6,1.081,0
PID101087,CRPF,Head Constable,26.6,True,with_family,nuclear,0.0,counter_naxal_lwe,6.7,31,16.3,0.526,56.5,0.287,73.6,36.1,2.0,2.0,0.0,3.0,3.0,0.0,1,2.0,1.0,1.0,0.317,0.025,0,32.0,-0.075,0
PID101088,CRPF,Constable/GD,16.4,True,with_family,joint,0.0,counter_insurgency_jk_ne,37.3,32,20.1,0.628,58.7,0.244,68.0,26.5,1.0,3.0,-2.0,1.0,1.0,0.0,0,0.0,0.0,0.0,0.151,0.046,0,52.0,-0.444,0
PID101089,CRPF,Constable/GD,5.3,False,not_applicable_unmarried,n/a,0.0,law_order_vip_duty,22.1,31,22.9,0.739,48.8,0.262,74.4,29.6,0.0,0.0,0.0,3.0,3.0,0.0,1,4.0,3.0,1.0,0.217,0.0,0,58.9,-0.408,0
PID101090,CRPF,Constable/GD,5.6,False,not_applicable_unmarried,n/a,0.0,peace_training_static,9.5,28,25.2,0.9,44.3,0.095,90.8,3.6,2.0,0.0,2.0,1.0,1.0,0.0,2,4.0,2.0,2.0,0.497,0.031,0,40.2,-0.202,0
PID101091,CRPF,Head Constable,17.7,True,separated_hardship_posting,nuclear,5.013,counter_insurgency_jk_ne,37.6,28,14.0,0.5,52.0,0.333,76.6,32.4,1.0,0.0,1.0,3.0,3.0,0.0,1,3.0,3.0,0.0,0.493,0.094,0,21.4,0.317,1
PID101092,CRPF,Constable/GD,12.0,False,not_applicable_unmarried,n/a,0.0,counter_naxal_lwe,1.7,29,17.5,0.603,61.0,0.325,63.6,38.1,1.0,1.0,0.0,3.0,3.0,0.0,0,6.0,6.0,0.0,0.381,0.163,1,35.2,0.247,0
PID101093,CRPF,Constable/GD,31.8,True,separated_hardship_posting,joint,0.083,law_order_vip_duty,1.0,29,23.0,0.793,43.5,0.255,85.1,28.5,1.0,2.0,-1.0,3.0,2.0,1.0,0,0.0,0.0,0.0,0.405,-0.051,0,33.6,-0.569,0
PID101094,CRPF,Head Constable,31.7,False,not_applicable_unmarried,n/a,0.0,counter_naxal_lwe,2.5,28,13.1,0.468,59.6,0.268,61.6,34.7,1.0,0.0,1.0,5.0,2.0,3.0,2,0.0,1.0,-1.0,0.543,0.106,0,30.9,1.032,0
PID101095,CRPF,Constable/GD,6.8,True,with_family,joint,0.0,counter_insurgency_jk_ne,12.9,32,15.3,0.478,54.7,0.333,84.0,28.7,2.0,6.0,-4.0,2.0,2.0,0.0,0,5.0,2.0,3.0,0.176,0.067,0,20.2,-0.509,0
PID101096,CRPF,Constable/GD,14.1,True,with_family,joint,0.0,peace_training_static,20.4,31,31.0,1.0,44.0,0.0,94.4,6.3,1.0,3.0,-2.0,2.0,3.0,-1.0,1,2.0,1.0,1.0,0.143,0.023,0,50.7,-1.178,0
PID101097,CRPF,ASI/SI,5.6,True,with_family,nuclear,0.0,counter_insurgency_jk_ne,12.0,31,23.8,0.768,54.9,0.356,61.1,34.4,0.0,0.0,0.0,4.0,2.0,2.0,2,5.0,6.0,-1.0,0.194,-0.1,0,34.8,-0.317,0
PID101098,CRPF,ASI/SI,17.6,False,not_applicable_unmarried,n/a,0.0,counter_insurgency_jk_ne,1.0,32,19.9,0.622,58.1,0.298,61.7,32.0,0.0,0.0,0.0,2.0,2.0,0.0,0,1.0,2.0,-1.0,0.257,0.056,0,12.6,-0.098,0
PID101099,CRPF,Constable/GD,28.6,True,separated_hardship_posting,nuclear,4.387,counter_naxal_lwe,32.9,32,16.5,0.516,65.6,0.376,54.7,59.8,0.0,1.0,-1.0,4.0,2.0,2.0,0,4.0,3.0,1.0,0.411,0.31,3,48.6,1.068,1
PID101100,CRPF,Constable/GD,13.0,True,separated_hardship_posting,nuclear,0.52,counter_naxal_lwe,3.9,28,18.5,0.661,63.4,0.364,71.4,38.9,0.0,0.0,0.0,3.0,3.0,0.0,0,1.0,1.0,0.0,0.209,0.015,0,65.1,-0.27,0
PID101101,CRPF,Constable/GD,9.3,True,with_family,nuclear,0.0,peace_training_static,22.8,28,26.6,0.95,51.2,0.018,85.9,12.3,1.0,0.0,1.0,3.0,2.0,1.0,1,0.0,2.0,-2.0,0.291,-0.11,0,44.1,-0.627,0
PID101102,CRPF,Head Constable,14.9,True,separated_hardship_posting,nuclear,0.493,counter_naxal_lwe,3.7,31,16.4,0.529,60.0,0.432,58.5,43.2,1.0,2.0,-1.0,4.0,1.0,3.0,0,3.0,4.0,-1.0,0.575,0.174,1,24.6,0.856,0
PID101103,CRPF,ASI/SI,19.6,False,not_applicable_unmarried,n/a,0.0,counter_naxal_lwe,30.9,32,20.5,0.641,63.3,0.37,64.6,44.7,1.0,1.0,0.0,3.0,2.0,1.0,2,3.0,0.0,3.0,0.695,0.03,0,71.7,0.014,0
PID101104,CRPF,Constable/GD,19.6,True,with_family,nuclear,0.0,counter_insurgency_jk_ne,1.8,31,16.2,0.523,59.5,0.345,70.3,34.3,5.0,1.0,4.0,4.0,3.0,1.0,0,2.0,2.0,0.0,0.299,-0.042,1,39.6,0.555,0
PID101105,CRPF,Head Constable,9.4,True,separated_hardship_posting,nuclear,0.667,counter_naxal_lwe,5.0,32,15.5,0.484,66.6,0.302,62.6,50.4,2.0,1.0,1.0,3.0,2.0,1.0,0,0.0,1.0,-1.0,0.254,0.174,0,51.5,0.793,0
PID101106,CRPF,Constable/GD,8.1,True,with_family,nuclear,0.0,counter_naxal_lwe,2.2,31,18.1,0.584,59.1,0.364,65.6,39.8,4.0,3.0,1.0,4.0,2.0,2.0,0,3.0,3.0,0.0,0.47,-0.025,0,34.1,0.286,0
PID101107,CRPF,Constable/GD,13.7,True,with_family,nuclear,0.0,counter_naxal_lwe,1.1,30,16.8,0.56,65.2,0.271,54.8,45.3,3.0,1.0,2.0,5.0,3.0,2.0,2,1.0,6.0,-5.0,0.386,0.007,0,30.2,0.565,0
PID101108,CRPF,Inspector+,9.8,True,with_family,joint,0.0,counter_insurgency_jk_ne,2.3,28,18.7,0.668,54.6,0.309,67.1,35.2,0.0,0.0,0.0,3.0,2.0,1.0,0,1.0,1.0,0.0,0.16,0.091,1,50.9,0.165,0
PID101109,CRPF,Constable/GD,22.8,True,with_family,nuclear,0.0,counter_insurgency_jk_ne,5.9,31,22.2,0.716,55.7,0.244,63.4,28.3,0.0,0.0,0.0,2.0,1.0,1.0,1,1.0,1.0,0.0,0.38,0.001,0,25.5,-0.164,0
PID101110,CRPF,Constable/GD,9.7,True,separated_hardship_posting,nuclear,3.427,law_order_vip_duty,25.7,29,17.1,0.59,50.6,0.52,66.2,32.0,0.0,0.0,0.0,3.0,1.0,2.0,2,0.0,2.0,-2.0,0.453,-0.069,0,33.5,-0.008,0
PID101111,CRPF,Constable/GD,12.5,True,with_family,nuclear,0.0,counter_naxal_lwe,29.1,29,16.1,0.555,63.8,0.386,55.8,46.9,1.0,1.0,0.0,4.0,2.0,2.0,2,1.0,0.0,1.0,0.28,0.086,0,38.2,0.499,0
PID101112,CRPF,Head Constable,14.7,True,with_family,joint,0.0,peace_training_static,31.6,32,32.0,1.0,41.7,0.2,87.0,15.6,0.0,1.0,-1.0,2.0,3.0,-1.0,1,3.0,1.0,2.0,0.527,0.199,0,59.0,-0.491,0
PID101113,CRPF,ASI/SI,4.7,False,not_applicable_unmarried,n/a,0.0,counter_naxal_lwe,1.0,31,15.3,0.494,58.2,0.335,68.3,35.4,1.0,0.0,1.0,3.0,2.0,1.0,1,3.0,2.0,1.0,0.912,0.079,0,18.9,0.492,0
PID101114,CRPF,Inspector+,8.5,True,separated_hardship_posting,nuclear,0.227,counter_naxal_lwe,1.7,30,14.4,0.48,59.4,0.374,59.8,39.5,0.0,0.0,0.0,2.0,1.0,1.0,0,0.0,1.0,-1.0,0.811,0.102,0,55.9,0.425,0
PID101115,CRPF,Constable/GD,31.0,True,with_family,nuclear,0.0,peace_training_static,29.6,31,21.2,0.684,46.2,0.174,84.2,5.0,0.0,0.0,0.0,1.0,3.0,-2.0,0,3.0,3.0,0.0,0.033,-0.093,0,51.6,-1.049,0
PID101116,CRPF,Constable/GD,19.1,False,not_applicable_unmarried,n/a,0.0,peace_training_static,21.9,31,28.2,0.91,42.3,0.056,92.3,2.5,0.0,0.0,0.0,2.0,1.0,1.0,1,4.0,1.0,3.0,0.279,0.001,0,48.8,-0.398,0
PID101117,CRPF,Head Constable,9.6,True,separated_hardship_posting,nuclear,2.093,counter_naxal_lwe,15.7,30,18.2,0.607,63.1,0.31,62.0,34.2,0.0,0.0,0.0,4.0,1.0,3.0,1,2.0,1.0,1.0,0.321,-0.059,0,50.5,0.215,0
PID101118,CRPF,Constable/GD,17.6,True,with_family,nuclear,0.0,counter_insurgency_jk_ne,36.1,32,20.9,0.653,56.6,0.358,69.6,28.3,2.0,2.0,0.0,2.0,1.0,1.0,0,1.0,1.0,0.0,0.167,-0.125,0,23.0,-0.469,0
PID101119,CRPF,ASI/SI,22.6,False,not_applicable_unmarried,n/a,0.0,peace_training_static,23.0,28,22.1,0.789,48.6,0.107,78.2,19.3,6.0,2.0,4.0,4.0,2.0,2.0,0,0.0,0.0,0.0,0.037,0.017,0,18.9,0.627,0
PID101120,CRPF,Head Constable,10.5,True,with_family,joint,0.0,counter_naxal_lwe,16.1,30,16.5,0.55,62.3,0.305,66.0,57.1,7.0,6.0,1.0,3.0,2.0,1.0,0,0.0,0.0,0.0,0.292,0.074,0,12.7,0.41,0
PID101121,CRPF,Constable/GD,18.6,False,not_applicable_unmarried,n/a,0.0,counter_naxal_lwe,16.4,30,17.2,0.573,69.0,0.312,57.2,50.7,0.0,0.0,0.0,3.0,2.0,1.0,2,2.0,2.0,0.0,0.649,0.161,3,34.1,0.49,1
PID101122,CRPF,ASI/SI,17.2,True,separated_hardship_posting,nuclear,0.24,counter_insurgency_jk_ne,1.8,28,17.0,0.607,58.5,0.227,73.1,34.1,2.0,1.0,1.0,4.0,3.0,1.0,1,2.0,3.0,-1.0,0.294,0.183,1,44.5,0.671,0
PID101123,CRPF,Constable/GD,5.7,True,with_family,nuclear,0.0,peace_training_static,1.0,31,24.6,0.794,41.1,0.002,99.5,0.0,0.0,0.0,0.0,1.0,1.0,0.0,2,3.0,4.0,-1.0,0.307,0.047,0,25.1,-0.333,0
PID101124,CRPF,Constable/GD,10.6,True,with_family,nuclear,0.0,counter_insurgency_jk_ne,22.6,28,17.0,0.607,57.1,0.198,75.4,24.3,0.0,1.0,-1.0,2.0,1.0,1.0,0,1.0,2.0,-1.0,0.0,-0.076,0,48.5,-0.42,0
PID101125,CRPF,Head Constable,27.0,True,separated_hardship_posting,joint,0.142,counter_insurgency_jk_ne,1.7,31,16.2,0.523,58.1,0.303,65.5,46.5,10.0,3.0,7.0,5.0,3.0,2.0,0,0.0,1.0,-1.0,0.255,0.072,0,37.4,1.577,1
PID101126,CRPF,Constable/GD,30.5,False,not_applicable_unmarried,n/a,0.0,peace_training_static,8.2,31,22.3,0.719,42.4,0.16,93.6,4.8,2.0,3.0,-1.0,1.0,2.0,-1.0,3,3.0,2.0,1.0,0.33,-0.092,0,39.9,-1.031,0
PID101127,CRPF,Head Constable,19.2,True,with_family,nuclear,0.0,counter_naxal_lwe,2.3,30,18.5,0.617,68.1,0.501,55.9,44.8,0.0,1.0,-1.0,2.0,1.0,1.0,1,0.0,0.0,0.0,0.187,0.088,0,49.0,0.062,0
PID101128,CRPF,Head Constable,8.3,False,not_applicable_unmarried,n/a,0.0,law_order_vip_duty,9.9,29,22.2,0.766,50.8,0.218,76.4,24.7,0.0,3.0,-3.0,2.0,3.0,-1.0,0,0.0,6.0,-6.0,0.272,0.034,0,40.0,-1.015,0
PID101129,CRPF,Inspector+,2.4,True,with_family,nuclear,0.0,counter_naxal_lwe,1.9,32,19.4,0.606,59.4,0.273,65.0,34.6,1.0,0.0,1.0,3.0,3.0,0.0,1,3.0,3.0,0.0,0.356,-0.074,0,22.0,-0.316,0
PID101130,CRPF,Inspector+,7.6,False,not_applicable_unmarried,n/a,0.0,law_order_vip_duty,38.8,31,21.6,0.697,52.7,0.218,81.1,27.2,0.0,0.0,0.0,4.0,3.0,1.0,0,0.0,1.0,-1.0,0.057,0.003,0,63.2,-0.135,0
PID101131,CRPF,Constable/GD,5.2,False,not_applicable_unmarried,n/a,0.0,counter_insurgency_jk_ne,11.2,28,18.7,0.668,54.4,0.342,67.2,41.0,1.0,0.0,1.0,3.0,1.0,2.0,0,10.0,6.0,4.0,0.526,0.148,2,48.0,0.703,0
PID101132,CRPF,Constable/GD,28.0,True,separated_hardship_posting,nuclear,1.28,counter_naxal_lwe,9.6,31,20.1,0.648,65.9,0.412,50.7,53.0,0.0,0.0,0.0,5.0,1.0,4.0,0,4.0,5.0,-1.0,0.287,0.133,0,23.1,0.956,0
PID101133,CRPF,Head Constable,3.5,False,not_applicable_unmarried,n/a,0.0,counter_insurgency_jk_ne,1.0,28,22.1,0.789,61.1,0.356,65.1,42.1,0.0,2.0,-2.0,2.0,2.0,0.0,0,3.0,2.0,1.0,0.253,-0.028,0,36.6,-0.863,0
PID101134,CRPF,Inspector+,5.8,False,not_applicable_unmarried,n/a,0.0,peace_training_static,19.4,31,30.3,0.977,46.5,0.154,84.1,18.5,3.0,4.0,-1.0,1.0,1.0,0.0,0,4.0,1.0,3.0,0.25,0.085,0,42.4,-0.594,0
PID101135,CRPF,Constable/GD,13.5,True,separated_hardship_posting,nuclear,0.493,counter_insurgency_jk_ne,3.7,29,18.6,0.641,60.4,0.306,72.7,50.4,0.0,0.0,0.0,5.0,2.0,3.0,0,4.0,3.0,1.0,0.495,0.217,1,21.9,1.006,0
PID101136,CRPF,Constable/GD,12.0,True,separated_hardship_posting,joint,0.392,counter_naxal_lwe,4.7,31,12.9,0.416,60.0,0.394,59.4,53.8,2.0,2.0,0.0,5.0,1.0,4.0,0,5.0,3.0,2.0,0.416,0.222,2,51.5,1.504,1
PID101137,CRPF,Constable/GD,26.2,True,separated_hardship_posting,nuclear,4.373,counter_naxal_lwe,32.8,32,17.3,0.541,56.0,0.279,66.3,31.6,0.0,0.0,0.0,3.0,2.0,1.0,1,1.0,1.0,0.0,0.26,0.028,0,23.0,0.129,0
PID101138,CRPF,Constable/GD,16.6,True,separated_hardship_posting,nuclear,0.147,law_order_vip_duty,1.1,31,19.0,0.613,50.7,0.1,84.2,22.6,1.0,1.0,0.0,2.0,1.0,1.0,0,2.0,5.0,-3.0,0.08,0.019,0,65.3,0.016,0
PID101139,CRPF,Head Constable,11.0,True,with_family,joint,0.0,law_order_vip_duty,28.4,31,20.8,0.671,50.0,0.346,77.8,35.1,4.0,5.0,-1.0,2.0,2.0,0.0,0,1.0,1.0,0.0,0.512,0.143,1,53.9,-0.049,1
PID101140,CRPF,Constable/GD,23.0,True,separated_hardship_posting,nuclear,2.547,counter_insurgency_jk_ne,19.1,31,24.5,0.79,49.9,0.297,79.2,27.7,0.0,0.0,0.0,3.0,3.0,0.0,1,0.0,1.0,-1.0,0.359,-0.071,0,29.6,-0.685,0
PID101141,CRPF,Head Constable,9.5,True,with_family,nuclear,0.0,counter_naxal_lwe,19.8,31,14.0,0.452,57.8,0.382,68.4,37.2,3.0,6.0,-3.0,1.0,1.0,0.0,0,5.0,4.0,1.0,0.751,0.146,0,23.9,-0.086,0
PID101142,CRPF,ASI/SI,27.4,True,with_family,nuclear,0.0,law_order_vip_duty,26.0,32,17.0,0.531,47.1,0.052,86.8,9.6,3.0,4.0,-1.0,2.0,4.0,-2.0,0,0.0,1.0,-1.0,0.643,0.116,0,42.0,-0.388,0
PID101143,CRPF,ASI/SI,7.0,True,with_family,nuclear,0.0,counter_naxal_lwe,9.7,32,20.0,0.625,57.8,0.443,69.5,39.6,3.0,2.0,1.0,3.0,2.0,1.0,0,2.0,3.0,-1.0,0.571,0.15,0,18.9,0.549,0
PID101144,CRPF,Constable/GD,1.3,True,with_family,nuclear,0.0,counter_naxal_lwe,14.9,31,15.0,0.484,67.3,0.419,43.3,49.0,0.0,1.0,-1.0,3.0,3.0,0.0,0,5.0,1.0,4.0,0.115,-0.006,0,37.3,-0.274,0
PID101145,CRPF,Constable/GD,11.7,False,not_applicable_unmarried,n/a,0.0,counter_insurgency_jk_ne,34.3,30,20.3,0.677,60.0,0.206,65.1,39.8,1.0,2.0,-1.0,3.0,2.0,1.0,0,2.0,2.0,0.0,0.237,0.053,0,39.5,-0.114,0
PID101146,CRPF,Head Constable,2.7,False,not_applicable_unmarried,n/a,0.0,counter_insurgency_jk_ne,1.0,29,13.9,0.479,61.9,0.281,64.9,46.6,0.0,0.0,0.0,4.0,3.0,1.0,0,8.0,6.0,2.0,0.544,0.214,3,45.5,0.764,0
PID101147,CRPF,ASI/SI,19.8,False,not_applicable_unmarried,n/a,0.0,peace_training_static,33.0,29,24.8,0.855,48.0,0.136,81.6,14.9,0.0,1.0,-1.0,2.0,2.0,0.0,0,4.0,4.0,0.0,0.357,0.063,0,54.6,-0.512,0
PID101148,CRPF,Constable/GD,13.1,True,separated_hardship_posting,joint,0.592,law_order_vip_duty,7.1,31,26.8,0.865,56.3,0.144,74.5,25.1,3.0,1.0,2.0,4.0,3.0,1.0,1,3.0,4.0,-1.0,0.299,0.119,0,52.6,0.32,0
PID101149,CRPF,ASI/SI,27.4,True,with_family,joint,0.0,counter_naxal_lwe,2.1,31,13.1,0.423,62.1,0.379,54.6,40.0,2.0,1.0,1.0,3.0,4.0,-1.0,0,2.0,0.0,2.0,0.24,0.046,1,54.3,0.052,0
PID101150,CRPF,Constable/GD,10.3,False,not_applicable_unmarried,n/a,0.0,peace_training_static,6.3,30,26.5,0.883,52.1,0.183,78.1,25.7,5.0,3.0,2.0,3.0,1.0,2.0,0,3.0,5.0,-2.0,0.001,-0.031,0,45.5,0.06,0
PID101151,CRPF,ASI/SI,4.6,True,separated_hardship_posting,joint,0.183,counter_naxal_lwe,2.2,30,17.4,0.58,57.1,0.369,69.2,36.2,5.0,2.0,3.0,4.0,1.0,3.0,0,2.0,4.0,-2.0,0.314,0.099,1,42.2,1.184,0
PID101152,CRPF,Constable/GD,15.5,True,with_family,joint,0.0,peace_training_static,1.0,31,25.7,0.829,45.7,0.026,89.5,2.0,0.0,1.0,-1.0,2.0,2.0,0.0,0,3.0,3.0,0.0,0.539,0.024,0,29.9,-0.6,0
PID101153,CRPF,Constable/GD,8.6,True,with_family,joint,0.0,counter_naxal_lwe,3.7,30,17.2,0.573,57.9,0.288,63.5,50.6,0.0,0.0,0.0,3.0,2.0,1.0,1,1.0,1.0,0.0,0.479,0.295,7,10.3,0.894,1
PID101154,CRPF,Constable/GD,18.2,True,with_family,nuclear,0.0,peace_training_static,3.5,28,25.2,0.9,51.0,0.113,80.6,10.6,0.0,1.0,-1.0,3.0,3.0,0.0,1,0.0,0.0,0.0,0.042,-0.091,0,42.0,-1.031,0
PID101155,CRPF,Constable/GD,7.1,True,separated_hardship_posting,nuclear,0.16,peace_training_static,1.2,28,26.8,0.957,47.7,0.105,94.0,5.3,0.0,1.0,-1.0,1.0,1.0,0.0,0,0.0,0.0,0.0,0.587,0.088,1,21.6,-0.563,0
PID101156,CRPF,Constable/GD,24.8,True,with_family,nuclear,0.0,peace_training_static,4.2,29,29.0,1.0,50.7,0.106,90.6,21.2,0.0,3.0,-3.0,2.0,3.0,-1.0,0,0.0,0.0,0.0,0.179,0.035,0,41.6,-1.295,0
PID101157,CRPF,Constable/GD,12.5,False,not_applicable_unmarried,n/a,0.0,counter_naxal_lwe,29.3,29,24.0,0.828,56.4,0.334,65.7,38.7,2.0,0.0,2.0,3.0,1.0,2.0,0,0.0,0.0,0.0,0.474,-0.025,1,6.0,0.144,0
PID101158,CRPF,Constable/GD,11.0,True,with_family,nuclear,0.0,peace_training_static,12.3,31,29.3,0.945,43.6,0.012,98.6,0.8,0.0,1.0,-1.0,1.0,3.0,-2.0,0,0.0,1.0,-1.0,0.084,0.021,0,21.6,-1.175,0
PID101159,CRPF,Head Constable,23.9,True,with_family,joint,0.0,law_order_vip_duty,27.4,30,22.2,0.74,44.9,0.268,83.8,13.2,4.0,5.0,-1.0,2.0,2.0,0.0,1,0.0,4.0,-4.0,0.357,0.03,0,28.5,-0.474,0
PID101160,CRPF,Constable/GD,19.9,True,with_family,joint,0.0,counter_naxal_lwe,6.0,30,17.8,0.593,63.4,0.388,66.4,46.3,5.0,4.0,1.0,5.0,2.0,3.0,0,1.0,0.0,1.0,0.412,-0.039,0,87.3,0.447,0
PID101161,CRPF,Head Constable,7.7,True,separated_hardship_posting,nuclear,0.413,counter_insurgency_jk_ne,3.1,28,16.1,0.575,56.3,0.331,70.0,36.0,1.0,1.0,0.0,3.0,2.0,1.0,0,5.0,2.0,3.0,0.485,0.068,1,28.7,0.208,0
PID101162,CRPF,ASI/SI,19.6,False,not_applicable_unmarried,n/a,0.0,law_order_vip_duty,43.4,28,16.2,0.579,55.0,0.246,72.5,26.1,1.0,0.0,1.0,2.0,2.0,0.0,1,0.0,1.0,-1.0,0.26,0.054,0,33.3,0.101,0
PID101163,CRPF,Constable/GD,17.4,True,with_family,joint,0.0,peace_training_static,7.5,32,28.7,0.897,46.1,0.103,98.8,14.6,3.0,3.0,0.0,2.0,3.0,-1.0,1,2.0,2.0,0.0,0.121,0.081,0,40.8,-0.568,0
PID101164,CRPF,Constable/GD,11.4,True,separated_hardship_posting,nuclear,0.947,law_order_vip_duty,7.1,32,27.2,0.85,43.5,0.184,83.2,16.2,0.0,0.0,0.0,2.0,2.0,0.0,0,0.0,0.0,0.0,0.174,0.015,0,51.7,-0.499,0
PID101165,CRPF,ASI/SI,18.7,True,with_family,nuclear,0.0,counter_insurgency_jk_ne,4.7,28,12.4,0.443,51.4,0.239,79.8,30.6,1.0,0.0,1.0,2.0,2.0,0.0,1,2.0,1.0,1.0,0.766,0.123,0,29.0,0.474,0
PID101166,CRPF,ASI/SI,24.8,False,not_applicable_unmarried,n/a,0.0,law_order_vip_duty,18.9,30,19.5,0.65,52.3,0.313,82.1,26.2,2.0,0.0,2.0,4.0,2.0,2.0,0,0.0,2.0,-2.0,0.624,0.036,0,10.5,0.542,0
PID101167,CRPF,Constable/GD,11.6,False,not_applicable_unmarried,n/a,0.0,counter_naxal_lwe,1.0,32,15.9,0.497,63.9,0.349,63.7,48.0,1.0,1.0,0.0,4.0,2.0,2.0,0,0.0,0.0,0.0,0.231,0.181,1,16.5,0.856,0
PID101168,CRPF,ASI/SI,11.6,True,separated_hardship_posting,nuclear,0.24,counter_insurgency_jk_ne,1.8,31,19.7,0.635,49.1,0.2,77.4,19.8,2.0,2.0,0.0,3.0,2.0,1.0,1,0.0,1.0,-1.0,0.071,0.008,0,34.8,-0.047,0
PID101169,CRPF,Constable/GD,11.3,True,separated_hardship_posting,nuclear,0.307,law_order_vip_duty,2.3,28,28.0,1.0,51.7,0.218,73.5,27.8,0.0,1.0,-1.0,4.0,2.0,2.0,1,0.0,3.0,-3.0,0.156,0.021,0,62.7,-0.389,0
PID101170,CRPF,Constable/GD,7.5,False,not_applicable_unmarried,n/a,0.0,law_order_vip_duty,3.8,30,20.1,0.67,47.9,0.095,79.1,17.9,1.0,2.0,-1.0,1.0,2.0,-1.0,2,2.0,3.0,-1.0,0.254,0.066,0,24.7,-0.495,0
PID101171,CRPF,Head Constable,11.5,True,with_family,nuclear,0.0,law_order_vip_duty,23.4,32,24.3,0.759,47.6,0.235,91.1,21.3,1.0,0.0,1.0,2.0,1.0,1.0,0,0.0,0.0,0.0,0.658,-0.061,0,51.5,-0.249,0
PID101172,CRPF,Constable/GD,10.8,True,separated_hardship_posting,nuclear,1.2,counter_insurgency_jk_ne,9.0,29,17.4,0.6,55.4,0.309,63.9,36.6,0.0,0.0,0.0,3.0,1.0,2.0,0,4.0,0.0,4.0,0.253,0.01,0,32.3,0.215,0
PID101173,CRPF,Head Constable,10.4,True,with_family,nuclear,0.0,counter_insurgency_jk_ne,19.4,30,17.1,0.57,58.5,0.267,73.3,24.2,2.0,0.0,2.0,4.0,2.0,2.0,0,0.0,1.0,-1.0,0.113,-0.02,0,36.9,0.47,0
PID101174,CRPF,Constable/GD,10.3,True,with_family,nuclear,0.0,law_order_vip_duty,24.1,29,21.6,0.745,49.2,0.164,74.8,17.5,1.0,3.0,-2.0,2.0,2.0,0.0,1,6.0,1.0,5.0,0.543,-0.025,0,22.5,-0.799,0
PID101175,CRPF,Head Constable,5.8,True,with_family,nuclear,0.0,counter_naxal_lwe,3.1,28,14.0,0.5,54.1,0.384,84.5,30.2,1.0,3.0,-2.0,2.0,2.0,0.0,0,1.0,0.0,1.0,0.015,-0.005,0,45.6,-0.443,0
PID101176,CRPF,Constable/GD,21.0,True,with_family,nuclear,0.0,peace_training_static,5.7,32,32.0,1.0,46.5,0.115,80.1,17.4,5.0,4.0,1.0,3.0,2.0,1.0,0,3.0,2.0,1.0,0.164,0.01,0,48.5,-0.327,0
PID101177,CRPF,Constable/GD,8.5,True,with_family,joint,0.0,peace_training_static,12.5,29,28.3,0.976,44.6,0.003,95.1,10.1,0.0,1.0,-1.0,1.0,2.0,-1.0,1,0.0,0.0,0.0,0.281,0.021,0,14.6,-1.002,0
PID101178,CRPF,Constable/GD,25.5,True,with_family,nuclear,0.0,peace_training_static,12.9,30,25.6,0.853,42.2,0.192,97.2,11.5,1.0,0.0,1.0,1.0,1.0,0.0,0,0.0,1.0,-1.0,0.866,0.116,0,27.4,-0.043,0
PID101179,CRPF,Constable/GD,6.6,True,with_family,joint,0.0,peace_training_static,1.0,29,29.0,1.0,44.8,0.064,87.9,6.3,1.0,0.0,1.0,3.0,4.0,-1.0,1,2.0,4.0,-2.0,0.002,-0.06,0,38.1,-0.964,0
PID101180,CRPF,Head Constable,28.7,True,separated_hardship_posting,joint,0.4,counter_insurgency_jk_ne,4.8,31,19.4,0.626,56.6,0.221,76.3,34.1,0.0,1.0,-1.0,1.0,1.0,0.0,2,1.0,0.0,1.0,0.039,0.013,0,47.7,-0.386,0
PID101181,CRPF,Constable/GD,9.7,False,not_applicable_unmarried,n/a,0.0,counter_insurgency_jk_ne,3.0,31,18.8,0.606,58.2,0.382,63.0,35.3,0.0,1.0,-1.0,2.0,2.0,0.0,1,5.0,3.0,2.0,0.246,0.216,1,75.5,0.249,0
PID101182,CRPF,Constable/GD,19.7,False,not_applicable_unmarried,n/a,0.0,peace_training_static,1.2,30,26.5,0.883,45.0,0.184,89.5,19.6,1.0,0.0,1.0,3.0,2.0,1.0,0,0.0,2.0,-2.0,0.215,-0.071,0,30.0,-0.429,0
PID101183,CRPF,Constable/GD,13.0,True,separated_hardship_posting,nuclear,1.32,counter_naxal_lwe,9.9,28,14.6,0.521,62.7,0.325,68.5,47.5,1.0,5.0,-4.0,4.0,2.0,2.0,1,1.0,5.0,-4.0,0.41,0.188,1,0.0,0.232,0
PID101184,CRPF,Constable/GD,5.3,True,with_family,nuclear,0.0,peace_training_static,2.8,29,22.4,0.772,45.8,0.045,89.2,9.9,0.0,0.0,0.0,2.0,2.0,0.0,0,3.0,6.0,-3.0,0.418,-0.097,0,31.1,-0.742,0
PID101185,CRPF,ASI/SI,5.5,True,with_family,nuclear,0.0,counter_naxal_lwe,10.4,29,10.9,0.376,65.3,0.295,69.4,39.1,1.0,0.0,1.0,4.0,2.0,2.0,0,4.0,3.0,1.0,0.326,0.172,2,45.1,1.129,0
PID101186,CRPF,Constable/GD,8.1,True,with_family,nuclear,0.0,peace_training_static,8.7,31,29.0,0.935,52.3,0.094,84.8,15.7,0.0,0.0,0.0,2.0,2.0,0.0,0,1.0,2.0,-1.0,0.108,-0.009,0,47.1,-0.672,0
PID101187,CRPF,Inspector+,9.4,True,separated_hardship_posting,nuclear,0.6,counter_insurgency_jk_ne,4.5,31,18.0,0.581,57.9,0.373,77.1,29.8,1.0,1.0,0.0,4.0,3.0,1.0,1,1.0,2.0,-1.0,0.355,0.077,1,36.8,0.227,0
PID101188,CRPF,Constable/GD,11.8,True,separated_hardship_posting,nuclear,0.48,peace_training_static,3.6,28,27.8,0.993,43.5,0.198,83.2,9.1,2.0,0.0,2.0,1.0,3.0,-2.0,1,3.0,4.0,-1.0,0.524,-0.015,0,23.7,-0.879,0
PID101189,CRPF,Head Constable,14.6,False,not_applicable_unmarried,n/a,0.0,counter_insurgency_jk_ne,1.1,31,15.9,0.513,52.3,0.31,70.2,28.4,1.0,0.0,1.0,2.0,2.0,0.0,0,0.0,1.0,-1.0,0.715,0.098,1,45.5,0.314,0
PID101190,CRPF,Constable/GD,10.9,False,not_applicable_unmarried,n/a,0.0,law_order_vip_duty,1.0,30,19.2,0.64,54.6,0.259,72.2,26.9,5.0,2.0,3.0,4.0,2.0,2.0,2,1.0,0.0,1.0,0.478,0.037,0,41.4,0.713,0
PID101191,CRPF,Constable/GD,14.2,False,not_applicable_unmarried,n/a,0.0,peace_training_static,5.8,30,29.3,0.977,42.4,0.107,85.8,1.2,0.0,2.0,-2.0,1.0,1.0,0.0,1,5.0,6.0,-1.0,0.558,0.161,0,43.5,-0.52,0
PID101192,CRPF,ASI/SI,15.5,True,with_family,nuclear,0.0,counter_insurgency_jk_ne,4.9,32,18.3,0.572,67.4,0.248,65.5,41.7,2.0,1.0,1.0,3.0,1.0,2.0,0,0.0,0.0,0.0,0.258,0.029,0,28.9,0.46,0
PID101193,CRPF,Inspector+,10.7,False,not_applicable_unmarried,n/a,0.0,counter_naxal_lwe,5.7,28,18.0,0.643,73.1,0.26,52.7,53.9,0.0,1.0,-1.0,3.0,2.0,1.0,0,0.0,0.0,0.0,0.345,0.043,1,52.7,-0.105,0
PID101194,CRPF,ASI/SI,17.3,False,not_applicable_unmarried,n/a,0.0,counter_naxal_lwe,8.1,31,17.2,0.555,61.1,0.369,55.2,42.2,1.0,1.0,0.0,3.0,2.0,1.0,0,5.0,1.0,4.0,0.576,0.095,0,42.8,0.314,0
PID101195,CRPF,Constable/GD,19.4,False,not_applicable_unmarried,n/a,0.0,law_order_vip_duty,8.1,30,28.1,0.937,45.3,0.274,78.3,14.6,2.0,2.0,0.0,3.0,3.0,0.0,0,0.0,3.0,-3.0,0.483,0.047,0,38.4,-0.508,0
PID101196,CRPF,Constable/GD,15.7,False,not_applicable_unmarried,n/a,0.0,law_order_vip_duty,19.4,29,24.0,0.828,54.6,0.189,71.2,15.8,1.0,0.0,1.0,3.0,3.0,0.0,2,4.0,3.0,1.0,0.197,0.063,0,55.6,-0.171,0
PID101197,CRPF,Head Constable,16.2,False,not_applicable_unmarried,n/a,0.0,law_order_vip_duty,20.8,29,23.0,0.793,60.4,0.291,71.5,42.4,1.0,1.0,0.0,5.0,2.0,3.0,0,1.0,1.0,0.0,0.01,-0.026,0,34.6,0.088,0
PID101198,CRPF,Constable/GD,13.5,False,not_applicable_unmarried,n/a,0.0,counter_naxal_lwe,11.6,28,17.8,0.636,56.8,0.327,71.2,34.0,4.0,2.0,2.0,4.0,1.0,3.0,0,0.0,0.0,0.0,0.211,0.173,1,53.3,1.188,0
PID101199,CRPF,Head Constable,22.0,True,separated_hardship_posting,joint,0.125,counter_naxal_lwe,1.5,31,16.2,0.523,69.6,0.355,52.4,54.4,0.0,0.0,0.0,4.0,1.0,3.0,0,2.0,0.0,2.0,0.4,0.177,2,31.3,1.026,1
PID101200,CRPF,Head Constable,12.0,True,with_family,nuclear,0.0,peace_training_static,6.2,31,23.0,0.742,38.6,0.107,93.5,5.7,2.0,3.0,-1.0,1.0,2.0,-1.0,0,1.0,3.0,-2.0,0.0,-0.081,0,22.8,-1.023,0
PID101201,CRPF,Head Constable,8.1,True,separated_hardship_posting,nuclear,0.507,law_order_vip_duty,3.8,29,22.8,0.786,46.2,0.294,80.0,22.6,1.0,1.0,0.0,3.0,2.0,1.0,1,2.0,1.0,1.0,0.151,0.015,0,39.7,-0.206,0
PID101202,CRPF,ASI/SI,12.2,True,separated_hardship_posting,nuclear,0.347,counter_naxal_lwe,2.6,29,21.8,0.752,63.2,0.38,70.0,43.8,0.0,2.0,-2.0,2.0,2.0,0.0,0,5.0,5.0,0.0,0.284,0.038,0,9.1,-0.618,0
PID101203,CRPF,Head Constable,5.3,True,separated_hardship_posting,joint,1.808,counter_naxal_lwe,21.7,32,10.7,0.334,66.1,0.346,56.0,48.6,1.0,2.0,-1.0,3.0,2.0,1.0,2,4.0,2.0,2.0,0.756,0.199,2,45.1,0.74,0
PID101204,CRPF,Constable/GD,4.9,True,separated_hardship_posting,joint,0.325,counter_naxal_lwe,3.9,31,18.5,0.597,61.7,0.355,67.1,44.9,0.0,0.0,0.0,3.0,1.0,2.0,2,0.0,4.0,-4.0,0.273,0.12,4,55.4,0.552,1
PID101205,CRPF,Constable/GD,19.5,True,with_family,nuclear,0.0,peace_training_static,1.0,30,22.4,0.747,47.8,0.049,87.5,17.5,0.0,0.0,0.0,2.0,1.0,1.0,0,4.0,4.0,0.0,0.073,0.023,0,76.2,-0.136,0
PID101206,CRPF,Head Constable,25.7,True,separated_hardship_posting,nuclear,0.133,law_order_vip_duty,1.0,28,20.9,0.746,56.4,0.086,88.6,29.1,3.0,0.0,3.0,4.0,3.0,1.0,0,1.0,0.0,1.0,0.347,-0.066,0,55.3,0.06,0
PID101207,CRPF,Constable/GD,9.9,False,not_applicable_unmarried,n/a,0.0,law_order_vip_duty,7.3,30,22.7,0.757,56.9,0.188,66.6,27.1,0.0,1.0,-1.0,4.0,4.0,0.0,3,4.0,5.0,-1.0,0.0,-0.071,0,67.1,-0.799,0
PID101208,CRPF,Constable/GD,19.6,True,separated_hardship_posting,joint,4.0,law_order_vip_duty,48.0,29,24.0,0.828,49.5,0.208,86.1,20.7,2.0,2.0,0.0,3.0,2.0,1.0,1,3.0,1.0,2.0,0.0,-0.05,0,44.5,-0.453,0
PID101209,CRPF,Constable/GD,3.6,True,separated_hardship_posting,nuclear,0.133,peace_training_static,1.0,32,29.4,0.919,42.5,0.152,86.6,2.4,0.0,0.0,0.0,2.0,3.0,-1.0,1,2.0,1.0,1.0,0.481,0.166,0,60.9,-0.34,0
PID101210,CRPF,Head Constable,3.2,True,separated_hardship_posting,joint,1.542,counter_naxal_lwe,18.5,28,19.5,0.696,66.2,0.34,70.9,41.9,0.0,0.0,0.0,4.0,3.0,1.0,1,1.0,0.0,1.0,0.511,0.033,1,42.8,-0.045,0
PID101211,CRPF,ASI/SI,22.3,True,with_family,nuclear,0.0,counter_naxal_lwe,17.3,32,21.1,0.659,63.8,0.322,65.1,41.7,2.0,0.0,2.0,3.0,2.0,1.0,0,5.0,1.0,4.0,0.263,0.156,1,61.3,0.679,0
PID101212,CRPF,Head Constable,15.7,True,separated_hardship_posting,nuclear,0.467,counter_insurgency_jk_ne,3.5,32,18.6,0.581,60.4,0.123,62.4,37.7,0.0,1.0,-1.0,2.0,2.0,0.0,0,2.0,1.0,1.0,0.583,0.164,0,7.6,0.123,0
PID101213,CRPF,Constable/GD,12.0,True,with_family,nuclear,0.0,peace_training_static,3.9,31,31.0,1.0,43.4,0.152,84.6,11.3,3.0,1.0,2.0,1.0,1.0,0.0,1,0.0,2.0,-2.0,0.419,-0.03,0,23.3,-0.506,0
PID101214,CRPF,Constable/GD,28.0,True,with_family,nuclear,0.0,counter_insurgency_jk_ne,23.7,30,17.1,0.57,60.6,0.313,68.9,41.6,2.0,1.0,1.0,5.0,2.0,3.0,2,0.0,0.0,0.0,0.407,0.136,1,34.4,1.0,0
PID101215,CRPF,Constable/GD,11.1,True,separated_hardship_posting,nuclear,1.373,counter_insurgency_jk_ne,10.3,30,16.5,0.55,53.6,0.349,75.0,28.9,1.0,1.0,0.0,1.0,1.0,0.0,0,1.0,0.0,1.0,0.725,0.085,0,53.2,0.074,0
PID101216,CRPF,Constable/GD,6.3,True,with_family,joint,0.0,peace_training_static,48.0,32,25.2,0.788,47.0,0.122,90.9,10.2,1.0,0.0,1.0,2.0,3.0,-1.0,1,1.0,2.0,-1.0,0.665,-0.066,0,50.9,-0.728,0
PID101217,CRPF,Head Constable,4.5,True,with_family,nuclear,0.0,counter_naxal_lwe,16.1,32,21.5,0.672,62.4,0.419,59.5,41.6,0.0,1.0,-1.0,3.0,3.0,0.0,0,1.0,1.0,0.0,0.353,-0.003,0,25.9,-0.493,0
PID101218,CRPF,Head Constable,12.2,False,not_applicable_unmarried,n/a,0.0,counter_insurgency_jk_ne,33.7,32,18.3,0.572,58.5,0.267,67.1,38.6,3.0,3.0,0.0,3.0,1.0,2.0,0,2.0,1.0,1.0,0.149,0.129,0,18.7,0.61,0
PID101219,CRPF,Constable/GD,13.5,False,not_applicable_unmarried,n/a,0.0,law_order_vip_duty,11.5,28,13.7,0.489,55.1,0.218,81.2,24.8,2.0,1.0,1.0,2.0,2.0,0.0,0,1.0,1.0,0.0,0.385,0.033,0,38.0,0.146,0
PID101220,CRPF,Constable/GD,10.7,True,with_family,joint,0.0,peace_training_static,9.7,30,28.6,0.953,41.9,0.134,87.4,0.0,1.0,1.0,0.0,1.0,1.0,0.0,3,1.0,0.0,1.0,0.569,-0.175,0,32.9,-1.196,0
PID101221,CRPF,Constable/GD,19.8,False,not_applicable_unmarried,n/a,0.0,counter_naxal_lwe,14.4,31,15.7,0.506,64.7,0.39,57.6,50.7,0.0,0.0,0.0,2.0,1.0,1.0,0,0.0,0.0,0.0,0.686,0.117,1,33.9,0.438,0
PID101222,CRPF,ASI/SI,24.2,False,not_applicable_unmarried,n/a,0.0,counter_insurgency_jk_ne,6.3,28,15.9,0.568,58.1,0.325,63.4,32.8,1.0,1.0,0.0,2.0,3.0,-1.0,0,9.0,4.0,5.0,0.455,-0.018,0,35.8,-0.47,0
PID101223,CRPF,Head Constable,9.9,False,not_applicable_unmarried,n/a,0.0,peace_training_static,12.8,31,27.2,0.877,42.8,0.149,86.8,11.6,1.0,2.0,-1.0,1.0,1.0,0.0,1,1.0,1.0,0.0,0.122,-0.03,0,36.5,-0.821,0
PID101224,CRPF,Constable/GD,3.6,True,separated_hardship_posting,joint,0.15,law_order_vip_duty,1.8,29,20.7,0.714,46.7,0.236,80.4,13.2,1.0,2.0,-1.0,2.0,1.0,1.0,1,2.0,3.0,-1.0,0.418,-0.119,0,54.5,-0.677,0
PID101225,CRPF,ASI/SI,14.2,True,separated_hardship_posting,nuclear,1.92,law_order_vip_duty,14.4,30,30.0,1.0,59.6,0.208,65.7,34.9,0.0,1.0,-1.0,2.0,1.0,1.0,0,0.0,0.0,0.0,0.133,0.007,0,53.5,-0.643,0
PID101226,CRPF,Constable/GD,22.2,True,with_family,joint,0.0,counter_naxal_lwe,5.1,32,22.6,0.706,61.7,0.404,63.3,29.1,0.0,0.0,0.0,3.0,2.0,1.0,0,1.0,0.0,1.0,0.18,0.022,0,33.4,-0.09,0
PID101227,CRPF,Constable/GD,9.9,True,separated_hardship_posting,joint,0.317,counter_naxal_lwe,3.8,32,19.7,0.616,60.6,0.25,58.5,38.8,0.0,1.0,-1.0,4.0,2.0,2.0,0,2.0,1.0,1.0,0.345,0.052,1,34.2,0.17,0
PID101228,CRPF,ASI/SI,16.2,True,with_family,nuclear,0.0,counter_naxal_lwe,3.1,29,16.7,0.576,57.4,0.312,71.0,30.0,0.0,0.0,0.0,1.0,3.0,-2.0,1,2.0,1.0,1.0,0.272,-0.004,1,51.9,-0.652,0
PID101229,CRPF,Constable/GD,6.0,True,separated_hardship_posting,nuclear,1.173,counter_naxal_lwe,8.8,31,20.4,0.658,66.4,0.446,49.3,46.7,0.0,1.0,-1.0,4.0,3.0,1.0,2,2.0,0.0,2.0,0.348,0.035,0,44.1,-0.145,0
PID101230,CRPF,Constable/GD,14.0,True,with_family,joint,0.0,peace_training_static,33.8,28,25.9,0.925,50.0,0.08,86.0,19.9,1.0,2.0,-1.0,3.0,3.0,0.0,0,0.0,0.0,0.0,0.437,0.025,0,53.9,-0.712,0
PID101231,CRPF,Head Constable,16.4,False,not_applicable_unmarried,n/a,0.0,law_order_vip_duty,3.7,31,25.7,0.829,55.3,0.215,73.6,28.1,1.0,0.0,1.0,2.0,1.0,1.0,0,0.0,1.0,-1.0,0.0,-0.023,0,47.5,-0.218,0
PID101232,CRPF,Constable/GD,14.3,True,with_family,nuclear,0.0,peace_training_static,7.4,28,26.9,0.961,45.8,0.203,82.5,15.2,2.0,1.0,1.0,3.0,2.0,1.0,1,2.0,1.0,1.0,0.53,0.148,0,39.5,0.137,0
PID101233,CRPF,Head Constable,32.0,False,not_applicable_unmarried,n/a,0.0,counter_naxal_lwe,13.0,32,18.0,0.562,65.0,0.342,66.1,40.7,1.0,2.0,-1.0,3.0,2.0,1.0,0,1.0,1.0,0.0,0.661,0.183,1,43.1,0.417,0
PID101234,CRPF,Constable/GD,25.6,False,not_applicable_unmarried,n/a,0.0,counter_naxal_lwe,4.7,29,18.8,0.648,58.7,0.3,65.2,41.3,1.0,0.0,1.0,4.0,2.0,2.0,0,3.0,2.0,1.0,0.085,-0.126,0,11.6,-0.097,0
PID101235,CRPF,Constable/GD,17.8,False,not_applicable_unmarried,n/a,0.0,law_order_vip_duty,1.0,31,22.0,0.71,52.9,0.292,78.4,25.2,1.0,4.0,-3.0,1.0,3.0,-2.0,0,0.0,1.0,-1.0,0.3,0.122,0,30.6,-0.896,0
PID101236,CRPF,Constable/GD,21.1,False,not_applicable_unmarried,n/a,0.0,counter_naxal_lwe,3.9,31,17.2,0.555,61.8,0.333,67.0,48.0,5.0,1.0,4.0,3.0,2.0,1.0,0,1.0,1.0,0.0,0.196,0.161,0,62.1,1.128,0
PID101237,CRPF,Constable/GD,14.0,True,with_family,nuclear,0.0,counter_naxal_lwe,8.6,29,13.0,0.448,63.1,0.337,59.5,50.0,3.0,2.0,1.0,2.0,1.0,1.0,0,3.0,0.0,3.0,0.481,0.206,1,55.6,0.933,0
PID101238,CRPF,Constable/GD,11.7,True,with_family,nuclear,0.0,counter_insurgency_jk_ne,5.7,32,16.6,0.519,50.7,0.181,73.4,30.1,2.0,2.0,0.0,3.0,3.0,0.0,1,1.0,0.0,1.0,0.071,0.021,0,36.2,-0.081,0
PID101239,CRPF,Constable/GD,9.3,False,not_applicable_unmarried,n/a,0.0,counter_naxal_lwe,1.0,28,7.8,0.279,69.5,0.342,48.6,58.1,0.0,0.0,0.0,3.0,2.0,1.0,2,11.0,5.0,6.0,0.423,0.343,1,23.3,1.394,1
PID101240,CRPF,ASI/SI,5.9,True,separated_hardship_posting,nuclear,1.227,counter_naxal_lwe,9.2,32,19.0,0.594,68.5,0.391,60.7,47.7,2.0,0.0,2.0,2.0,1.0,1.0,2,0.0,0.0,0.0,0.402,0.083,1,49.9,0.539,0
PID101241,CRPF,Constable/GD,26.2,True,separated_hardship_posting,joint,2.183,counter_naxal_lwe,26.2,30,18.7,0.623,57.4,0.324,70.9,35.1,0.0,1.0,-1.0,1.0,2.0,-1.0,0,0.0,0.0,0.0,0.048,-0.02,0,11.0,-0.697,0
PID101242,CRPF,Constable/GD,32.7,True,with_family,joint,0.0,peace_training_static,17.5,30,30.0,1.0,48.3,0.043,90.0,11.3,0.0,0.0,0.0,2.0,2.0,0.0,1,0.0,0.0,0.0,0.038,-0.036,0,47.2,-0.834,0
PID101243,CRPF,Constable/GD,12.3,True,separated_hardship_posting,nuclear,0.213,counter_naxal_lwe,1.6,29,12.6,0.434,56.1,0.321,66.0,38.8,0.0,0.0,0.0,2.0,2.0,0.0,1,1.0,1.0,0.0,0.365,0.09,0,40.7,0.231,0
PID101244,CRPF,Constable/GD,12.5,True,separated_hardship_posting,joint,0.083,counter_insurgency_jk_ne,1.0,28,18.1,0.646,58.3,0.263,79.7,31.6,0.0,0.0,0.0,3.0,2.0,1.0,0,0.0,0.0,0.0,0.487,0.01,0,35.9,-0.054,0
PID101245,CRPF,Constable/GD,16.8,True,with_family,joint,0.0,counter_insurgency_jk_ne,1.0,31,18.6,0.6,49.2,0.285,73.3,23.4,4.0,1.0,3.0,3.0,1.0,2.0,1,1.0,4.0,-3.0,0.663,0.02,0,55.9,0.708,0
PID101246,CRPF,Head Constable,11.1,True,with_family,nuclear,0.0,counter_insurgency_jk_ne,34.1,31,20.8,0.671,56.8,0.269,71.6,40.6,7.0,1.0,6.0,5.0,4.0,1.0,1,6.0,5.0,1.0,0.231,-0.137,0,53.6,0.398,0
PID101247,CRPF,Constable/GD,6.4,True,separated_hardship_posting,nuclear,0.133,counter_insurgency_jk_ne,1.0,32,17.2,0.538,56.0,0.4,69.4,34.4,0.0,0.0,0.0,3.0,1.0,2.0,1,1.0,0.0,1.0,0.49,0.106,0,51.6,0.582,0
PID101248,CRPF,ASI/SI,5.2,True,with_family,nuclear,0.0,counter_naxal_lwe,1.0,32,16.6,0.519,66.6,0.368,48.2,48.1,0.0,0.0,0.0,4.0,2.0,2.0,0,2.0,3.0,-1.0,0.216,0.136,0,63.4,0.693,0
PID101249,CRPF,ASI/SI,32.0,True,separated_hardship_posting,nuclear,0.693,counter_naxal_lwe,5.2,29,11.3,0.39,68.7,0.246,54.0,46.2,3.0,2.0,1.0,5.0,3.0,2.0,0,5.0,1.0,4.0,0.298,0.24,0,31.7,1.319,1
PID101250,CRPF,Constable/GD,4.0,True,separated_hardship_posting,nuclear,0.493,counter_insurgency_jk_ne,3.7,30,15.8,0.527,64.8,0.304,57.8,50.4,1.0,1.0,0.0,4.0,3.0,1.0,1,4.0,0.0,4.0,0.269,0.172,1,32.0,0.58,0
PID101251,CRPF,Constable/GD,14.6,True,with_family,nuclear,0.0,peace_training_static,1.1,32,28.8,0.9,50.6,0.118,88.8,18.1,2.0,0.0,2.0,2.0,2.0,0.0,0,3.0,2.0,1.0,0.0,-0.031,0,41.0,-0.388,0
PID101252,CRPF,Constable/GD,4.4,True,separated_hardship_posting,joint,1.242,counter_insurgency_jk_ne,14.9,30,18.5,0.617,58.3,0.372,62.4,41.6,2.0,2.0,0.0,4.0,3.0,1.0,0,3.0,4.0,-1.0,0.313,0.093,1,67.1,0.233,1
PID101253,CRPF,Head Constable,11.4,True,with_family,joint,0.0,counter_insurgency_jk_ne,11.1,31,13.5,0.435,59.6,0.291,58.2,40.4,1.0,1.0,0.0,5.0,2.0,3.0,0,1.0,0.0,1.0,0.2,0.098,1,15.3,0.896,0
PID101254,CRPF,Constable/GD,9.8,False,not_applicable_unmarried,n/a,0.0,peace_training_static,9.7,31,26.4,0.852,47.5,0.109,78.2,5.4,0.0,2.0,-2.0,1.0,1.0,0.0,0,4.0,1.0,3.0,0.57,-0.151,0,32.1,-1.309,0
PID101255,CRPF,ASI/SI,4.8,True,separated_hardship_posting,joint,0.15,law_order_vip_duty,1.8,32,24.5,0.766,47.3,0.332,74.1,18.6,1.0,0.0,1.0,2.0,2.0,0.0,0,0.0,0.0,0.0,0.278,-0.051,0,30.7,-0.442,0
PID101256,CRPF,Head Constable,17.1,False,not_applicable_unmarried,n/a,0.0,law_order_vip_duty,3.1,29,26.0,0.897,56.6,0.156,66.6,28.6,0.0,0.0,0.0,2.0,2.0,0.0,0,4.0,2.0,2.0,0.0,-0.078,0,47.4,-0.836,0
PID101257,CRPF,ASI/SI,6.1,True,with_family,nuclear,0.0,counter_insurgency_jk_ne,2.5,28,14.3,0.511,60.8,0.348,67.8,41.3,1.0,0.0,1.0,3.0,3.0,0.0,1,2.0,2.0,0.0,0.587,0.163,0,22.8,0.512,0
PID101258,CRPF,Constable/GD,4.4,True,with_family,nuclear,0.0,peace_training_static,1.0,32,30.3,0.947,48.9,0.124,90.1,10.4,1.0,1.0,0.0,1.0,1.0,0.0,0,0.0,1.0,-1.0,0.369,0.109,0,41.0,-0.332,0
PID101259,CRPF,Inspector+,18.1,True,with_family,nuclear,0.0,law_order_vip_duty,5.5,30,20.8,0.693,42.9,0.19,89.3,6.3,2.0,3.0,-1.0,1.0,2.0,-1.0,0,6.0,4.0,2.0,0.316,0.025,0,65.7,-0.647,0
PID101260,CRPF,Constable/GD,9.9,False,not_applicable_unmarried,n/a,0.0,law_order_vip_duty,5.1,28,19.7,0.704,53.8,0.181,76.0,24.0,1.0,1.0,0.0,3.0,3.0,0.0,2,3.0,2.0,1.0,0.262,0.054,0,21.5,-0.205,0
PID101261,CRPF,Constable/GD,7.6,True,with_family,joint,0.0,law_order_vip_duty,1.0,31,20.6,0.665,56.0,0.302,74.8,38.4,5.0,1.0,4.0,4.0,3.0,1.0,1,1.0,5.0,-4.0,0.506,-0.036,0,27.1,0.402,0
PID101262,CRPF,Constable/GD,18.7,True,separated_hardship_posting,nuclear,3.067,counter_insurgency_jk_ne,23.0,32,16.1,0.503,57.9,0.328,71.4,24.5,0.0,0.0,0.0,3.0,2.0,1.0,1,0.0,0.0,0.0,0.484,0.077,0,41.9,0.323,0
PID101263,CRPF,ASI/SI,5.9,True,with_family,nuclear,0.0,peace_training_static,27.9,31,26.5,0.855,44.0,0.156,83.4,0.0,1.0,0.0,1.0,2.0,2.0,0.0,1,1.0,1.0,0.0,0.396,-0.04,0,53.7,-0.515,0
PID101264,CRPF,Head Constable,3.7,True,with_family,nuclear,0.0,peace_training_static,1.0,29,29.0,1.0,40.6,0.173,87.3,17.7,1.0,0.0,1.0,1.0,2.0,-1.0,0,5.0,6.0,-1.0,0.382,-0.141,0,42.8,-1.208,0
PID101265,CRPF,ASI/SI,23.4,False,not_applicable_unmarried,n/a,0.0,law_order_vip_duty,34.0,32,21.7,0.678,46.3,0.241,87.7,9.1,0.0,1.0,-1.0,1.0,2.0,-1.0,2,0.0,4.0,-4.0,0.209,-0.013,0,54.4,-0.742,0
PID101266,CRPF,Constable/GD,29.6,False,not_applicable_unmarried,n/a,0.0,counter_naxal_lwe,48.0,28,12.7,0.454,62.6,0.286,65.3,38.3,1.0,2.0,-1.0,1.0,1.0,0.0,0,4.0,3.0,1.0,0.202,0.14,1,54.2,0.205,0
PID101267,CRPF,Inspector+,11.2,True,with_family,nuclear,0.0,law_order_vip_duty,14.3,32,24.6,0.769,51.1,0.126,86.4,11.0,2.0,2.0,0.0,1.0,3.0,-2.0,0,0.0,1.0,-1.0,0.598,0.09,1,23.0,-0.602,0
PID101268,CRPF,Constable/GD,1.2,True,with_family,joint,0.0,counter_naxal_lwe,2.0,28,15.4,0.55,61.0,0.442,53.9,44.7,0.0,1.0,-1.0,4.0,2.0,2.0,0,6.0,4.0,2.0,0.231,0.09,0,37.9,0.363,0
PID101269,CRPF,Constable/GD,11.1,True,with_family,joint,0.0,counter_insurgency_jk_ne,27.8,29,17.2,0.593,64.1,0.312,56.5,44.2,0.0,3.0,-3.0,2.0,1.0,1.0,1,0.0,1.0,-1.0,0.311,0.013,0,9.9,-0.441,0
PID101270,CRPF,Inspector+,19.3,False,not_applicable_unmarried,n/a,0.0,counter_naxal_lwe,1.0,29,16.7,0.576,57.0,0.355,69.9,43.6,3.0,0.0,3.0,5.0,3.0,2.0,1,1.0,1.0,0.0,0.151,0.131,1,47.9,1.074,0
PID101271,CRPF,Constable/GD,22.1,True,with_family,nuclear,0.0,peace_training_static,9.0,30,24.0,0.8,44.6,0.228,81.7,19.7,0.0,3.0,-3.0,1.0,2.0,-1.0,0,4.0,5.0,-1.0,0.531,-0.007,0,72.0,-1.182,0
PID101272,CRPF,Constable/GD,6.4,True,with_family,nuclear,0.0,peace_training_static,24.4,28,22.5,0.804,52.8,0.056,74.6,14.7,0.0,0.0,0.0,2.0,2.0,0.0,0,2.0,3.0,-1.0,0.148,-0.048,0,31.2,-0.633,0
PID101273,CRPF,Head Constable,10.1,False,not_applicable_unmarried,n/a,0.0,counter_naxal_lwe,14.8,31,20.0,0.645,60.8,0.199,65.2,26.4,0.0,0.0,0.0,3.0,2.0,1.0,0,1.0,0.0,1.0,0.303,0.016,0,35.3,-0.032,0
PID101274,CRPF,Constable/GD,13.9,False,not_applicable_unmarried,n/a,0.0,law_order_vip_duty,1.0,28,20.6,0.736,52.3,0.111,80.8,23.2,2.0,1.0,1.0,2.0,2.0,0.0,0,5.0,3.0,2.0,0.346,0.084,0,29.5,0.001,0
PID101275,CRPF,Constable/GD,18.7,True,with_family,nuclear,0.0,peace_training_static,34.2,28,27.0,0.964,45.3,0.088,100.0,5.5,1.0,2.0,-1.0,2.0,2.0,0.0,0,2.0,4.0,-2.0,0.466,-0.012,0,62.4,-0.87,0
PID101276,CRPF,Constable/GD,17.6,True,with_family,nuclear,0.0,counter_naxal_lwe,20.1,28,19.1,0.682,64.8,0.357,53.4,44.1,3.0,4.0,-1.0,2.0,3.0,-1.0,0,0.0,0.0,0.0,0.404,0.294,0,49.7,0.177,0
PID101277,CRPF,Constable/GD,16.1,True,separated_hardship_posting,nuclear,0.6,counter_naxal_lwe,4.5,32,20.1,0.628,53.8,0.433,67.1,41.3,4.0,3.0,1.0,3.0,1.0,2.0,0,2.0,0.0,2.0,0.016,-0.024,0,35.5,0.235,0
PID101278,CRPF,ASI/SI,22.1,False,not_applicable_unmarried,n/a,0.0,counter_insurgency_jk_ne,4.7,28,12.7,0.454,57.2,0.351,79.3,24.5,1.0,2.0,-1.0,1.0,3.0,-2.0,0,1.0,1.0,0.0,0.205,0.055,0,19.4,-0.479,0
PID101279,CRPF,Head Constable,11.7,True,with_family,joint,0.0,peace_training_static,2.4,31,27.6,0.89,46.2,0.0,86.6,7.9,2.0,1.0,1.0,2.0,4.0,-2.0,0,0.0,1.0,-1.0,0.256,0.04,0,35.8,-0.743,0
PID101280,CRPF,Constable/GD,26.3,True,with_family,nuclear,0.0,counter_insurgency_jk_ne,12.9,31,21.7,0.7,54.0,0.468,69.8,39.1,0.0,0.0,0.0,4.0,2.0,2.0,1,0.0,0.0,0.0,0.037,-0.1,0,24.1,-0.237,0
PID101281,CRPF,Constable/GD,8.7,True,separated_hardship_posting,nuclear,0.867,counter_naxal_lwe,6.5,32,19.2,0.6,63.4,0.325,57.0,38.5,1.0,1.0,0.0,4.0,2.0,2.0,0,1.0,6.0,-5.0,0.575,0.073,0,38.4,0.407,0
PID101282,CRPF,Constable/GD,17.8,True,with_family,nuclear,0.0,counter_naxal_lwe,4.0,30,17.1,0.57,65.1,0.424,57.8,55.4,2.0,0.0,2.0,4.0,2.0,2.0,0,3.0,1.0,2.0,0.139,0.053,0,42.2,0.691,0
PID101283,CRPF,Head Constable,9.4,True,separated_hardship_posting,joint,0.783,counter_insurgency_jk_ne,9.4,32,14.3,0.447,59.8,0.333,78.9,30.5,1.0,0.0,1.0,3.0,3.0,0.0,0,1.0,0.0,1.0,0.088,0.023,0,27.1,0.169,1
PID101284,CRPF,ASI/SI,11.3,False,not_applicable_unmarried,n/a,0.0,counter_naxal_lwe,3.1,30,14.7,0.49,69.1,0.35,58.7,50.2,0.0,0.0,0.0,3.0,2.0,1.0,1,0.0,0.0,0.0,0.19,0.107,0,34.1,0.427,0
PID101285,CRPF,ASI/SI,12.4,True,with_family,nuclear,0.0,law_order_vip_duty,8.2,28,21.2,0.757,50.3,0.206,81.3,17.9,1.0,0.0,1.0,3.0,2.0,1.0,0,1.0,1.0,0.0,0.097,-0.065,0,54.8,-0.257,0
PID101286,CRPF,Constable/GD,9.1,True,separated_hardship_posting,nuclear,0.6,counter_naxal_lwe,4.5,32,13.3,0.416,64.0,0.283,56.6,30.2,1.0,2.0,-1.0,3.0,3.0,0.0,1,3.0,4.0,-1.0,0.37,0.305,2,30.5,0.746,0
PID101287,CRPF,Constable/GD,22.6,False,not_applicable_unmarried,n/a,0.0,law_order_vip_duty,1.0,30,24.9,0.83,53.9,0.143,77.9,21.9,0.0,0.0,0.0,1.0,1.0,0.0,0,0.0,1.0,-1.0,0.209,-0.02,0,63.8,-0.581,0
PID101288,CRPF,Constable/GD,9.7,True,with_family,joint,0.0,law_order_vip_duty,1.6,28,20.6,0.736,51.1,0.21,76.0,27.6,1.0,0.0,1.0,2.0,2.0,0.0,0,0.0,1.0,-1.0,0.223,0.051,0,47.8,-0.098,0
PID101289,CRPF,Head Constable,12.0,True,with_family,nuclear,0.0,peace_training_static,1.0,31,22.0,0.71,50.5,0.037,78.3,12.1,0.0,0.0,0.0,2.0,2.0,0.0,1,4.0,4.0,0.0,0.184,-0.081,0,45.2,-0.617,0
PID101290,CRPF,Constable/GD,16.7,False,not_applicable_unmarried,n/a,0.0,counter_naxal_lwe,1.3,29,14.3,0.493,63.2,0.449,43.7,48.1,1.0,0.0,1.0,4.0,2.0,2.0,0,2.0,3.0,-1.0,0.413,0.185,2,47.2,1.026,1
PID101291,CRPF,Head Constable,35.0,True,with_family,nuclear,0.0,law_order_vip_duty,1.8,32,23.1,0.722,47.2,0.226,78.1,17.0,5.0,1.0,4.0,4.0,1.0,3.0,0,2.0,3.0,-1.0,0.18,-0.11,0,6.6,0.538,0
PID101292,CRPF,Head Constable,17.0,False,not_applicable_unmarried,n/a,0.0,law_order_vip_duty,20.8,28,20.6,0.736,55.0,0.346,69.5,36.0,0.0,0.0,0.0,2.0,2.0,0.0,0,2.0,1.0,1.0,0.383,0.176,0,54.1,0.126,0
PID101293,CRPF,Constable/GD,12.6,True,separated_hardship_posting,nuclear,0.133,counter_insurgency_jk_ne,1.0,31,22.9,0.739,56.0,0.274,78.2,28.2,1.0,0.0,1.0,2.0,1.0,1.0,1,2.0,3.0,-1.0,0.296,0.049,0,57.6,0.108,0
PID101294,CRPF,Constable/GD,3.3,True,separated_hardship_posting,nuclear,0.36,counter_naxal_lwe,2.7,32,19.3,0.603,60.7,0.315,60.2,40.7,0.0,1.0,-1.0,3.0,2.0,1.0,0,1.0,0.0,1.0,0.594,0.113,1,48.2,0.155,0
PID101295,CRPF,Constable/GD,11.1,True,with_family,nuclear,0.0,counter_naxal_lwe,12.4,28,11.3,0.404,61.0,0.385,62.6,42.6,1.0,0.0,1.0,4.0,2.0,2.0,0,1.0,0.0,1.0,0.365,0.128,0,19.2,0.965,0
PID101296,CRPF,Constable/GD,8.2,True,separated_hardship_posting,joint,1.1,law_order_vip_duty,13.2,30,18.0,0.6,54.9,0.204,65.2,27.4,1.0,1.0,0.0,3.0,1.0,2.0,0,4.0,5.0,-1.0,0.413,0.026,1,46.9,0.265,0
PID101297,CRPF,Constable/GD,10.1,True,with_family,nuclear,0.0,counter_insurgency_jk_ne,20.4,31,17.8,0.574,62.3,0.358,56.3,52.9,2.0,0.0,2.0,4.0,2.0,2.0,2,1.0,2.0,-1.0,0.534,0.297,1,24.5,1.423,0
PID101298,CRPF,Head Constable,9.3,True,with_family,nuclear,0.0,peace_training_static,13.5,32,29.2,0.912,45.4,0.206,71.1,13.8,1.0,2.0,-1.0,1.0,1.0,0.0,1,7.0,5.0,2.0,0.02,-0.016,0,50.7,-0.82,0
PID101299,CRPF,Constable/GD,16.6,True,separated_hardship_posting,joint,0.55,peace_training_static,6.6,29,29.0,1.0,45.1,0.186,100.0,14.3,0.0,0.0,0.0,2.0,1.0,1.0,2,0.0,0.0,0.0,0.207,0.024,0,49.2,-0.439,0
PID101300,CRPF,Constable/GD,11.0,True,with_family,joint,0.0,law_order_vip_duty,1.0,30,27.7,0.923,43.8,0.302,84.9,23.1,0.0,1.0,-1.0,2.0,3.0,-1.0,1,5.0,1.0,4.0,0.184,-0.099,0,34.5,-1.298,0
PID101301,CRPF,Head Constable,7.0,False,not_applicable_unmarried,n/a,0.0,peace_training_static,1.0,30,30.0,1.0,43.2,0.169,90.7,10.0,2.0,1.0,1.0,3.0,1.0,2.0,0,0.0,1.0,-1.0,0.426,0.101,0,43.8,0.163,0
PID101302,CRPF,Head Constable,19.8,True,separated_hardship_posting,nuclear,0.133,law_order_vip_duty,1.0,29,20.4,0.703,48.2,0.187,86.7,17.6,2.0,0.0,2.0,3.0,2.0,1.0,0,1.0,1.0,0.0,0.124,0.013,0,44.6,0.195,0
PID101303,CRPF,Constable/GD,5.5,True,separated_hardship_posting,nuclear,5.213,counter_naxal_lwe,39.1,32,20.4,0.638,63.2,0.418,73.0,45.7,4.0,0.0,4.0,3.0,2.0,1.0,0,3.0,3.0,0.0,0.821,0.127,1,59.2,0.927,1
PID101304,CRPF,ASI/SI,12.3,True,separated_hardship_posting,joint,0.425,counter_naxal_lwe,5.1,31,18.3,0.59,61.6,0.392,57.9,42.5,0.0,0.0,0.0,3.0,2.0,1.0,0,0.0,0.0,0.0,0.057,0.014,0,47.3,0.026,0
PID101305,CRPF,ASI/SI,11.2,True,with_family,nuclear,0.0,peace_training_static,27.6,28,21.9,0.782,42.4,0.083,88.2,0.0,0.0,1.0,-1.0,1.0,3.0,-2.0,1,0.0,3.0,-3.0,0.346,-0.093,0,25.5,-1.322,0
PID101306,CRPF,Head Constable,14.8,True,with_family,joint,0.0,counter_naxal_lwe,17.2,32,11.9,0.372,62.6,0.321,74.3,37.9,0.0,0.0,0.0,2.0,4.0,-2.0,1,0.0,0.0,0.0,0.556,0.117,0,13.6,-0.041,0
PID101307,CRPF,Head Constable,22.2,True,with_family,nuclear,0.0,peace_training_static,26.7,28,25.6,0.914,45.7,0.114,81.8,22.0,1.0,0.0,1.0,2.0,2.0,0.0,0,2.0,0.0,2.0,0.358,0.049,0,60.7,-0.32,0
PID101308,CRPF,Constable/GD,35.0,True,separated_hardship_posting,nuclear,0.88,counter_naxal_lwe,6.6,32,13.1,0.409,51.8,0.417,78.1,32.9,0.0,3.0,-3.0,3.0,2.0,1.0,1,1.0,1.0,0.0,0.161,0.141,0,20.3,0.167,0
PID101309,CRPF,ASI/SI,12.6,True,separated_hardship_posting,nuclear,1.227,counter_naxal_lwe,9.2,30,13.9,0.463,66.4,0.357,56.2,49.0,2.0,2.0,0.0,4.0,3.0,1.0,1,2.0,2.0,0.0,0.529,0.189,1,22.7,0.708,1
PID101310,CRPF,Constable/GD,8.1,True,with_family,nuclear,0.0,law_order_vip_duty,6.6,31,21.2,0.684,56.0,0.22,76.2,32.7,1.0,1.0,0.0,4.0,1.0,3.0,1,1.0,0.0,1.0,0.063,-0.1,0,33.2,-0.002,0
PID101311,CRPF,ASI/SI,7.6,False,not_applicable_unmarried,n/a,0.0,peace_training_static,1.0,32,29.5,0.922,45.0,0.11,81.5,12.3,0.0,0.0,0.0,1.0,3.0,-2.0,0,0.0,0.0,0.0,0.0,-0.074,0,33.4,-1.281,0
PID101312,CRPF,Head Constable,7.6,True,with_family,joint,0.0,peace_training_static,5.9,32,32.0,1.0,47.4,0.099,100.0,10.7,0.0,1.0,-1.0,1.0,2.0,-1.0,0,1.0,3.0,-2.0,0.323,0.004,0,16.5,-1.079,0
PID101313,CRPF,Constable/GD,14.5,True,separated_hardship_posting,nuclear,2.96,counter_naxal_lwe,22.2,28,15.4,0.55,60.7,0.28,63.7,36.5,3.0,1.0,2.0,2.0,1.0,1.0,1,0.0,2.0,-2.0,0.244,-0.128,0,41.0,-0.045,0
PID101314,CRPF,Constable/GD,2.7,True,with_family,joint,0.0,counter_insurgency_jk_ne,35.7,30,16.4,0.547,51.6,0.348,69.1,32.4,1.0,0.0,1.0,3.0,1.0,2.0,1,0.0,0.0,0.0,0.238,-0.015,0,21.4,0.361,0
PID101315,CRPF,Head Constable,5.3,False,not_applicable_unmarried,n/a,0.0,law_order_vip_duty,9.5,28,14.8,0.529,60.7,0.159,74.2,29.7,0.0,0.0,0.0,3.0,3.0,0.0,0,1.0,0.0,1.0,0.237,0.078,0,45.9,0.081,0
PID101316,CRPF,Head Constable,14.5,True,with_family,nuclear,0.0,peace_training_static,12.0,31,29.3,0.945,49.0,0.124,81.3,16.0,1.0,6.0,-5.0,2.0,2.0,0.0,1,1.0,0.0,1.0,0.311,0.127,0,47.4,-1.048,0
PID101317,CRPF,Constable/GD,20.3,True,separated_hardship_posting,nuclear,1.68,counter_naxal_lwe,12.6,30,16.6,0.553,65.8,0.325,61.2,50.2,0.0,0.0,0.0,2.0,1.0,1.0,0,2.0,0.0,2.0,0.438,0.15,2,56.6,0.481,0
PID101318,CRPF,Head Constable,20.4,True,with_family,nuclear,0.0,law_order_vip_duty,3.9,32,22.4,0.7,50.9,0.266,69.8,25.7,4.0,0.0,4.0,2.0,1.0,1.0,1,4.0,3.0,1.0,0.17,0.071,0,46.9,0.682,0
PID101319,CRPF,ASI/SI,12.9,True,separated_hardship_posting,nuclear,1.36,counter_naxal_lwe,10.2,31,20.5,0.661,66.5,0.329,58.6,50.1,0.0,1.0,-1.0,5.0,2.0,3.0,0,1.0,1.0,0.0,0.296,0.173,0,49.8,0.692,0
PID101320,CRPF,Constable/GD,18.9,True,separated_hardship_posting,joint,0.1,law_order_vip_duty,1.2,30,18.9,0.63,46.5,0.16,82.8,19.0,0.0,1.0,-1.0,2.0,2.0,0.0,0,3.0,0.0,3.0,0.003,-0.056,0,17.9,-0.6,0
PID101321,CRPF,Constable/GD,22.4,True,with_family,nuclear,0.0,counter_naxal_lwe,1.0,28,13.3,0.475,61.0,0.409,55.8,44.4,0.0,0.0,0.0,4.0,1.0,3.0,1,0.0,0.0,0.0,0.374,0.285,2,27.7,1.41,1
PID101322,CRPF,Constable/GD,9.6,False,not_applicable_unmarried,n/a,0.0,peace_training_static,33.6,29,25.4,0.876,49.0,0.07,81.7,14.1,1.0,3.0,-2.0,1.0,2.0,-1.0,1,2.0,0.0,2.0,0.263,0.05,0,37.7,-0.945,0
PID101323,CRPF,Head Constable,21.2,False,not_applicable_unmarried,n/a,0.0,counter_naxal_lwe,19.3,32,15.9,0.497,59.5,0.359,69.5,31.7,2.0,5.0,-3.0,2.0,3.0,-1.0,0,4.0,5.0,-1.0,0.17,0.085,0,52.9,-0.536,0
PID101324,CRPF,Constable/GD,4.2,True,with_family,nuclear,0.0,law_order_vip_duty,3.5,28,22.7,0.811,55.6,0.296,68.9,27.1,4.0,2.0,2.0,3.0,2.0,1.0,0,1.0,2.0,-1.0,0.23,0.112,1,39.3,0.364,1
PID101325,CRPF,ASI/SI,5.2,True,with_family,nuclear,0.0,law_order_vip_duty,1.0,32,25.4,0.794,53.2,0.176,77.3,27.5,4.0,7.0,-3.0,2.0,2.0,0.0,2,5.0,4.0,1.0,0.168,0.08,0,35.9,-0.697,0
PID101326,CRPF,Constable/GD,10.0,True,separated_hardship_posting,nuclear,0.213,counter_naxal_lwe,1.6,31,20.2,0.652,62.8,0.344,63.7,45.7,1.0,0.0,1.0,5.0,3.0,2.0,0,4.0,1.0,3.0,0.285,0.146,1,48.8,0.718,0
PID101327,CRPF,Head Constable,3.8,True,separated_hardship_posting,nuclear,1.427,counter_naxal_lwe,10.7,30,18.0,0.6,59.1,0.324,72.9,31.1,1.0,0.0,1.0,3.0,1.0,2.0,0,3.0,3.0,0.0,0.087,-0.094,0,11.2,0.058,0
PID101328,CRPF,Constable/GD,16.7,True,separated_hardship_posting,joint,0.75,law_order_vip_duty,9.0,30,22.2,0.74,53.6,0.228,70.4,30.1,6.0,1.0,5.0,5.0,3.0,2.0,1,2.0,1.0,1.0,0.458,0.031,0,24.7,0.882,0
PID101329,CRPF,Constable/GD,8.8,False,not_applicable_unmarried,n/a,0.0,law_order_vip_duty,26.5,28,20.0,0.714,59.7,0.216,71.0,35.0,0.0,0.0,0.0,3.0,2.0,1.0,1,1.0,2.0,-1.0,0.092,0.017,0,42.7,-0.113,0
PID101330,CRPF,Head Constable,11.3,True,separated_hardship_posting,nuclear,0.133,law_order_vip_duty,1.0,29,23.1,0.797,52.7,0.275,69.6,33.5,0.0,0.0,0.0,3.0,2.0,1.0,0,3.0,3.0,0.0,0.253,0.0,0,40.5,-0.265,0
PID101331,CRPF,Constable/GD,11.5,True,separated_hardship_posting,nuclear,0.28,law_order_vip_duty,2.1,30,21.9,0.73,54.2,0.183,75.8,36.9,6.0,8.0,-2.0,2.0,2.0,0.0,1,1.0,0.0,1.0,0.491,0.071,0,47.1,-0.493,0
PID101332,CRPF,Constable/GD,9.8,True,separated_hardship_posting,nuclear,3.0,counter_naxal_lwe,22.5,30,16.6,0.553,64.8,0.426,62.1,50.5,1.0,1.0,0.0,2.0,2.0,0.0,0,0.0,0.0,0.0,0.717,0.096,1,44.0,0.104,0
PID101333,CRPF,Inspector+,7.6,False,not_applicable_unmarried,n/a,0.0,peace_training_static,9.4,29,27.6,0.952,41.4,0.216,75.7,10.5,1.0,1.0,0.0,2.0,4.0,-2.0,2,1.0,0.0,1.0,0.324,0.076,0,46.0,-0.863,0
PID101334,CRPF,Inspector+,16.3,True,separated_hardship_posting,joint,0.083,counter_naxal_lwe,1.0,32,18.0,0.562,61.5,0.365,56.2,47.6,4.0,2.0,2.0,5.0,1.0,4.0,0,3.0,3.0,0.0,0.399,0.121,2,31.3,1.333,1
PID101335,CRPF,ASI/SI,8.7,False,not_applicable_unmarried,n/a,0.0,counter_insurgency_jk_ne,3.2,30,18.9,0.63,57.3,0.253,69.5,27.7,2.0,1.0,1.0,3.0,2.0,1.0,0,3.0,1.0,2.0,0.581,0.057,1,60.0,0.261,0
PID101336,CRPF,Constable/GD,11.4,False,not_applicable_unmarried,n/a,0.0,peace_training_static,6.2,29,23.7,0.817,37.5,0.118,97.6,15.2,0.0,0.0,0.0,2.0,3.0,-1.0,4,1.0,1.0,0.0,0.0,-0.115,1,24.1,-1.064,0
PID101337,CRPF,Head Constable,14.9,True,with_family,nuclear,0.0,peace_training_static,1.1,31,31.0,1.0,49.2,0.113,92.7,8.5,0.0,1.0,-1.0,2.0,2.0,0.0,0,1.0,1.0,0.0,0.091,0.017,1,36.4,-0.827,0
PID101338,CRPF,ASI/SI,22.3,True,with_family,nuclear,0.0,counter_naxal_lwe,2.4,28,12.1,0.432,58.3,0.456,51.4,46.7,3.0,3.0,0.0,3.0,1.0,2.0,2,0.0,1.0,-1.0,0.244,0.012,0,40.5,0.427,0
PID101339,CRPF,Constable/GD,21.4,True,with_family,nuclear,0.0,counter_naxal_lwe,29.2,28,16.7,0.596,64.7,0.344,67.6,43.7,1.0,0.0,1.0,4.0,3.0,1.0,0,1.0,0.0,1.0,0.697,0.203,2,49.6,0.744,1
PID101340,CRPF,Constable/GD,9.1,True,separated_hardship_posting,joint,0.492,law_order_vip_duty,5.9,29,20.3,0.7,49.0,0.303,81.1,21.0,0.0,0.0,0.0,2.0,2.0,0.0,1,1.0,1.0,0.0,0.74,0.02,0,26.0,-0.303,0
PID101341,CRPF,ASI/SI,7.3,True,with_family,joint,0.0,counter_naxal_lwe,10.8,28,18.6,0.664,70.2,0.357,51.1,51.4,5.0,2.0,3.0,5.0,2.0,3.0,1,2.0,1.0,1.0,0.303,0.088,1,38.7,1.049,1
PID101342,CRPF,Constable/GD,24.8,True,separated_hardship_posting,nuclear,1.413,law_order_vip_duty,10.6,29,24.4,0.841,50.9,0.223,70.3,32.1,0.0,2.0,-2.0,2.0,2.0,0.0,1,2.0,1.0,1.0,0.157,0.039,0,55.6,-0.722,0
PID101343,CRPF,Head Constable,8.6,False,not_applicable_unmarried,n/a,0.0,counter_insurgency_jk_ne,3.5,28,16.8,0.6,65.7,0.279,57.1,48.2,3.0,2.0,1.0,4.0,2.0,2.0,0,3.0,0.0,3.0,0.269,0.111,0,39.9,0.676,0
PID101344,CRPF,Inspector+,15.9,False,not_applicable_unmarried,n/a,0.0,counter_naxal_lwe,14.6,31,21.7,0.7,61.3,0.334,69.4,38.7,2.0,0.0,2.0,4.0,3.0,1.0,0,1.0,0.0,1.0,0.273,-0.061,0,42.5,-0.024,0
PID101345,CRPF,Head Constable,3.7,True,separated_hardship_posting,joint,1.25,counter_insurgency_jk_ne,15.0,28,16.2,0.579,57.8,0.353,66.5,45.8,0.0,0.0,0.0,4.0,3.0,1.0,2,1.0,3.0,-2.0,0.228,0.097,0,34.3,0.289,0
PID101346,CRPF,Constable/GD,2.7,True,with_family,nuclear,0.0,law_order_vip_duty,6.1,29,24.4,0.841,58.3,0.176,71.7,30.5,0.0,0.0,0.0,4.0,1.0,3.0,0,2.0,3.0,-1.0,0.585,-0.038,0,40.0,-0.005,0
PID101347,CRPF,Constable/GD,12.6,True,with_family,nuclear,0.0,law_order_vip_duty,16.6,29,19.6,0.676,48.3,0.278,73.9,27.0,1.0,0.0,1.0,2.0,2.0,0.0,1,3.0,1.0,2.0,0.121,-0.068,0,39.6,-0.383,0
PID101348,CRPF,Constable/GD,10.5,True,with_family,nuclear,0.0,counter_naxal_lwe,1.4,30,17.7,0.59,62.2,0.436,62.5,38.5,0.0,1.0,-1.0,3.0,3.0,0.0,0,4.0,0.0,4.0,0.252,0.021,0,46.2,-0.319,0
PID101349,CRPF,Constable/GD,18.2,True,separated_hardship_posting,nuclear,0.333,counter_naxal_lwe,2.5,30,13.7,0.457,64.2,0.314,59.9,37.8,1.0,0.0,1.0,3.0,3.0,0.0,0,0.0,0.0,0.0,0.353,0.091,2,21.5,0.361,0
PID101350,CRPF,Head Constable,7.6,True,separated_hardship_posting,nuclear,0.28,counter_naxal_lwe,2.1,31,17.1,0.552,63.6,0.422,55.7,51.4,0.0,1.0,-1.0,3.0,3.0,0.0,1,3.0,3.0,0.0,0.822,0.231,2,37.9,0.358,1
PID101351,CRPF,ASI/SI,14.3,False,not_applicable_unmarried,n/a,0.0,law_order_vip_duty,10.3,31,23.1,0.745,52.2,0.283,74.7,28.8,8.0,1.0,7.0,4.0,3.0,1.0,0,0.0,0.0,0.0,0.2,0.084,0,42.1,1.132,1
PID101352,CRPF,Constable/GD,17.7,True,separated_hardship_posting,joint,0.25,law_order_vip_duty,3.0,29,24.4,0.841,51.6,0.272,72.5,37.6,2.0,1.0,1.0,5.0,2.0,3.0,0,1.0,4.0,-3.0,0.651,0.04,0,52.0,0.382,0
PID101353,CRPF,Constable/GD,7.8,False,not_applicable_unmarried,n/a,0.0,peace_training_static,1.8,28,23.2,0.829,49.4,0.082,81.5,13.2,1.0,0.0,1.0,1.0,2.0,-1.0,1,0.0,0.0,0.0,0.302,0.108,0,50.0,-0.253,0
PID101354,CRPF,ASI/SI,9.9,True,separated_hardship_posting,joint,0.333,peace_training_static,4.0,32,32.0,1.0,46.7,0.113,79.0,18.9,0.0,0.0,0.0,2.0,2.0,0.0,0,3.0,4.0,-1.0,0.448,0.128,0,60.9,-0.339,0
PID101355,CRPF,Constable/GD,5.9,True,separated_hardship_posting,nuclear,1.493,counter_insurgency_jk_ne,11.2,29,13.3,0.459,61.9,0.293,60.5,39.8,0.0,1.0,-1.0,2.0,1.0,1.0,1,3.0,1.0,2.0,0.922,0.326,0,40.3,0.97,0
PID101356,CRPF,Constable/GD,18.5,False,not_applicable_unmarried,n/a,0.0,peace_training_static,1.0,30,27.7,0.923,47.6,0.245,71.0,26.6,0.0,0.0,0.0,3.0,2.0,1.0,2,1.0,1.0,0.0,0.217,-0.081,0,20.5,-0.661,0
PID101357,CRPF,Constable/GD,16.4,True,with_family,nuclear,0.0,counter_naxal_lwe,1.0,32,18.5,0.578,64.6,0.349,61.9,49.0,1.0,1.0,0.0,3.0,2.0,1.0,0,2.0,2.0,0.0,0.621,0.197,1,38.9,0.592,0
PID101358,CRPF,Head Constable,17.1,True,with_family,nuclear,0.0,counter_insurgency_jk_ne,8.0,31,20.2,0.652,62.5,0.289,59.7,41.6,3.0,3.0,0.0,3.0,2.0,1.0,0,3.0,3.0,0.0,0.235,0.128,1,15.7,0.295,0
PID101359,CRPF,Constable/GD,10.5,False,not_applicable_unmarried,n/a,0.0,counter_insurgency_jk_ne,1.0,30,16.5,0.55,56.8,0.231,69.9,27.9,1.0,0.0,1.0,2.0,2.0,0.0,1,4.0,3.0,1.0,0.255,0.056,0,15.6,0.143,0
PID101360,CRPF,Head Constable,16.2,True,with_family,nuclear,0.0,law_order_vip_duty,8.6,29,22.5,0.776,56.4,0.162,75.3,26.1,5.0,3.0,2.0,4.0,2.0,2.0,0,2.0,2.0,0.0,0.673,-0.045,0,30.5,0.146,0
PID101361,CRPF,Constable/GD,1.5,True,with_family,nuclear,0.0,law_order_vip_duty,19.2,32,22.3,0.697,51.4,0.179,75.5,17.6,1.0,1.0,0.0,2.0,2.0,0.0,1,0.0,0.0,0.0,0.422,0.066,0,43.5,-0.158,0
PID101362,CRPF,Head Constable,11.1,True,separated_hardship_posting,nuclear,1.04,counter_naxal_lwe,7.8,28,21.0,0.75,56.4,0.372,60.0,39.8,1.0,1.0,0.0,3.0,1.0,2.0,0,1.0,0.0,1.0,0.522,0.168,0,23.9,0.511,0
PID101363,CRPF,Constable/GD,27.1,True,with_family,joint,0.0,peace_training_static,28.7,30,25.1,0.837,44.7,0.035,94.8,0.0,2.0,4.0,-2.0,2.0,2.0,0.0,1,0.0,0.0,0.0,0.711,0.128,0,60.0,-0.451,0
PID101364,CRPF,Constable/GD,12.0,True,with_family,nuclear,0.0,peace_training_static,1.8,29,25.7,0.886,43.1,0.08,100.0,2.7,2.0,2.0,0.0,1.0,2.0,-1.0,0,1.0,2.0,-1.0,0.263,0.121,0,43.3,-0.436,0
PID101365,CRPF,Constable/GD,20.7,False,not_applicable_unmarried,n/a,0.0,peace_training_static,2.2,28,23.2,0.829,47.5,0.008,96.9,13.2,0.0,1.0,-1.0,1.0,2.0,-1.0,0,2.0,2.0,0.0,0.478,0.011,0,58.6,-0.853,0
PID101366,CRPF,Constable/GD,10.5,True,with_family,nuclear,0.0,counter_insurgency_jk_ne,3.4,29,15.0,0.517,56.9,0.384,73.7,39.8,0.0,1.0,-1.0,4.0,3.0,1.0,1,3.0,4.0,-1.0,0.213,-0.081,0,66.1,-0.325,0
PID101367,CRPF,Constable/GD,24.0,True,with_family,nuclear,0.0,peace_training_static,11.9,28,21.0,0.75,46.5,0.126,80.0,7.4,2.0,2.0,0.0,2.0,1.0,1.0,0,0.0,0.0,0.0,0.144,0.007,0,54.8,-0.189,0
PID101368,CRPF,Constable/GD,7.3,True,separated_hardship_posting,joint,0.808,law_order_vip_duty,9.7,28,23.0,0.821,56.1,0.239,71.6,33.7,1.0,3.0,-2.0,3.0,2.0,1.0,1,2.0,0.0,2.0,0.123,-0.042,0,32.8,-0.729,0
PID101369,CRPF,Constable/GD,15.3,True,with_family,nuclear,0.0,law_order_vip_duty,8.9,31,21.2,0.684,57.9,0.155,72.9,24.0,0.0,1.0,-1.0,2.0,2.0,0.0,0,7.0,1.0,6.0,0.728,0.185,1,24.2,0.061,0
PID101370,CRPF,Constable/GD,8.2,False,not_applicable_unmarried,n/a,0.0,counter_insurgency_jk_ne,4.4,31,16.2,0.523,59.2,0.37,72.7,35.7,0.0,1.0,-1.0,3.0,3.0,0.0,1,1.0,0.0,1.0,0.325,0.091,0,25.8,-0.027,0
PID101371,CRPF,ASI/SI,13.9,True,with_family,joint,0.0,peace_training_static,2.9,32,25.9,0.809,50.3,0.21,85.8,24.2,1.0,5.0,-4.0,1.0,2.0,-1.0,0,0.0,0.0,0.0,0.415,-0.021,0,42.1,-1.386,0
PID101372,CRPF,Constable/GD,8.7,True,separated_hardship_posting,nuclear,0.133,law_order_vip_duty,1.0,28,21.9,0.782,51.3,0.224,77.6,19.0,0.0,0.0,0.0,2.0,1.0,1.0,0,4.0,5.0,-1.0,0.363,0.008,0,33.4,-0.223,0
PID101373,CRPF,ASI/SI,12.0,True,separated_hardship_posting,nuclear,0.653,law_order_vip_duty,4.9,30,22.6,0.753,45.7,0.191,72.4,25.6,1.0,5.0,-4.0,2.0,1.0,1.0,1,4.0,3.0,1.0,0.174,0.047,0,24.4,-0.687,0
PID101374,CRPF,Inspector+,9.4,False,not_applicable_unmarried,n/a,0.0,peace_training_static,7.2,31,28.0,0.903,41.3,0.153,85.5,10.8,2.0,2.0,0.0,2.0,2.0,0.0,0,0.0,0.0,0.0,0.479,-0.002,0,48.9,-0.612,0
PID101375,CRPF,Constable/GD,17.3,True,separated_hardship_posting,joint,0.233,counter_naxal_lwe,2.8,30,14.2,0.473,61.2,0.394,64.7,44.6,2.0,0.0,2.0,3.0,2.0,1.0,0,3.0,3.0,0.0,0.37,0.147,0,47.6,0.878,0
PID101376,CRPF,Head Constable,15.6,True,separated_hardship_posting,nuclear,1.667,law_order_vip_duty,12.5,28,22.3,0.796,55.2,0.272,70.5,36.5,1.0,1.0,0.0,3.0,1.0,2.0,1,7.0,3.0,4.0,0.316,0.087,0,26.2,0.212,0
PID101377,CRPF,ASI/SI,8.0,False,not_applicable_unmarried,n/a,0.0,counter_naxal_lwe,5.5,30,14.5,0.483,61.2,0.39,60.4,47.7,0.0,1.0,-1.0,3.0,1.0,2.0,1,0.0,1.0,-1.0,0.175,0.027,0,31.6,0.255,0
PID101378,CRPF,Head Constable,7.9,True,separated_hardship_posting,nuclear,0.2,counter_insurgency_jk_ne,1.5,28,17.0,0.607,62.7,0.358,64.4,46.9,1.0,0.0,1.0,4.0,1.0,3.0,1,3.0,1.0,2.0,0.57,0.166,0,17.9,1.045,0
PID101379,CRPF,Constable/GD,6.9,True,with_family,joint,0.0,counter_naxal_lwe,9.9,28,15.0,0.536,69.3,0.308,62.2,45.4,1.0,0.0,1.0,4.0,1.0,3.0,1,7.0,0.0,7.0,0.219,0.096,0,41.2,0.92,0
PID101380,CRPF,Constable/GD,6.1,False,not_applicable_unmarried,n/a,0.0,counter_naxal_lwe,1.2,31,12.0,0.387,58.4,0.405,58.9,35.7,0.0,0.0,0.0,2.0,2.0,0.0,4,0.0,0.0,0.0,0.363,0.222,1,33.1,0.686,0
PID101381,CRPF,Constable/GD,18.0,False,not_applicable_unmarried,n/a,0.0,counter_naxal_lwe,9.2,28,21.5,0.768,70.5,0.323,57.1,50.2,2.0,0.0,2.0,5.0,1.0,4.0,0,1.0,1.0,0.0,0.503,0.063,1,54.7,0.909,0
PID101382,CRPF,Constable/GD,6.7,True,separated_hardship_posting,nuclear,1.08,counter_naxal_lwe,8.1,29,17.7,0.61,55.5,0.199,84.7,28.0,1.0,1.0,0.0,3.0,2.0,1.0,0,3.0,3.0,0.0,0.232,-0.047,0,39.7,-0.18,0
PID101383,CRPF,Inspector+,14.6,False,not_applicable_unmarried,n/a,0.0,counter_naxal_lwe,15.8,32,18.1,0.566,69.4,0.322,63.3,42.5,1.0,2.0,-1.0,4.0,2.0,2.0,0,4.0,0.0,4.0,0.244,0.122,0,28.4,0.442,0
PID101384,CRPF,Inspector+,8.9,True,separated_hardship_posting,joint,1.083,law_order_vip_duty,13.0,32,25.0,0.781,51.9,0.187,76.2,26.6,1.0,0.0,1.0,2.0,1.0,1.0,1,0.0,0.0,0.0,0.36,-0.046,0,40.1,-0.229,0
PID101385,CRPF,Constable/GD,20.4,False,not_applicable_unmarried,n/a,0.0,counter_naxal_lwe,48.0,28,21.6,0.771,61.1,0.364,64.0,43.4,2.0,0.0,2.0,4.0,1.0,3.0,1,1.0,1.0,0.0,0.254,0.149,0,35.4,0.95,0
PID101386,CRPF,Head Constable,30.6,True,separated_hardship_posting,nuclear,6.253,counter_naxal_lwe,46.9,30,19.9,0.663,62.0,0.4,64.3,42.5,0.0,0.0,0.0,2.0,2.0,0.0,0,3.0,0.0,3.0,0.638,0.096,0,28.3,-0.027,0
PID101387,CRPF,Constable/GD,1.2,True,separated_hardship_posting,nuclear,0.267,counter_naxal_lwe,2.0,29,17.0,0.586,58.8,0.362,65.0,39.1,5.0,4.0,1.0,4.0,1.0,3.0,2,1.0,1.0,0.0,0.332,-0.005,1,37.5,0.556,0
PID101388,CRPF,ASI/SI,7.3,True,separated_hardship_posting,nuclear,2.347,counter_naxal_lwe,17.6,31,14.9,0.481,68.0,0.471,48.9,55.9,4.0,0.0,4.0,3.0,2.0,1.0,1,7.0,8.0,-1.0,0.225,0.154,2,19.8,1.199,1
PID101389,CRPF,Constable/GD,8.9,False,not_applicable_unmarried,n/a,0.0,counter_naxal_lwe,1.4,31,15.4,0.497,59.2,0.318,55.8,42.4,3.0,0.0,3.0,3.0,2.0,1.0,0,1.0,0.0,1.0,0.456,0.119,0,41.8,0.917,0
PID101390,CRPF,ASI/SI,10.7,False,not_applicable_unmarried,n/a,0.0,peace_training_static,5.6,28,19.8,0.707,43.7,0.001,90.7,9.9,2.0,1.0,1.0,2.0,2.0,0.0,2,2.0,0.0,2.0,0.324,-0.01,0,42.9,-0.245,0
PID101391,CRPF,ASI/SI,10.3,True,separated_hardship_posting,joint,0.533,counter_insurgency_jk_ne,6.4,30,16.9,0.563,52.5,0.317,69.4,44.3,5.0,1.0,4.0,4.0,1.0,3.0,0,0.0,3.0,-3.0,0.207,0.131,2,55.6,1.457,1
PID101392,CRPF,Constable/GD,5.2,True,with_family,nuclear,0.0,counter_insurgency_jk_ne,1.0,29,19.4,0.669,55.1,0.267,65.1,33.0,0.0,0.0,0.0,3.0,2.0,1.0,1,3.0,2.0,1.0,0.185,-0.1,0,42.0,-0.412,0
PID101393,CRPF,Constable/GD,30.9,True,separated_hardship_posting,nuclear,2.067,counter_insurgency_jk_ne,15.5,32,21.1,0.659,55.2,0.235,74.5,25.7,0.0,0.0,0.0,3.0,2.0,1.0,1,1.0,2.0,-1.0,0.801,0.151,0,24.7,0.358,0
PID101394,CRPF,ASI/SI,10.6,True,separated_hardship_posting,nuclear,0.227,counter_naxal_lwe,1.7,29,17.8,0.614,58.9,0.332,71.1,27.0,0.0,0.0,0.0,4.0,3.0,1.0,1,2.0,2.0,0.0,0.034,-0.039,0,0.0,-0.162,0
PID101395,CRPF,Constable/GD,15.6,False,not_applicable_unmarried,n/a,0.0,law_order_vip_duty,1.3,28,19.5,0.696,51.3,0.173,78.1,15.2,2.0,4.0,-2.0,1.0,4.0,-3.0,2,1.0,2.0,-1.0,0.149,-0.063,0,23.0,-1.498,0
PID101396,CRPF,Constable/GD,15.9,True,with_family,nuclear,0.0,peace_training_static,12.9,31,29.6,0.955,41.5,0.079,82.0,4.6,0.0,0.0,0.0,1.0,1.0,0.0,0,1.0,3.0,-2.0,0.554,-0.083,0,44.4,-0.92,0
PID101397,CRPF,ASI/SI,4.4,False,not_applicable_unmarried,n/a,0.0,counter_naxal_lwe,12.4,32,20.1,0.628,68.4,0.441,50.4,58.1,1.0,0.0,1.0,5.0,2.0,3.0,0,0.0,0.0,0.0,0.345,0.082,0,57.9,0.768,0
PID101398,CRPF,Head Constable,9.7,False,not_applicable_unmarried,n/a,0.0,counter_naxal_lwe,7.6,32,10.9,0.341,61.4,0.357,63.8,39.7,0.0,0.0,0.0,2.0,2.0,0.0,3,7.0,0.0,7.0,0.463,0.23,0,41.1,0.766,0
PID101399,CRPF,Constable/GD,18.0,True,separated_hardship_posting,nuclear,2.733,law_order_vip_duty,20.5,28,21.9,0.782,53.5,0.204,78.2,27.4,0.0,0.0,0.0,3.0,2.0,1.0,1,0.0,2.0,-2.0,0.11,-0.036,0,27.3,-0.356,0
PID101400,CRPF,Constable/GD,24.8,True,separated_hardship_posting,joint,0.292,counter_naxal_lwe,3.5,31,23.3,0.752,65.4,0.446,49.9,48.2,0.0,0.0,0.0,4.0,4.0,0.0,0,3.0,3.0,0.0,0.566,-0.051,0,43.3,-0.579,0
PID101401,CRPF,Constable/GD,9.9,False,not_applicable_unmarried,n/a,0.0,counter_naxal_lwe,2.8,29,15.1,0.521,70.1,0.332,46.4,56.4,0.0,0.0,0.0,5.0,2.0,3.0,1,0.0,0.0,0.0,0.189,0.153,0,3.4,0.957,1
PID101402,CRPF,Inspector+,5.0,False,not_applicable_unmarried,n/a,0.0,law_order_vip_duty,3.6,28,13.4,0.479,55.6,0.146,82.3,29.1,1.0,1.0,0.0,3.0,2.0,1.0,1,1.0,0.0,1.0,0.168,0.084,0,40.3,0.374,0
PID101403,CRPF,Constable/GD,8.4,False,not_applicable_unmarried,n/a,0.0,law_order_vip_duty,19.9,30,20.1,0.67,51.0,0.14,84.4,17.3,0.0,1.0,-1.0,2.0,2.0,0.0,0,1.0,0.0,1.0,0.369,0.059,0,48.7,-0.301,0
PID101404,CRPF,Constable/GD,9.6,True,with_family,nuclear,0.0,counter_naxal_lwe,3.1,32,12.2,0.381,57.7,0.345,62.6,40.0,0.0,1.0,-1.0,4.0,2.0,2.0,1,0.0,0.0,0.0,0.278,0.049,1,28.0,0.445,0
PID101405,CRPF,Constable/GD,9.4,True,with_family,joint,0.0,peace_training_static,12.7,32,26.9,0.841,47.4,0.021,82.0,10.5,1.0,4.0,-3.0,1.0,2.0,-1.0,1,1.0,2.0,-1.0,0.042,-0.192,0,54.5,-1.788,0
PID101406,CRPF,Inspector+,6.9,False,not_applicable_unmarried,n/a,0.0,counter_naxal_lwe,22.4,31,13.4,0.432,66.2,0.28,61.3,38.7,1.0,1.0,0.0,4.0,2.0,2.0,1,1.0,0.0,1.0,0.26,0.036,0,61.1,0.499,0
PID101407,CRPF,Constable/GD,4.6,True,separated_hardship_posting,nuclear,0.133,counter_naxal_lwe,1.0,30,19.3,0.643,62.6,0.327,56.7,46.5,1.0,2.0,-1.0,4.0,2.0,2.0,3,0.0,3.0,-3.0,0.689,0.251,4,48.4,0.736,0
PID101408,CRPF,ASI/SI,5.9,True,separated_hardship_posting,nuclear,0.76,law_order_vip_duty,5.7,30,24.8,0.827,52.3,0.288,77.2,29.0,1.0,1.0,0.0,4.0,2.0,2.0,0,5.0,1.0,4.0,0.132,-0.185,0,45.6,-0.644,0
PID101409,CRPF,Head Constable,8.5,False,not_applicable_unmarried,n/a,0.0,law_order_vip_duty,15.2,29,22.8,0.786,52.9,0.298,74.8,31.4,2.0,1.0,1.0,2.0,1.0,1.0,1,4.0,2.0,2.0,0.0,-0.025,0,0.0,-0.174,0
PID101410,CRPF,ASI/SI,17.8,True,separated_hardship_posting,nuclear,0.453,law_order_vip_duty,3.4,28,24.7,0.882,44.5,0.26,97.1,17.9,2.0,2.0,0.0,1.0,2.0,-1.0,0,1.0,0.0,1.0,0.154,0.016,0,44.5,-0.746,0
PID101411,CRPF,Inspector+,21.6,True,with_family,nuclear,0.0,law_order_vip_duty,1.9,30,20.8,0.693,52.6,0.22,76.9,24.0,0.0,2.0,-2.0,2.0,1.0,1.0,2,1.0,1.0,0.0,0.325,0.191,0,54.5,0.127,0
PID101412,CRPF,ASI/SI,12.8,True,with_family,nuclear,0.0,law_order_vip_duty,18.0,28,21.2,0.757,54.9,0.186,88.2,22.9,0.0,0.0,0.0,2.0,2.0,0.0,0,1.0,0.0,1.0,0.182,-0.037,0,38.1,-0.543,0
PID101413,CRPF,ASI/SI,6.0,False,not_applicable_unmarried,n/a,0.0,peace_training_static,23.3,28,28.0,1.0,45.8,0.143,88.4,11.7,0.0,0.0,0.0,1.0,3.0,-2.0,1,0.0,0.0,0.0,0.191,0.025,0,52.2,-1.075,0
PID101414,CRPF,Constable/GD,8.8,True,separated_hardship_posting,nuclear,0.24,counter_insurgency_jk_ne,1.8,31,20.4,0.658,62.5,0.407,55.0,48.2,4.0,1.0,3.0,3.0,2.0,1.0,1,0.0,1.0,-1.0,0.374,0.2,0,42.1,0.967,0
PID101415,CRPF,Head Constable,2.8,True,separated_hardship_posting,nuclear,0.653,counter_insurgency_jk_ne,4.9,32,20.9,0.653,62.6,0.308,56.5,42.5,1.0,0.0,1.0,5.0,2.0,3.0,2,0.0,0.0,0.0,0.235,-0.011,0,40.7,0.457,0
PID101416,CRPF,Constable/GD,25.1,False,not_applicable_unmarried,n/a,0.0,law_order_vip_duty,36.0,31,20.9,0.674,50.0,0.192,76.1,22.6,2.0,2.0,0.0,2.0,3.0,-1.0,0,0.0,1.0,-1.0,0.469,0.133,0,47.2,-0.142,0
PID101417,CRPF,Constable/GD,7.9,True,separated_hardship_posting,joint,0.95,counter_naxal_lwe,11.4,32,16.4,0.512,63.8,0.341,62.8,40.3,0.0,0.0,0.0,4.0,3.0,1.0,1,1.0,2.0,-1.0,0.425,0.035,1,37.2,0.184,0
PID101418,CRPF,ASI/SI,14.9,True,separated_hardship_posting,nuclear,1.72,law_order_vip_duty,12.9,30,19.5,0.65,52.2,0.204,79.2,18.7,0.0,0.0,0.0,3.0,3.0,0.0,2,2.0,0.0,2.0,0.149,0.058,0,28.5,-0.128,0
PID101419,CRPF,Inspector+,20.7,False,not_applicable_unmarried,n/a,0.0,counter_naxal_lwe,36.5,31,22.1,0.713,53.9,0.383,58.4,31.6,0.0,0.0,0.0,3.0,3.0,0.0,0,1.0,4.0,-3.0,0.725,0.21,2,36.2,0.257,0
PID101420,CRPF,Head Constable,28.9,True,with_family,joint,0.0,counter_insurgency_jk_ne,10.8,29,12.7,0.438,57.3,0.254,76.9,33.2,3.0,0.0,3.0,3.0,2.0,1.0,0,1.0,2.0,-1.0,0.115,0.044,0,34.7,0.763,0
PID101421,CRPF,Constable/GD,18.9,False,not_applicable_unmarried,n/a,0.0,law_order_vip_duty,4.0,30,25.2,0.84,47.9,0.244,90.4,17.6,0.0,2.0,-2.0,2.0,3.0,-1.0,1,1.0,0.0,1.0,0.138,-0.008,0,45.7,-1.076,0
PID101422,CRPF,Constable/GD,9.4,False,not_applicable_unmarried,n/a,0.0,law_order_vip_duty,1.0,28,22.7,0.811,52.5,0.254,65.0,26.7,1.0,1.0,0.0,3.0,2.0,1.0,1,0.0,0.0,0.0,0.074,-0.035,0,26.6,-0.388,0
PID101423,CRPF,Constable/GD,16.0,True,separated_hardship_posting,nuclear,1.16,counter_naxal_lwe,8.7,31,12.2,0.394,64.7,0.371,64.1,48.7,6.0,2.0,4.0,3.0,2.0,1.0,1,2.0,0.0,2.0,0.588,0.188,1,57.4,1.404,0
PID101424,CRPF,Constable/GD,28.3,True,separated_hardship_posting,nuclear,1.92,counter_insurgency_jk_ne,14.4,30,21.4,0.713,57.1,0.235,81.9,36.4,2.0,0.0,2.0,3.0,2.0,1.0,1,1.0,0.0,1.0,0.352,-0.022,0,44.8,0.078,0
PID101425,CRPF,Constable/GD,7.9,True,with_family,joint,0.0,peace_training_static,3.5,30,26.2,0.873,42.4,0.111,82.1,7.8,1.0,1.0,0.0,1.0,2.0,-1.0,1,3.0,0.0,3.0,0.145,0.057,0,58.0,-0.613,0
PID101426,CRPF,Constable/GD,4.5,True,separated_hardship_posting,nuclear,0.693,peace_training_static,5.2,32,24.8,0.775,46.9,0.088,86.1,7.8,1.0,1.0,0.0,2.0,1.0,1.0,0,5.0,4.0,1.0,0.176,0.009,0,36.2,-0.213,0
PID101427,CRPF,Constable/GD,7.0,True,separated_hardship_posting,nuclear,0.133,counter_insurgency_jk_ne,1.0,28,17.9,0.639,67.8,0.296,52.5,53.9,0.0,0.0,0.0,4.0,1.0,3.0,1,0.0,3.0,-3.0,0.279,0.163,1,20.1,0.843,0
PID101428,CRPF,Head Constable,15.4,True,with_family,nuclear,0.0,counter_naxal_lwe,12.5,30,14.0,0.467,53.3,0.31,78.8,28.3,0.0,0.0,0.0,3.0,3.0,0.0,0,2.0,0.0,2.0,0.167,0.054,0,21.5,0.082,0
PID101429,CRPF,Constable/GD,9.5,False,not_applicable_unmarried,n/a,0.0,counter_naxal_lwe,45.6,29,15.3,0.528,62.9,0.425,55.3,46.4,0.0,0.0,0.0,3.0,3.0,0.0,0,1.0,1.0,0.0,0.188,0.129,0,30.3,0.235,0
PID101430,CRPF,ASI/SI,11.4,True,separated_hardship_posting,joint,0.083,counter_insurgency_jk_ne,1.0,31,17.1,0.552,55.8,0.311,67.5,38.7,2.0,2.0,0.0,4.0,1.0,3.0,0,0.0,0.0,0.0,0.671,0.093,0,24.1,0.739,0
PID101431,CRPF,Head Constable,16.9,False,not_applicable_unmarried,n/a,0.0,counter_naxal_lwe,15.5,31,14.4,0.465,60.3,0.253,70.1,34.5,0.0,0.0,0.0,4.0,3.0,1.0,0,1.0,1.0,0.0,0.587,0.098,0,16.5,0.431,0
PID101432,CRPF,Constable/GD,6.9,True,with_family,nuclear,0.0,peace_training_static,1.4,31,24.3,0.784,45.6,0.04,100.0,8.9,0.0,0.0,0.0,2.0,3.0,-1.0,0,1.0,2.0,-1.0,0.549,-0.027,0,42.8,-0.759,0
PID101433,CRPF,Constable/GD,11.0,True,with_family,nuclear,0.0,counter_insurgency_jk_ne,13.7,32,21.6,0.675,56.6,0.372,66.5,37.3,0.0,0.0,0.0,3.0,3.0,0.0,0,4.0,4.0,0.0,0.323,0.092,1,45.1,-0.053,0
PID101434,CRPF,Constable/GD,8.7,True,with_family,nuclear,0.0,counter_insurgency_jk_ne,6.0,29,18.4,0.634,60.4,0.289,63.2,55.0,1.0,2.0,-1.0,4.0,3.0,1.0,1,0.0,2.0,-2.0,0.311,0.13,1,36.6,0.17,1
PID101435,CRPF,Inspector+,27.7,True,with_family,nuclear,0.0,counter_insurgency_jk_ne,40.7,29,18.2,0.628,57.0,0.277,68.5,32.9,0.0,0.0,0.0,1.0,1.0,0.0,0,1.0,0.0,1.0,0.454,0.071,0,61.0,-0.061,0
PID101436,CRPF,Constable/GD,18.6,True,separated_hardship_posting,nuclear,1.827,counter_naxal_lwe,13.7,29,14.9,0.514,53.4,0.418,72.5,37.8,2.0,1.0,1.0,3.0,1.0,2.0,1,0.0,0.0,0.0,0.179,0.125,1,39.6,0.823,0
PID101437,CRPF,Constable/GD,9.6,True,separated_hardship_posting,nuclear,5.187,counter_insurgency_jk_ne,38.9,32,19.4,0.606,63.1,0.291,55.0,42.4,1.0,3.0,-2.0,3.0,2.0,1.0,1,2.0,1.0,1.0,0.843,0.215,1,35.1,0.304,0
PID101438,CRPF,ASI/SI,9.2,False,not_applicable_unmarried,n/a,0.0,counter_insurgency_jk_ne,13.7,30,15.8,0.527,62.5,0.228,66.0,40.6,1.0,2.0,-1.0,4.0,3.0,1.0,0,2.0,1.0,1.0,0.408,0.01,0,35.5,-0.065,0
PID101439,CRPF,Inspector+,29.4,True,separated_hardship_posting,nuclear,2.347,counter_naxal_lwe,17.6,31,14.8,0.477,59.6,0.282,61.5,37.2,0.0,0.0,0.0,3.0,3.0,0.0,1,0.0,0.0,0.0,0.751,0.109,1,51.2,0.237,0
PID101440,CRPF,Constable/GD,28.1,True,with_family,nuclear,0.0,law_order_vip_duty,1.0,29,26.9,0.928,52.2,0.258,69.0,31.9,1.0,3.0,-2.0,2.0,2.0,0.0,0,3.0,6.0,-3.0,0.132,0.032,0,19.5,-0.848,0
PID101441,CRPF,Constable/GD,15.3,False,not_applicable_unmarried,n/a,0.0,counter_insurgency_jk_ne,24.7,32,21.9,0.684,62.9,0.422,46.3,49.0,1.0,2.0,-1.0,3.0,1.0,2.0,0,2.0,4.0,-2.0,0.497,0.157,2,12.5,0.404,0
PID101442,CRPF,Constable/GD,11.7,True,with_family,nuclear,0.0,counter_insurgency_jk_ne,44.2,30,16.3,0.543,62.1,0.35,58.6,46.0,0.0,0.0,0.0,4.0,2.0,2.0,3,2.0,2.0,0.0,0.582,0.094,1,43.2,0.539,0
PID101443,CRPF,Constable/GD,5.2,True,separated_hardship_posting,nuclear,3.8,peace_training_static,28.5,32,24.3,0.759,51.4,0.097,90.1,13.3,1.0,0.0,1.0,4.0,1.0,3.0,0,4.0,3.0,1.0,0.289,0.095,0,43.2,0.65,0
PID101444,CRPF,Constable/GD,7.0,True,with_family,nuclear,0.0,counter_naxal_lwe,3.3,30,11.4,0.38,63.5,0.336,48.8,42.9,6.0,0.0,6.0,4.0,2.0,2.0,0,7.0,3.0,4.0,0.055,0.012,1,48.9,1.414,0
PID101445,CRPF,Head Constable,5.0,True,with_family,nuclear,0.0,counter_insurgency_jk_ne,16.6,28,14.9,0.532,61.1,0.303,67.9,29.3,4.0,5.0,-1.0,2.0,2.0,0.0,0,1.0,3.0,-2.0,0.26,0.053,0,39.6,-0.152,0
PID101446,CRPF,ASI/SI,21.2,True,with_family,nuclear,0.0,peace_training_static,38.4,29,26.4,0.91,51.6,0.0,83.3,17.9,0.0,1.0,-1.0,3.0,1.0,2.0,0,0.0,0.0,0.0,0.372,0.13,1,66.4,0.05,0
PID101447,CRPF,Constable/GD,5.3,True,with_family,nuclear,0.0,counter_naxal_lwe,16.1,30,16.9,0.563,60.6,0.351,56.9,39.1,3.0,2.0,1.0,3.0,2.0,1.0,0,5.0,6.0,-1.0,0.29,0.083,0,52.4,0.422,0
PID101448,CRPF,Head Constable,9.2,True,separated_hardship_posting,nuclear,1.48,counter_insurgency_jk_ne,11.1,28,17.2,0.614,59.8,0.335,66.9,49.6,0.0,0.0,0.0,2.0,2.0,0.0,1,2.0,0.0,2.0,0.26,0.089,0,5.5,0.01,0
PID101449,CRPF,Constable/GD,3.2,True,separated_hardship_posting,nuclear,2.16,peace_training_static,16.2,31,28.9,0.932,37.4,0.226,98.8,4.7,2.0,2.0,0.0,2.0,3.0,-1.0,0,2.0,0.0,2.0,0.355,0.083,0,19.4,-0.604,0
PID101450,CRPF,ASI/SI,4.2,True,with_family,joint,0.0,law_order_vip_duty,1.8,29,18.6,0.641,45.7,0.285,91.3,22.8,1.0,3.0,-2.0,3.0,3.0,0.0,2,5.0,5.0,0.0,0.183,-0.011,0,12.0,-0.632,0
PID101451,CRPF,Head Constable,17.3,False,not_applicable_unmarried,n/a,0.0,peace_training_static,7.7,32,32.0,1.0,48.0,0.236,83.5,25.1,2.0,3.0,-1.0,1.0,2.0,-1.0,0,1.0,4.0,-3.0,0.27,-0.122,0,41.2,-1.459,0
PID101452,CRPF,ASI/SI,14.0,True,separated_hardship_posting,nuclear,2.48,counter_insurgency_jk_ne,18.6,32,18.6,0.581,60.6,0.401,60.9,41.6,2.0,2.0,0.0,4.0,3.0,1.0,1,1.0,0.0,1.0,0.649,0.143,1,42.9,0.426,0
PID101453,CRPF,ASI/SI,11.9,True,separated_hardship_posting,nuclear,1.293,counter_insurgency_jk_ne,9.7,28,17.7,0.632,56.5,0.384,68.8,32.5,1.0,0.0,1.0,3.0,2.0,1.0,0,2.0,5.0,-3.0,0.196,-0.042,0,65.6,-0.038,0
PID101454,CRPF,Constable/GD,9.3,False,not_applicable_unmarried,n/a,0.0,counter_naxal_lwe,7.8,29,14.0,0.483,59.6,0.352,79.2,35.1,0.0,3.0,-3.0,2.0,2.0,0.0,0,4.0,2.0,2.0,0.338,0.147,0,28.9,-0.119,0
PID101455,CRPF,Constable/GD,3.8,True,separated_hardship_posting,nuclear,1.387,counter_naxal_lwe,10.4,31,18.0,0.581,60.6,0.371,60.7,47.7,0.0,1.0,-1.0,3.0,3.0,0.0,0,1.0,1.0,0.0,0.377,0.196,1,26.5,0.219,0
PID101456,CRPF,Constable/GD,8.5,True,with_family,nuclear,0.0,counter_insurgency_jk_ne,6.7,32,25.4,0.794,58.8,0.2,78.1,42.1,2.0,1.0,1.0,5.0,1.0,4.0,2,0.0,0.0,0.0,0.171,0.122,0,43.8,0.9,0
PID101457,CRPF,Constable/GD,10.7,True,with_family,nuclear,0.0,counter_naxal_lwe,26.0,32,14.6,0.456,52.7,0.358,68.2,25.5,1.0,2.0,-1.0,4.0,3.0,1.0,3,0.0,0.0,0.0,0.257,0.093,0,24.5,0.272,0
PID101458,CRPF,ASI/SI,16.6,False,not_applicable_unmarried,n/a,0.0,counter_insurgency_jk_ne,1.0,28,13.5,0.482,59.9,0.334,59.8,40.5,3.0,0.0,3.0,4.0,2.0,2.0,2,1.0,0.0,1.0,0.79,0.181,0,36.2,1.337,0
PID101459,CRPF,Constable/GD,20.6,True,with_family,nuclear,0.0,counter_naxal_lwe,7.7,29,13.4,0.462,62.1,0.333,73.0,36.3,3.0,5.0,-2.0,2.0,2.0,0.0,0,0.0,1.0,-1.0,0.339,0.095,2,53.8,-0.097,0
PID101460,CRPF,Head Constable,17.6,True,separated_hardship_posting,joint,0.167,counter_naxal_lwe,2.0,28,14.4,0.514,63.0,0.258,64.4,38.4,0.0,0.0,0.0,2.0,2.0,0.0,0,4.0,1.0,3.0,0.578,0.19,0,51.6,0.436,0
PID101461,CRPF,Constable/GD,14.0,False,not_applicable_unmarried,n/a,0.0,counter_insurgency_jk_ne,5.0,29,15.8,0.545,57.5,0.395,66.3,46.7,1.0,1.0,0.0,3.0,3.0,0.0,1,3.0,1.0,2.0,0.389,0.217,3,56.0,0.48,0
PID101462,CRPF,Constable/GD,11.8,True,with_family,joint,0.0,law_order_vip_duty,1.9,31,20.1,0.648,46.5,0.244,86.4,13.5,0.0,0.0,0.0,2.0,3.0,-1.0,2,3.0,4.0,-1.0,0.279,0.08,0,20.4,-0.272,0
PID101463,CRPF,Constable/GD,13.2,False,not_applicable_unmarried,n/a,0.0,counter_naxal_lwe,15.7,29,15.8,0.545,57.6,0.453,57.2,34.3,0.0,0.0,0.0,3.0,3.0,0.0,1,3.0,1.0,2.0,0.367,0.131,0,48.4,0.222,0
PID101464,CRPF,Head Constable,8.2,True,separated_hardship_posting,nuclear,0.88,law_order_vip_duty,6.6,31,27.9,0.9,58.1,0.265,66.9,35.7,1.0,0.0,1.0,3.0,2.0,1.0,0,0.0,1.0,-1.0,0.173,-0.061,0,40.1,-0.42,0
PID101465,CRPF,Head Constable,12.4,True,with_family,nuclear,0.0,counter_naxal_lwe,26.2,29,15.5,0.534,59.4,0.432,57.5,45.3,1.0,0.0,1.0,4.0,3.0,1.0,1,0.0,2.0,-2.0,0.564,0.233,0,75.5,0.909,0
PID101466,CRPF,Constable/GD,10.6,False,not_applicable_unmarried,n/a,0.0,counter_naxal_lwe,29.5,30,16.2,0.54,65.2,0.42,57.5,46.9,0.0,0.0,0.0,3.0,2.0,1.0,0,3.0,5.0,-2.0,0.815,0.193,2,50.8,0.626,1
PID101467,CRPF,Constable/GD,35.0,False,not_applicable_unmarried,n/a,0.0,peace_training_static,19.8,30,28.0,0.933,41.7,0.079,97.2,1.4,0.0,1.0,-1.0,2.0,2.0,0.0,2,4.0,1.0,3.0,0.116,-0.217,0,40.1,-1.453,0
PID101468,CRPF,Head Constable,13.4,True,with_family,joint,0.0,peace_training_static,19.1,29,28.0,0.966,45.9,0.089,86.3,12.9,0.0,0.0,0.0,2.0,2.0,0.0,1,0.0,1.0,-1.0,0.277,0.114,0,55.4,-0.34,0
PID101469,CRPF,Constable/GD,2.6,True,separated_hardship_posting,nuclear,1.413,counter_insurgency_jk_ne,10.6,28,20.9,0.746,56.2,0.274,83.4,22.2,0.0,1.0,-1.0,1.0,1.0,0.0,1,0.0,3.0,-3.0,0.025,-0.011,0,48.7,-0.606,0
PID101470,CRPF,ASI/SI,9.0,False,not_applicable_unmarried,n/a,0.0,counter_insurgency_jk_ne,7.8,29,18.1,0.624,56.9,0.242,71.6,33.8,2.0,2.0,0.0,3.0,3.0,0.0,0,4.0,1.0,3.0,0.417,0.053,0,51.4,-0.109,0
PID101471,CRPF,Constable/GD,9.9,True,separated_hardship_posting,joint,1.433,peace_training_static,17.2,31,27.9,0.9,44.6,0.226,86.5,13.1,2.0,2.0,0.0,2.0,1.0,1.0,0,1.0,0.0,1.0,0.085,-0.02,0,47.7,-0.449,0
PID101472,CRPF,Constable/GD,18.9,False,not_applicable_unmarried,n/a,0.0,counter_insurgency_jk_ne,3.5,31,15.6,0.503,63.8,0.303,69.8,47.9,1.0,0.0,1.0,4.0,2.0,2.0,1,1.0,1.0,0.0,0.458,0.216,3,34.4,1.108,0
PID101473,CRPF,Constable/GD,14.4,True,separated_hardship_posting,joint,1.033,counter_naxal_lwe,12.4,28,17.6,0.629,69.7,0.378,47.0,56.6,0.0,0.0,0.0,5.0,2.0,3.0,0,2.0,1.0,1.0,0.402,0.183,4,34.2,0.918,0
PID101474,CRPF,Constable/GD,14.0,True,with_family,nuclear,0.0,counter_naxal_lwe,1.0,29,13.4,0.462,63.0,0.27,60.8,40.7,1.0,0.0,1.0,4.0,4.0,0.0,1,0.0,0.0,0.0,0.245,0.117,1,50.6,0.434,0
PID101475,CRPF,Constable/GD,23.6,False,not_applicable_unmarried,n/a,0.0,counter_naxal_lwe,11.0,32,15.0,0.469,60.3,0.399,63.4,40.7,0.0,0.0,0.0,3.0,1.0,2.0,1,3.0,2.0,1.0,0.556,-0.016,0,30.7,0.295,1
PID101476,CRPF,Constable/GD,28.2,False,not_applicable_unmarried,n/a,0.0,law_order_vip_duty,3.4,32,24.6,0.769,46.7,0.195,76.0,9.0,0.0,0.0,0.0,3.0,2.0,1.0,1,2.0,2.0,0.0,0.222,0.137,0,42.7,0.183,0
PID101477,CRPF,Inspector+,17.3,True,with_family,joint,0.0,law_order_vip_duty,14.2,28,25.6,0.914,46.4,0.296,79.7,19.9,1.0,1.0,0.0,3.0,1.0,2.0,0,1.0,1.0,0.0,0.351,-0.016,0,47.7,-0.241,0
PID101478,CRPF,Constable/GD,9.4,False,not_applicable_unmarried,n/a,0.0,counter_naxal_lwe,13.7,31,19.2,0.619,67.8,0.309,69.4,44.3,1.0,0.0,1.0,3.0,3.0,0.0,0,2.0,1.0,1.0,0.233,0.003,0,31.6,-0.1,0
PID101479,CRPF,Constable/GD,9.6,True,with_family,nuclear,0.0,counter_naxal_lwe,10.2,31,16.9,0.545,56.1,0.43,76.1,35.6,1.0,2.0,-1.0,2.0,1.0,1.0,0,3.0,2.0,1.0,0.554,0.284,1,46.9,0.742,0
PID101480,CRPF,Constable/GD,1.0,True,separated_hardship_posting,nuclear,1.0,counter_naxal_lwe,7.5,28,12.5,0.446,60.2,0.406,66.9,40.2,2.0,2.0,0.0,4.0,3.0,1.0,1,5.0,2.0,3.0,0.664,0.225,2,40.6,0.838,1
PID101481,CRPF,Constable/GD,22.0,True,separated_hardship_posting,nuclear,0.36,law_order_vip_duty,2.7,29,26.3,0.907,52.6,0.192,85.6,29.4,0.0,0.0,0.0,3.0,1.0,2.0,1,3.0,1.0,2.0,0.448,-0.041,0,34.4,-0.309,0
PID101482,CRPF,Head Constable,9.5,False,not_applicable_unmarried,n/a,0.0,peace_training_static,10.1,28,25.0,0.893,36.0,0.205,94.8,6.1,0.0,1.0,-1.0,1.0,1.0,0.0,1,2.0,5.0,-3.0,0.0,-0.104,0,51.7,-1.063,0
PID101483,CRPF,Constable/GD,11.3,True,separated_hardship_posting,joint,0.083,counter_insurgency_jk_ne,1.0,31,17.7,0.571,53.0,0.369,68.4,28.0,1.0,0.0,1.0,3.0,3.0,0.0,0,4.0,2.0,2.0,0.035,0.015,0,21.3,-0.005,0
PID101484,CRPF,Head Constable,8.9,True,separated_hardship_posting,joint,0.467,law_order_vip_duty,5.6,32,25.7,0.803,46.6,0.249,92.6,7.7,2.0,0.0,2.0,3.0,1.0,2.0,2,1.0,4.0,-3.0,0.566,0.113,0,21.2,0.591,0
PID101485,CRPF,Constable/GD,5.9,False,not_applicable_unmarried,n/a,0.0,counter_naxal_lwe,6.7,28,14.1,0.504,59.3,0.29,61.5,35.8,1.0,0.0,1.0,4.0,2.0,2.0,0,2.0,2.0,0.0,0.019,-0.015,0,40.8,0.411,0
PID101486,CRPF,Inspector+,34.3,True,separated_hardship_posting,nuclear,0.16,law_order_vip_duty,1.2,29,19.5,0.672,53.0,0.268,80.8,20.9,0.0,2.0,-2.0,2.0,2.0,0.0,1,1.0,3.0,-2.0,0.543,-0.017,0,23.3,-0.688,0
PID101487,CRPF,Constable/GD,11.4,True,with_family,joint,0.0,counter_insurgency_jk_ne,3.8,30,16.0,0.533,62.1,0.304,60.5,35.1,1.0,0.0,1.0,3.0,3.0,0.0,1,0.0,1.0,-1.0,0.479,0.179,3,59.5,0.534,0
PID101488,CRPF,ASI/SI,25.5,True,with_family,nuclear,0.0,counter_naxal_lwe,19.9,28,13.4,0.479,59.3,0.353,62.0,38.3,2.0,1.0,1.0,3.0,3.0,0.0,0,6.0,0.0,6.0,0.123,-0.045,0,35.2,-0.075,0
PID101489,CRPF,Constable/GD,9.6,False,not_applicable_unmarried,n/a,0.0,counter_insurgency_jk_ne,26.6,29,14.0,0.483,56.2,0.304,73.3,38.1,4.0,5.0,-1.0,1.0,2.0,-1.0,2,1.0,1.0,0.0,0.157,0.023,1,19.2,-0.398,1
PID101490,CRPF,Constable/GD,7.9,True,with_family,nuclear,0.0,peace_training_static,6.5,29,22.4,0.772,45.5,0.118,100.0,13.8,0.0,0.0,0.0,2.0,3.0,-1.0,0,1.0,1.0,0.0,0.209,-0.022,0,37.8,-0.728,0
PID101491,CRPF,ASI/SI,16.5,False,not_applicable_unmarried,n/a,0.0,counter_naxal_lwe,47.5,28,18.3,0.654,58.8,0.298,76.0,27.8,2.0,1.0,1.0,2.0,2.0,0.0,0,1.0,3.0,-2.0,0.062,-0.029,0,66.9,-0.239,0
PID101492,CRPF,Head Constable,20.5,True,separated_hardship_posting,nuclear,0.547,counter_insurgency_jk_ne,4.1,31,20.6,0.665,59.7,0.209,72.0,33.6,0.0,1.0,-1.0,3.0,3.0,0.0,1,2.0,0.0,2.0,0.114,0.052,1,26.9,-0.318,0
PID101493,CRPF,Head Constable,21.2,True,with_family,joint,0.0,peace_training_static,12.4,31,25.4,0.819,47.8,0.017,91.1,12.8,1.0,3.0,-2.0,1.0,1.0,0.0,1,1.0,0.0,1.0,0.02,-0.171,0,30.9,-1.328,0
PID101494,CRPF,Constable/GD,10.6,False,not_applicable_unmarried,n/a,0.0,law_order_vip_duty,1.5,28,23.7,0.846,41.1,0.238,94.0,12.7,6.0,5.0,1.0,2.0,3.0,-1.0,2,0.0,0.0,0.0,0.268,0.045,0,48.5,-0.463,0
PID101495,CRPF,Head Constable,17.4,True,with_family,joint,0.0,counter_insurgency_jk_ne,45.6,28,17.7,0.632,60.6,0.155,79.3,38.9,1.0,2.0,-1.0,3.0,2.0,1.0,1,1.0,0.0,1.0,0.151,0.039,0,61.2,-0.102,0
PID101496,CRPF,ASI/SI,8.5,True,separated_hardship_posting,nuclear,1.187,counter_naxal_lwe,8.9,28,14.4,0.514,62.5,0.394,48.9,41.8,9.0,3.0,6.0,3.0,1.0,2.0,0,0.0,0.0,0.0,0.384,0.148,1,25.2,1.662,1
PID101497,CRPF,Head Constable,12.3,True,with_family,joint,0.0,peace_training_static,7.0,32,25.1,0.784,47.0,0.15,85.5,10.9,2.0,5.0,-3.0,2.0,2.0,0.0,2,0.0,0.0,0.0,0.073,-0.087,0,28.8,-1.189,0
PID101498,CRPF,Constable/GD,10.0,True,separated_hardship_posting,nuclear,1.293,counter_naxal_lwe,9.7,30,17.5,0.583,66.7,0.332,51.0,46.2,0.0,1.0,-1.0,3.0,2.0,1.0,0,2.0,4.0,-2.0,0.215,-0.013,0,16.9,-0.199,0
PID101499,CRPF,Head Constable,9.1,True,separated_hardship_posting,joint,2.575,counter_naxal_lwe,30.9,30,22.1,0.737,54.9,0.412,65.8,38.0,1.0,0.0,1.0,3.0,1.0,2.0,1,0.0,1.0,-1.0,0.148,-0.037,0,39.8,0.065,0
PID101500,CRPF,Head Constable,12.6,False,not_applicable_unmarried,n/a,0.0,counter_naxal_lwe,23.1,28,15.4,0.55,57.0,0.334,60.4,23.7,2.0,1.0,1.0,3.0,3.0,0.0,1,1.0,0.0,1.0,0.213,0.0,0,43.8,-0.026,0
PID101501,CRPF,Inspector+,5.8,True,with_family,nuclear,0.0,counter_insurgency_jk_ne,4.7,28,19.8,0.707,57.7,0.325,56.7,37.5,0.0,1.0,-1.0,2.0,1.0,1.0,1,2.0,7.0,-5.0,0.106,-0.011,0,53.8,-0.344,0
PID101502,CRPF,Constable/GD,19.6,True,with_family,nuclear,0.0,law_order_vip_duty,3.3,32,23.4,0.731,42.7,0.103,85.0,0.7,1.0,2.0,-1.0,1.0,1.0,0.0,2,1.0,0.0,1.0,0.129,-0.103,0,46.5,-0.863,0
PID101503,CRPF,Constable/GD,9.1,True,with_family,nuclear,0.0,peace_training_static,1.0,32,31.6,0.988,45.2,0.0,91.0,7.6,0.0,0.0,0.0,3.0,1.0,2.0,2,0.0,1.0,-1.0,0.461,-0.086,0,41.7,-0.542,0
PID101504,CRPF,ASI/SI,19.1,True,with_family,nuclear,0.0,counter_insurgency_jk_ne,23.2,30,17.5,0.583,61.4,0.286,68.5,48.7,1.0,0.0,1.0,4.0,3.0,1.0,0,1.0,1.0,0.0,0.178,0.079,0,44.0,0.386,0
PID101505,CRPF,Constable/GD,6.6,True,with_family,nuclear,0.0,peace_training_static,2.7,28,18.0,0.643,47.6,0.145,81.0,21.4,1.0,2.0,-1.0,2.0,3.0,-1.0,2,1.0,2.0,-1.0,0.567,0.166,0,49.0,-0.161,0
PID101506,CRPF,Head Constable,9.1,False,not_applicable_unmarried,n/a,0.0,law_order_vip_duty,3.7,28,18.8,0.671,52.3,0.277,70.2,22.2,0.0,0.0,0.0,2.0,3.0,-1.0,1,3.0,0.0,3.0,0.363,0.081,0,22.4,-0.297,1
PID101507,CRPF,Constable/GD,5.8,True,with_family,joint,0.0,law_order_vip_duty,4.5,32,24.4,0.762,51.1,0.209,81.8,20.1,4.0,2.0,2.0,3.0,2.0,1.0,0,1.0,2.0,-1.0,0.216,0.005,0,43.9,0.102,0
PID101508,CRPF,Constable/GD,5.7,False,not_applicable_unmarried,n/a,0.0,counter_naxal_lwe,1.3,30,19.7,0.657,60.3,0.365,64.8,36.1,2.0,0.0,2.0,4.0,2.0,2.0,0,1.0,1.0,0.0,0.28,0.027,0,15.2,0.506,0
PID101509,CRPF,Head Constable,7.2,True,separated_hardship_posting,nuclear,0.693,counter_naxal_lwe,5.2,29,15.5,0.534,60.1,0.397,72.2,45.9,3.0,1.0,2.0,2.0,1.0,1.0,3,4.0,2.0,2.0,0.662,0.226,3,57.2,1.042,0
PID101510,CRPF,Constable/GD,6.7,True,separated_hardship_posting,nuclear,2.133,counter_insurgency_jk_ne,16.0,28,16.9,0.604,58.9,0.292,73.1,23.8,0.0,0.0,0.0,3.0,3.0,0.0,1,3.0,4.0,-1.0,0.288,0.003,0,67.1,-0.236,0
PID101511,CRPF,Constable/GD,5.8,False,not_applicable_unmarried,n/a,0.0,law_order_vip_duty,11.4,30,20.7,0.69,45.8,0.255,77.3,17.1,0.0,2.0,-2.0,1.0,1.0,0.0,0,1.0,1.0,0.0,0.792,0.001,0,31.3,-0.656,0
PID101512,CRPF,Head Constable,11.8,True,separated_hardship_posting,nuclear,0.92,counter_naxal_lwe,6.9,32,22.3,0.697,67.9,0.282,54.0,45.0,2.0,1.0,1.0,4.0,1.0,3.0,0,1.0,1.0,0.0,0.0,-0.02,0,44.8,0.377,0
PID101513,CRPF,Head Constable,16.3,False,not_applicable_unmarried,n/a,0.0,counter_insurgency_jk_ne,11.3,32,23.7,0.741,55.0,0.201,79.9,20.5,3.0,4.0,-1.0,2.0,3.0,-1.0,0,4.0,0.0,4.0,0.524,0.092,0,52.2,-0.502,0
PID101514,CRPF,ASI/SI,16.8,False,not_applicable_unmarried,n/a,0.0,counter_naxal_lwe,18.8,31,15.0,0.484,64.2,0.318,55.3,53.8,1.0,0.0,1.0,4.0,2.0,2.0,0,5.0,5.0,0.0,0.306,0.151,1,63.4,0.936,1
PID101515,CRPF,Constable/GD,3.6,False,not_applicable_unmarried,n/a,0.0,counter_insurgency_jk_ne,1.3,28,12.3,0.439,58.3,0.346,64.1,30.2,3.0,3.0,0.0,3.0,2.0,1.0,1,2.0,1.0,1.0,0.425,0.014,0,38.1,0.21,0
PID101516,CRPF,Constable/GD,9.9,True,with_family,nuclear,0.0,counter_naxal_lwe,6.0,31,11.6,0.374,57.4,0.307,58.3,31.5,1.0,0.0,1.0,4.0,1.0,3.0,0,0.0,1.0,-1.0,0.327,0.111,0,29.5,1.161,0
PID101517,CRPF,Inspector+,9.4,True,separated_hardship_posting,nuclear,0.76,counter_naxal_lwe,5.7,31,18.9,0.61,67.2,0.389,46.7,60.8,1.0,1.0,0.0,4.0,2.0,2.0,1,5.0,9.0,-4.0,0.857,0.319,2,47.1,1.135,1
PID101518,CRPF,Constable/GD,23.8,True,separated_hardship_posting,nuclear,1.627,counter_naxal_lwe,12.2,32,18.0,0.562,66.3,0.288,67.1,43.3,1.0,0.0,1.0,4.0,2.0,2.0,1,3.0,1.0,2.0,0.188,0.124,1,59.9,0.761,0
PID101519,CRPF,Constable/GD,10.2,False,not_applicable_unmarried,n/a,0.0,peace_training_static,1.0,28,22.9,0.818,39.7,0.085,97.6,2.3,2.0,5.0,-3.0,1.0,3.0,-2.0,0,2.0,6.0,-4.0,0.733,-0.079,0,41.3,-1.632,0
PID101520,CRPF,Constable/GD,11.3,True,with_family,joint,0.0,peace_training_static,18.3,32,29.6,0.925,45.7,0.135,84.6,10.6,0.0,0.0,0.0,2.0,2.0,0.0,2,6.0,6.0,0.0,0.037,-0.022,0,60.4,-0.7,0
PID101521,CRPF,Constable/GD,4.5,True,with_family,nuclear,0.0,counter_naxal_lwe,3.7,31,13.4,0.432,62.8,0.31,59.6,42.7,0.0,0.0,0.0,3.0,1.0,2.0,0,1.0,4.0,-3.0,0.6,0.213,1,55.3,1.032,0
PID101522,CRPF,ASI/SI,7.1,True,separated_hardship_posting,nuclear,0.467,counter_naxal_lwe,3.5,31,19.4,0.626,53.7,0.32,82.4,25.9,2.0,4.0,-2.0,3.0,2.0,1.0,0,3.0,1.0,2.0,0.129,0.058,0,51.1,-0.193,0
PID101523,CRPF,Head Constable,4.4,True,with_family,nuclear,0.0,counter_insurgency_jk_ne,4.8,28,15.7,0.561,49.5,0.143,79.9,15.4,1.0,0.0,1.0,3.0,2.0,1.0,4,1.0,2.0,-1.0,0.31,-0.03,0,39.6,0.084,0
PID101524,CRPF,Head Constable,12.3,True,separated_hardship_posting,joint,0.533,counter_naxal_lwe,6.4,32,14.4,0.45,58.7,0.4,66.3,32.5,1.0,0.0,1.0,4.0,3.0,1.0,3,0.0,1.0,-1.0,0.448,-0.054,0,36.4,0.146,0
PID101525,CRPF,Constable/GD,24.3,True,with_family,nuclear,0.0,peace_training_static,22.3,28,24.1,0.861,40.7,0.113,99.9,4.3,4.0,5.0,-1.0,3.0,3.0,0.0,1,0.0,2.0,-2.0,0.347,0.011,0,65.9,-0.679,0
PID101526,CRPF,Constable/GD,7.2,True,with_family,nuclear,0.0,counter_insurgency_jk_ne,1.6,29,16.2,0.559,53.8,0.243,83.8,22.5,5.0,6.0,-1.0,2.0,2.0,0.0,1,6.0,5.0,1.0,0.501,0.039,0,27.0,-0.228,0
PID101527,CRPF,Constable/GD,10.2,False,not_applicable_unmarried,n/a,0.0,peace_training_static,1.8,28,26.3,0.939,40.7,0.23,84.9,9.0,0.0,1.0,-1.0,1.0,2.0,-1.0,0,1.0,2.0,-1.0,0.45,0.023,0,47.8,-0.949,0
PID101528,CRPF,Constable/GD,6.7,True,with_family,nuclear,0.0,counter_naxal_lwe,26.7,29,19.4,0.669,61.5,0.303,55.8,45.4,2.0,2.0,0.0,4.0,4.0,0.0,2,3.0,1.0,2.0,0.821,0.198,2,46.7,0.272,0
PID101529,CRPF,Constable/GD,8.1,True,with_family,nuclear,0.0,peace_training_static,27.3,31,31.0,1.0,42.4,0.089,87.2,5.8,1.0,3.0,-2.0,1.0,2.0,-1.0,1,1.0,1.0,0.0,0.374,0.136,0,45.3,-0.838,0
PID101530,CRPF,Constable/GD,12.4,True,with_family,nuclear,0.0,law_order_vip_duty,19.0,32,24.5,0.766,56.5,0.162,79.8,26.2,2.0,2.0,0.0,2.0,2.0,0.0,1,2.0,1.0,1.0,0.579,0.124,2,23.8,-0.069,0
PID101531,CRPF,Constable/GD,30.5,True,separated_hardship_posting,nuclear,0.173,law_order_vip_duty,1.3,32,23.4,0.731,52.7,0.286,86.5,33.3,0.0,5.0,-5.0,3.0,3.0,0.0,0,0.0,0.0,0.0,0.082,-0.061,0,41.2,-1.356,0
PID101532,CRPF,Head Constable,23.6,True,separated_hardship_posting,joint,0.458,peace_training_static,5.5,28,23.5,0.839,49.2,0.206,86.2,21.0,0.0,1.0,-1.0,2.0,1.0,1.0,0,0.0,0.0,0.0,0.399,0.025,0,32.1,-0.397,0
PID101533,CRPF,Head Constable,27.4,True,with_family,nuclear,0.0,counter_insurgency_jk_ne,3.1,32,13.9,0.434,51.2,0.38,68.5,28.0,1.0,1.0,0.0,3.0,2.0,1.0,2,1.0,3.0,-2.0,0.065,0.019,0,54.0,0.23,0
PID101534,CRPF,Constable/GD,19.2,True,with_family,nuclear,0.0,counter_naxal_lwe,1.0,28,15.3,0.546,59.5,0.429,68.5,35.2,0.0,0.0,0.0,3.0,2.0,1.0,3,0.0,0.0,0.0,0.341,0.053,0,43.9,0.197,0
PID101535,CRPF,Constable/GD,10.1,True,with_family,nuclear,0.0,counter_insurgency_jk_ne,4.9,31,16.0,0.516,58.5,0.264,66.3,34.6,0.0,0.0,0.0,2.0,1.0,1.0,5,0.0,1.0,-1.0,0.385,0.117,0,62.3,0.427,0
PID101536,CRPF,Head Constable,9.3,True,with_family,joint,0.0,peace_training_static,48.0,28,28.0,1.0,47.8,0.22,77.6,24.1,0.0,0.0,0.0,2.0,3.0,-1.0,0,1.0,4.0,-3.0,0.195,-0.077,0,61.6,-1.169,0
PID101537,CRPF,Head Constable,7.2,True,with_family,nuclear,0.0,peace_training_static,9.1,32,28.2,0.881,43.4,0.108,90.0,6.3,0.0,3.0,-3.0,1.0,2.0,-1.0,2,1.0,2.0,-1.0,0.149,0.017,0,34.1,-1.206,0
PID101538,CRPF,ASI/SI,1.8,True,separated_hardship_posting,nuclear,0.613,counter_insurgency_jk_ne,4.6,29,19.6,0.676,56.0,0.207,70.6,29.7,1.0,1.0,0.0,2.0,2.0,0.0,0,4.0,4.0,0.0,0.063,-0.101,0,61.6,-0.638,0
PID101539,CRPF,Constable/GD,10.0,True,separated_hardship_posting,joint,0.142,law_order_vip_duty,1.7,32,22.6,0.706,50.4,0.194,76.6,19.2,3.0,1.0,2.0,4.0,2.0,2.0,0,4.0,1.0,3.0,0.396,0.009,0,30.8,0.395,0
PID101540,CRPF,ASI/SI,24.4,True,separated_hardship_posting,nuclear,0.133,counter_naxal_lwe,1.0,30,14.5,0.483,60.8,0.37,69.7,37.9,1.0,1.0,0.0,4.0,2.0,2.0,1,5.0,3.0,2.0,0.153,0.063,0,60.1,0.518,0
PID101541,CRPF,Constable/GD,24.3,True,separated_hardship_posting,joint,0.167,counter_naxal_lwe,2.0,30,18.3,0.61,70.7,0.311,50.7,46.7,2.0,6.0,-4.0,3.0,4.0,-1.0,0,9.0,6.0,3.0,0.421,0.07,0,22.4,-0.872,0
PID101542,CRPF,Constable/GD,35.0,True,separated_hardship_posting,joint,0.1,law_order_vip_duty,1.2,30,23.3,0.777,53.3,0.229,66.7,29.8,0.0,0.0,0.0,3.0,2.0,1.0,2,4.0,6.0,-2.0,0.649,-0.002,0,62.4,-0.247,0
PID101543,CRPF,Constable/GD,12.9,True,separated_hardship_posting,nuclear,1.547,counter_insurgency_jk_ne,11.6,29,18.4,0.634,58.2,0.332,70.2,36.4,0.0,0.0,0.0,2.0,1.0,1.0,1,0.0,0.0,0.0,0.307,0.066,2,29.5,0.132,0
PID101544,CRPF,Constable/GD,5.2,False,not_applicable_unmarried,n/a,0.0,counter_naxal_lwe,3.3,30,16.2,0.54,57.0,0.375,60.6,45.6,8.0,3.0,5.0,5.0,2.0,3.0,0,5.0,1.0,4.0,0.354,0.049,0,35.0,1.391,1
PID101545,CRPF,Constable/GD,15.7,True,with_family,joint,0.0,law_order_vip_duty,13.2,31,25.6,0.826,47.1,0.259,76.3,21.2,0.0,0.0,0.0,2.0,2.0,0.0,1,0.0,1.0,-1.0,0.11,0.026,0,37.5,-0.436,0
PID101546,CRPF,Constable/GD,30.6,True,separated_hardship_posting,nuclear,4.307,counter_insurgency_jk_ne,32.3,28,18.7,0.668,57.1,0.289,73.8,28.8,2.0,1.0,1.0,3.0,1.0,2.0,1,7.0,2.0,5.0,0.147,-0.013,0,31.1,0.219,1
PID101547,CRPF,Head Constable,26.2,True,with_family,nuclear,0.0,counter_insurgency_jk_ne,8.1,28,10.3,0.368,62.5,0.256,60.7,47.5,1.0,1.0,0.0,4.0,3.0,1.0,0,0.0,2.0,-2.0,0.183,0.144,2,60.5,0.688,0
PID101548,CRPF,Constable/GD,8.7,True,with_family,joint,0.0,counter_naxal_lwe,3.0,30,15.7,0.523,61.2,0.262,63.5,40.2,3.0,4.0,-1.0,2.0,1.0,1.0,1,1.0,0.0,1.0,0.656,0.13,1,14.5,0.304,0
PID101549,CRPF,Constable/GD,5.6,False,not_applicable_unmarried,n/a,0.0,counter_naxal_lwe,3.7,32,20.6,0.644,61.4,0.345,62.9,42.1,2.0,5.0,-3.0,2.0,1.0,1.0,0,3.0,2.0,1.0,0.195,0.143,0,47.7,-0.113,0
PID101550,CRPF,Constable/GD,5.5,True,with_family,nuclear,0.0,law_order_vip_duty,14.1,29,18.7,0.645,49.0,0.188,80.9,19.2,2.0,2.0,0.0,1.0,2.0,-1.0,1,0.0,0.0,0.0,0.542,0.163,0,49.1,-0.018,0
PID101551,CRPF,Constable/GD,7.5,True,with_family,nuclear,0.0,peace_training_static,1.0,30,21.9,0.73,39.0,0.113,92.9,5.6,0.0,0.0,0.0,1.0,2.0,-1.0,1,3.0,1.0,2.0,0.0,-0.077,0,24.3,-0.844,0
PID101552,CRPF,Constable/GD,8.3,False,not_applicable_unmarried,n/a,0.0,counter_naxal_lwe,1.5,32,17.2,0.538,63.7,0.226,50.8,38.7,0.0,0.0,0.0,4.0,2.0,2.0,0,1.0,2.0,-1.0,0.208,0.188,1,33.3,0.827,0
PID101553,CRPF,Constable/GD,9.7,True,with_family,joint,0.0,peace_training_static,9.6,29,27.7,0.955,45.0,0.029,92.3,7.1,2.0,1.0,1.0,2.0,3.0,-1.0,0,0.0,0.0,0.0,0.264,-0.037,0,25.1,-0.841,0
PID101554,CRPF,Constable/GD,16.9,True,with_family,joint,0.0,law_order_vip_duty,11.6,29,20.4,0.703,53.8,0.251,84.5,24.1,0.0,0.0,0.0,2.0,2.0,0.0,0,2.0,2.0,0.0,0.183,0.025,0,35.2,-0.289,0
PID101555,CRPF,Head Constable,9.5,True,with_family,nuclear,0.0,peace_training_static,22.6,32,32.0,1.0,46.6,0.022,95.6,9.9,2.0,1.0,1.0,2.0,2.0,0.0,0,4.0,5.0,-1.0,0.0,-0.064,0,53.6,-0.763,0
PID101556,CRPF,ASI/SI,12.0,False,not_applicable_unmarried,n/a,0.0,law_order_vip_duty,21.5,30,28.0,0.933,48.1,0.209,80.5,24.7,2.0,2.0,0.0,2.0,2.0,0.0,2,1.0,0.0,1.0,0.25,0.041,0,34.3,-0.519,0
PID101557,CRPF,Constable/GD,4.1,True,with_family,nuclear,0.0,counter_naxal_lwe,1.7,28,9.6,0.343,62.9,0.3,65.6,45.5,0.0,0.0,0.0,3.0,2.0,1.0,0,0.0,0.0,0.0,0.248,0.138,1,44.3,0.699,0
PID101558,CRPF,Head Constable,7.3,True,separated_hardship_posting,nuclear,0.72,law_order_vip_duty,5.4,29,20.6,0.71,46.8,0.166,89.6,16.7,0.0,0.0,0.0,2.0,3.0,-1.0,0,1.0,1.0,0.0,0.437,0.001,0,38.5,-0.585,0
PID101559,CRPF,ASI/SI,7.0,True,separated_hardship_posting,nuclear,0.133,counter_insurgency_jk_ne,1.0,32,12.4,0.388,58.9,0.305,62.0,29.0,3.0,6.0,-3.0,2.0,3.0,-1.0,2,2.0,2.0,0.0,0.272,0.034,0,70.1,-0.559,0
PID101560,CRPF,Inspector+,3.7,True,with_family,nuclear,0.0,counter_naxal_lwe,2.5,32,19.6,0.612,61.7,0.352,69.6,37.8,0.0,1.0,-1.0,2.0,2.0,0.0,0,2.0,3.0,-1.0,0.513,0.006,0,42.0,-0.391,0
PID101561,CRPF,Head Constable,9.4,True,with_family,nuclear,0.0,counter_insurgency_jk_ne,6.5,32,17.2,0.538,64.2,0.333,61.0,35.0,6.0,0.0,6.0,4.0,1.0,3.0,1,1.0,1.0,0.0,0.344,0.009,0,27.1,1.429,0
PID101562,CRPF,ASI/SI,4.2,True,with_family,nuclear,0.0,counter_insurgency_jk_ne,6.4,30,16.6,0.553,54.5,0.234,72.8,33.7,2.0,0.0,2.0,3.0,2.0,1.0,1,4.0,1.0,3.0,0.303,0.206,0,43.6,0.96,1
PID101563,CRPF,ASI/SI,9.0,True,with_family,nuclear,0.0,counter_insurgency_jk_ne,4.5,31,22.0,0.71,52.7,0.247,85.7,23.0,0.0,1.0,-1.0,3.0,1.0,2.0,0,1.0,1.0,0.0,0.234,-0.072,0,50.5,-0.319,0
PID101564,CRPF,Head Constable,12.5,True,with_family,nuclear,0.0,peace_training_static,6.7,28,21.2,0.757,44.3,0.187,75.4,15.1,2.0,1.0,1.0,2.0,2.0,0.0,0,2.0,2.0,0.0,0.393,0.07,0,31.9,-0.064,0
PID101565,CRPF,Constable/GD,24.7,True,separated_hardship_posting,nuclear,0.933,counter_insurgency_jk_ne,7.0,31,13.9,0.448,60.4,0.287,59.0,35.9,0.0,0.0,0.0,3.0,2.0,1.0,1,0.0,0.0,0.0,0.359,0.084,0,59.4,0.409,0
PID101566,CRPF,Constable/GD,6.8,True,with_family,nuclear,0.0,counter_naxal_lwe,6.5,30,9.7,0.323,50.8,0.372,77.1,33.9,1.0,1.0,0.0,3.0,3.0,0.0,0,2.0,2.0,0.0,0.231,0.086,0,15.7,0.354,0
PID101567,CRPF,Constable/GD,12.3,False,not_applicable_unmarried,n/a,0.0,peace_training_static,26.9,28,28.0,1.0,49.5,0.09,90.0,15.1,5.0,4.0,1.0,1.0,3.0,-2.0,2,2.0,0.0,2.0,0.562,0.023,0,33.6,-0.929,0
PID101568,CRPF,Constable/GD,7.9,False,not_applicable_unmarried,n/a,0.0,counter_naxal_lwe,2.5,32,20.7,0.647,61.2,0.377,71.5,39.2,0.0,0.0,0.0,2.0,2.0,0.0,0,6.0,4.0,2.0,0.444,0.13,0,40.3,0.093,0
PID101569,CRPF,Constable/GD,4.0,False,not_applicable_unmarried,n/a,0.0,counter_naxal_lwe,6.8,30,15.6,0.52,57.4,0.201,59.3,34.3,6.0,4.0,2.0,4.0,1.0,3.0,0,1.0,2.0,-1.0,0.032,-0.003,0,54.7,0.797,0
PID101570,CRPF,Constable/GD,24.8,True,with_family,nuclear,0.0,peace_training_static,7.7,32,25.0,0.781,44.5,0.189,92.6,12.8,0.0,2.0,-2.0,1.0,1.0,0.0,0,1.0,1.0,0.0,0.427,0.181,0,61.2,-0.222,0
PID101571,CRPF,Head Constable,12.9,True,separated_hardship_posting,joint,0.692,peace_training_static,8.3,32,31.3,0.978,43.0,0.093,85.5,8.5,1.0,2.0,-1.0,2.0,2.0,0.0,0,2.0,2.0,0.0,0.67,0.143,0,60.8,-0.42,0
PID101572,CRPF,Head Constable,15.3,True,with_family,joint,0.0,law_order_vip_duty,1.0,30,30.0,1.0,47.1,0.145,88.9,20.3,6.0,5.0,1.0,2.0,2.0,0.0,1,2.0,3.0,-1.0,0.055,-0.002,0,42.4,-0.577,0
PID101573,CRPF,ASI/SI,27.0,False,not_applicable_unmarried,n/a,0.0,counter_insurgency_jk_ne,31.4,28,16.1,0.575,50.2,0.236,78.9,28.7,0.0,0.0,0.0,2.0,2.0,0.0,0,1.0,3.0,-2.0,0.108,0.061,1,57.0,-0.027,0
PID101574,CRPF,Constable/GD,8.9,True,separated_hardship_posting,nuclear,2.907,counter_insurgency_jk_ne,21.8,28,13.2,0.471,60.9,0.284,70.7,37.3,0.0,5.0,-5.0,2.0,2.0,0.0,2,2.0,1.0,1.0,0.189,0.135,2,50.0,-0.451,0
PID101575,CRPF,Constable/GD,5.1,True,with_family,nuclear,0.0,peace_training_static,5.8,29,29.0,1.0,43.8,0.113,89.9,5.6,0.0,1.0,-1.0,4.0,2.0,2.0,1,0.0,0.0,0.0,0.32,0.005,0,42.0,-0.436,0
PID101576,CRPF,Head Constable,6.8,True,with_family,joint,0.0,peace_training_static,3.0,29,22.7,0.783,44.4,0.128,96.1,10.6,4.0,0.0,4.0,2.0,2.0,0.0,0,0.0,0.0,0.0,0.187,0.058,0,32.5,0.33,0
PID101577,CRPF,ASI/SI,4.8,False,not_applicable_unmarried,n/a,0.0,counter_naxal_lwe,10.6,29,14.8,0.51,65.4,0.278,56.0,42.0,1.0,3.0,-2.0,2.0,1.0,1.0,1,0.0,0.0,0.0,0.239,0.064,0,43.5,-0.034,0
PID101578,CRPF,Inspector+,21.2,False,not_applicable_unmarried,n/a,0.0,peace_training_static,19.9,32,20.9,0.653,46.2,0.172,85.8,21.8,0.0,0.0,0.0,3.0,3.0,0.0,1,1.0,0.0,1.0,0.284,0.101,0,59.0,-0.002,0
PID101579,CRPF,ASI/SI,31.3,False,not_applicable_unmarried,n/a,0.0,law_order_vip_duty,44.4,31,22.3,0.719,45.8,0.189,87.2,22.3,1.0,1.0,0.0,2.0,3.0,-1.0,0,9.0,6.0,3.0,0.23,-0.027,0,41.3,-0.681,0
PID101580,CRPF,ASI/SI,12.4,True,with_family,nuclear,0.0,counter_naxal_lwe,1.0,28,11.6,0.414,64.7,0.316,70.3,45.4,1.0,0.0,1.0,5.0,2.0,3.0,0,2.0,2.0,0.0,0.708,0.218,3,34.3,1.437,1
PID101581,CRPF,Constable/GD,17.1,True,with_family,nuclear,0.0,counter_naxal_lwe,1.6,31,20.8,0.671,67.9,0.336,60.9,42.2,0.0,0.0,0.0,4.0,2.0,2.0,0,2.0,2.0,0.0,0.234,0.053,0,57.4,0.261,0
PID101582,CRPF,Constable/GD,19.6,False,not_applicable_unmarried,n/a,0.0,counter_naxal_lwe,20.8,28,12.5,0.446,64.0,0.39,59.2,43.8,2.0,2.0,0.0,3.0,1.0,2.0,0,0.0,0.0,0.0,0.641,0.098,0,33.4,0.669,0
PID101583,CRPF,Constable/GD,28.0,True,with_family,nuclear,0.0,peace_training_static,19.0,28,27.5,0.982,42.5,0.118,96.4,5.6,0.0,1.0,-1.0,1.0,1.0,0.0,0,0.0,0.0,0.0,0.014,-0.09,0,48.4,-1.13,0
PID101584,CRPF,Head Constable,30.6,True,with_family,nuclear,0.0,counter_insurgency_jk_ne,1.3,31,18.3,0.59,52.1,0.267,82.5,20.2,1.0,1.0,0.0,1.0,2.0,-1.0,0,1.0,4.0,-3.0,0.286,-0.023,0,45.9,-0.512,0
PID101585,CRPF,ASI/SI,3.1,True,with_family,joint,0.0,law_order_vip_duty,37.3,29,22.1,0.762,48.4,0.201,85.0,16.5,3.0,1.0,2.0,3.0,1.0,2.0,1,1.0,1.0,0.0,0.133,-0.017,0,53.6,0.248,0
PID101586,CRPF,Constable/GD,8.0,True,separated_hardship_posting,nuclear,6.227,counter_naxal_lwe,46.7,30,18.1,0.603,62.4,0.423,52.3,48.3,6.0,2.0,4.0,3.0,2.0,1.0,0,0.0,0.0,0.0,0.454,0.206,0,52.1,1.206,1
PID101587,CRPF,Head Constable,11.6,False,not_applicable_unmarried,n/a,0.0,law_order_vip_duty,26.1,32,23.8,0.744,57.7,0.283,73.0,35.6,2.0,2.0,0.0,3.0,3.0,0.0,1,1.0,0.0,1.0,0.087,-0.047,0,50.0,-0.557,0
PID101588,CRPF,Constable/GD,7.4,True,separated_hardship_posting,nuclear,1.213,counter_insurgency_jk_ne,9.1,29,15.5,0.534,55.0,0.322,70.5,38.5,0.0,0.0,0.0,3.0,3.0,0.0,1,3.0,1.0,2.0,0.728,0.173,1,35.2,0.361,0
PID101589,CRPF,Constable/GD,9.8,False,not_applicable_unmarried,n/a,0.0,peace_training_static,8.6,28,22.8,0.814,43.4,0.129,89.0,9.6,0.0,0.0,0.0,2.0,3.0,-1.0,0,1.0,4.0,-3.0,0.0,-0.069,0,32.3,-0.921,0
PID101590,CRPF,Constable/GD,14.7,False,not_applicable_unmarried,n/a,0.0,counter_insurgency_jk_ne,1.0,32,20.7,0.647,62.1,0.439,53.4,45.6,3.0,2.0,1.0,3.0,2.0,1.0,0,4.0,4.0,0.0,0.225,0.041,2,44.9,0.192,0
PID101591,CRPF,Constable/GD,2.2,True,with_family,joint,0.0,law_order_vip_duty,24.3,29,16.0,0.552,50.3,0.248,82.2,15.6,1.0,3.0,-2.0,1.0,1.0,0.0,0,2.0,0.0,2.0,0.54,0.078,0,43.6,-0.257,0
PID101592,CRPF,ASI/SI,14.5,True,with_family,nuclear,0.0,law_order_vip_duty,20.7,31,28.3,0.913,58.9,0.231,73.0,34.4,0.0,0.0,0.0,3.0,2.0,1.0,2,0.0,1.0,-1.0,0.721,0.049,0,77.1,-0.257,0
PID101593,CRPF,Constable/GD,19.3,True,with_family,nuclear,0.0,counter_insurgency_jk_ne,4.3,28,17.2,0.614,57.4,0.288,63.6,32.9,4.0,3.0,1.0,3.0,2.0,1.0,0,4.0,4.0,0.0,0.16,0.041,0,45.4,0.232,0
PID101594,CRPF,ASI/SI,11.8,True,with_family,nuclear,0.0,peace_training_static,29.1,28,24.2,0.864,50.7,0.141,76.0,19.8,1.0,2.0,-1.0,2.0,2.0,0.0,1,5.0,8.0,-3.0,0.307,-0.121,0,41.4,-1.079,0
PID101595,CRPF,Head Constable,1.9,True,separated_hardship_posting,nuclear,0.36,counter_insurgency_jk_ne,2.7,31,19.4,0.626,59.5,0.117,85.2,24.0,3.0,1.0,2.0,3.0,3.0,0.0,0,5.0,4.0,1.0,0.159,0.062,0,31.6,0.223,0
PID101596,CRPF,Constable/GD,9.4,False,not_applicable_unmarried,n/a,0.0,peace_training_static,2.4,32,27.0,0.844,48.8,0.182,88.2,14.4,0.0,0.0,0.0,3.0,3.0,0.0,0,0.0,0.0,0.0,0.048,-0.045,0,24.8,-0.671,0
PID101597,CRPF,Constable/GD,13.9,True,separated_hardship_posting,nuclear,2.373,counter_naxal_lwe,17.8,28,14.9,0.532,61.3,0.274,66.1,41.7,1.0,0.0,1.0,3.0,2.0,1.0,0,6.0,5.0,1.0,0.229,0.148,0,17.5,0.656,0
PID101598,CRPF,ASI/SI,20.0,True,with_family,nuclear,0.0,law_order_vip_duty,12.6,32,20.6,0.644,51.6,0.177,83.8,20.6,4.0,2.0,2.0,3.0,3.0,0.0,0,1.0,7.0,-6.0,0.068,-0.027,0,24.0,-0.068,0
PID101599,CRPF,Constable/GD,18.5,False,not_applicable_unmarried,n/a,0.0,peace_training_static,4.8,29,27.2,0.938,47.7,0.036,87.3,19.6,2.0,0.0,2.0,3.0,2.0,1.0,0,5.0,1.0,4.0,0.222,-0.023,0,35.7,-0.197,0
PID101600,CRPF,ASI/SI,10.9,False,not_applicable_unmarried,n/a,0.0,peace_training_static,23.9,32,28.6,0.894,49.2,0.076,85.8,9.3,2.0,2.0,0.0,1.0,2.0,-1.0,1,2.0,2.0,0.0,0.047,-0.037,0,54.6,-0.921,0
PID101601,CRPF,Constable/GD,7.7,True,with_family,joint,0.0,counter_insurgency_jk_ne,19.0,30,18.6,0.62,60.1,0.28,66.8,43.2,2.0,1.0,1.0,3.0,2.0,1.0,0,5.0,5.0,0.0,0.523,0.236,4,46.4,0.815,0
PID101602,CRPF,Head Constable,11.2,True,separated_hardship_posting,nuclear,0.4,counter_insurgency_jk_ne,3.0,31,23.0,0.742,50.9,0.353,79.7,24.0,0.0,0.0,0.0,2.0,3.0,-1.0,0,1.0,0.0,1.0,0.171,-0.043,0,25.4,-0.756,0
PID101603,CRPF,ASI/SI,3.4,True,with_family,nuclear,0.0,peace_training_static,19.7,28,22.8,0.814,47.0,0.197,75.9,18.5,1.0,3.0,-2.0,1.0,1.0,0.0,1,2.0,4.0,-2.0,0.365,-0.089,0,31.0,-1.075,0
PID101604,CRPF,Constable/GD,8.1,True,separated_hardship_posting,nuclear,1.44,counter_naxal_lwe,10.8,28,15.0,0.536,59.4,0.466,53.9,47.5,3.0,3.0,0.0,3.0,2.0,1.0,1,8.0,1.0,7.0,0.554,0.177,2,38.4,0.583,0
PID101605,CRPF,Constable/GD,22.1,True,with_family,nuclear,0.0,peace_training_static,6.4,32,23.8,0.744,43.8,0.126,83.4,16.6,0.0,1.0,-1.0,1.0,3.0,-2.0,1,0.0,0.0,0.0,0.124,-0.156,0,34.9,-1.466,0
PID101606,CRPF,Inspector+,11.2,True,with_family,joint,0.0,counter_naxal_lwe,17.8,28,17.1,0.611,63.8,0.337,65.5,48.1,2.0,0.0,2.0,5.0,2.0,3.0,1,4.0,2.0,2.0,0.41,0.043,0,27.2,0.824,0
PID101607,CRPF,Constable/GD,14.2,True,separated_hardship_posting,nuclear,0.133,counter_naxal_lwe,1.0,32,17.5,0.547,68.8,0.397,51.8,58.3,0.0,1.0,-1.0,4.0,2.0,2.0,0,4.0,1.0,3.0,0.712,0.306,1,3.1,1.02,0
PID101608,CRPF,Constable/GD,4.6,True,with_family,nuclear,0.0,law_order_vip_duty,2.3,28,21.1,0.754,51.1,0.169,75.5,21.2,1.0,2.0,-1.0,2.0,2.0,0.0,0,1.0,2.0,-1.0,0.301,-0.019,0,24.1,-0.638,0
PID101609,CRPF,Constable/GD,20.0,True,separated_hardship_posting,nuclear,1.16,counter_insurgency_jk_ne,8.7,31,18.1,0.584,65.9,0.242,60.5,52.4,1.0,0.0,1.0,5.0,2.0,3.0,1,0.0,1.0,-1.0,0.445,0.111,1,24.9,0.908,1
PID101610,CRPF,Constable/GD,10.6,True,with_family,nuclear,0.0,counter_naxal_lwe,8.9,29,14.2,0.49,57.6,0.328,63.7,39.7,1.0,4.0,-3.0,3.0,3.0,0.0,0,2.0,0.0,2.0,0.423,0.276,3,57.2,0.262,0
PID101611,CRPF,Head Constable,14.0,True,separated_hardship_posting,nuclear,1.2,counter_naxal_lwe,9.0,30,24.0,0.8,66.9,0.348,47.9,35.9,2.0,2.0,0.0,3.0,3.0,0.0,1,3.0,1.0,2.0,0.023,0.003,0,61.0,-0.474,0
PID101612,CRPF,Head Constable,15.7,True,separated_hardship_posting,nuclear,0.613,peace_training_static,4.6,31,28.0,0.903,47.7,0.0,99.1,8.1,1.0,1.0,0.0,2.0,2.0,0.0,0,0.0,0.0,0.0,0.321,-0.058,0,11.9,-0.783,0
PID101613,CRPF,Constable/GD,19.6,True,with_family,nuclear,0.0,counter_insurgency_jk_ne,7.6,28,17.7,0.632,58.8,0.364,63.9,37.1,2.0,1.0,1.0,4.0,3.0,1.0,1,1.0,0.0,1.0,0.299,0.095,0,51.3,0.374,0
PID101614,CRPF,ASI/SI,12.8,False,not_applicable_unmarried,n/a,0.0,peace_training_static,24.7,29,22.7,0.783,51.5,0.134,89.7,16.6,1.0,0.0,1.0,3.0,2.0,1.0,0,2.0,1.0,1.0,0.123,-0.031,0,58.3,-0.188,0
PID101615,CRPF,Constable/GD,10.7,True,with_family,nuclear,0.0,counter_naxal_lwe,3.1,30,19.2,0.64,59.5,0.398,53.9,46.4,1.0,1.0,0.0,3.0,2.0,1.0,0,0.0,0.0,0.0,0.197,0.09,0,28.5,0.195,0
PID101616,CRPF,Constable/GD,5.3,True,with_family,nuclear,0.0,counter_insurgency_jk_ne,4.7,29,17.0,0.586,63.1,0.206,69.4,38.8,1.0,2.0,-1.0,3.0,3.0,0.0,0,1.0,2.0,-1.0,0.154,0.062,0,15.6,-0.193,0
PID101617,CRPF,Head Constable,4.3,True,with_family,nuclear,0.0,counter_naxal_lwe,5.4,29,17.3,0.597,61.2,0.31,55.6,38.5,0.0,0.0,0.0,3.0,2.0,1.0,0,0.0,2.0,-2.0,0.028,-0.073,0,64.6,-0.243,0
PID101618,CRPF,Inspector+,12.6,False,not_applicable_unmarried,n/a,0.0,counter_insurgency_jk_ne,11.3,28,19.5,0.696,55.4,0.257,87.5,33.9,1.0,0.0,1.0,3.0,1.0,2.0,0,0.0,0.0,0.0,0.459,0.061,0,37.2,0.407,0
PID101619,CRPF,Constable/GD,14.0,True,with_family,nuclear,0.0,counter_naxal_lwe,4.8,31,16.7,0.539,56.7,0.338,57.7,31.2,3.0,0.0,3.0,4.0,2.0,2.0,1,2.0,0.0,2.0,0.257,0.222,1,59.1,1.392,0
PID101620,CRPF,Constable/GD,15.3,True,separated_hardship_posting,nuclear,0.133,counter_naxal_lwe,1.0,28,13.4,0.479,68.3,0.348,65.7,41.0,0.0,1.0,-1.0,3.0,2.0,1.0,0,5.0,2.0,3.0,0.109,-0.045,0,41.3,-0.171,0
PID101621,CRPF,Constable/GD,6.9,False,not_applicable_unmarried,n/a,0.0,counter_insurgency_jk_ne,1.7,28,9.8,0.35,62.6,0.352,60.9,37.8,6.0,0.0,6.0,4.0,2.0,2.0,0,3.0,5.0,-2.0,0.507,0.262,2,62.1,2.204,1
PID101622,CRPF,ASI/SI,8.2,True,with_family,nuclear,0.0,law_order_vip_duty,4.1,29,20.6,0.71,50.1,0.226,78.8,24.4,1.0,0.0,1.0,2.0,2.0,0.0,1,6.0,3.0,3.0,0.202,-0.016,0,47.0,-0.268,0
PID101623,CRPF,Constable/GD,12.5,True,separated_hardship_posting,nuclear,0.773,counter_insurgency_jk_ne,5.8,31,16.6,0.535,60.2,0.256,71.1,37.2,0.0,0.0,0.0,4.0,1.0,3.0,0,4.0,4.0,0.0,0.309,0.027,0,34.6,0.56,0
PID101624,CRPF,Constable/GD,8.8,True,with_family,nuclear,0.0,counter_insurgency_jk_ne,48.0,28,13.4,0.479,58.5,0.431,56.8,38.4,3.0,3.0,0.0,5.0,2.0,3.0,1,5.0,4.0,1.0,0.394,0.136,0,32.8,0.955,0
PID101625,CRPF,Head Constable,35.0,False,not_applicable_unmarried,n/a,0.0,counter_insurgency_jk_ne,48.0,29,21.8,0.752,56.6,0.284,75.1,28.5,0.0,2.0,-2.0,2.0,2.0,0.0,1,1.0,1.0,0.0,0.341,0.054,0,31.3,-0.571,0
PID101626,CRPF,Constable/GD,8.1,False,not_applicable_unmarried,n/a,0.0,counter_insurgency_jk_ne,28.9,28,19.7,0.704,61.9,0.246,71.2,36.8,3.0,1.0,2.0,4.0,2.0,2.0,0,2.0,4.0,-2.0,0.645,0.035,1,37.0,0.475,0
PID101627,CRPF,Constable/GD,14.6,True,with_family,joint,0.0,law_order_vip_duty,25.9,30,17.0,0.567,49.5,0.107,85.3,11.1,1.0,3.0,-2.0,2.0,1.0,1.0,0,2.0,1.0,1.0,0.016,-0.065,0,39.0,-0.493,0
PID101628,CRPF,Constable/GD,18.2,False,not_applicable_unmarried,n/a,0.0,peace_training_static,7.8,28,25.7,0.918,37.2,0.125,96.5,8.4,6.0,4.0,2.0,1.0,1.0,0.0,0,0.0,2.0,-2.0,0.671,-0.025,0,45.5,-0.391,0
PID101629,CRPF,Constable/GD,18.8,False,not_applicable_unmarried,n/a,0.0,peace_training_static,3.2,28,22.7,0.811,47.0,0.161,97.4,20.3,6.0,2.0,4.0,3.0,1.0,2.0,0,1.0,2.0,-1.0,0.632,0.007,0,34.1,0.571,0
PID101630,CRPF,Constable/GD,8.7,True,with_family,nuclear,0.0,counter_naxal_lwe,16.8,29,17.1,0.59,62.3,0.282,68.1,38.2,0.0,0.0,0.0,3.0,2.0,1.0,0,1.0,2.0,-1.0,0.699,0.097,0,66.4,0.276,0
PID101631,CRPF,ASI/SI,15.7,True,separated_hardship_posting,nuclear,4.44,counter_insurgency_jk_ne,33.3,29,15.0,0.517,55.6,0.337,64.7,36.4,2.0,0.0,2.0,5.0,1.0,4.0,0,3.0,3.0,0.0,0.341,0.173,0,64.3,1.543,1
PID101632,CRPF,Head Constable,14.7,True,separated_hardship_posting,joint,0.842,peace_training_static,10.1,28,23.6,0.843,42.4,0.125,96.9,7.3,3.0,1.0,2.0,2.0,1.0,1.0,0,0.0,0.0,0.0,0.277,-0.121,0,44.3,-0.379,0
PID101633,CRPF,Head Constable,16.1,True,with_family,nuclear,0.0,peace_training_static,9.6,30,29.9,0.997,39.8,0.014,96.2,8.0,0.0,3.0,-3.0,1.0,2.0,-1.0,1,5.0,2.0,3.0,0.092,0.015,0,67.8,-1.351,0
PID101634,CRPF,Inspector+,12.4,True,with_family,joint,0.0,counter_insurgency_jk_ne,4.2,30,20.5,0.683,56.5,0.338,63.9,45.5,0.0,0.0,0.0,3.0,2.0,1.0,0,0.0,1.0,-1.0,0.085,0.065,0,62.0,0.067,0
PID101635,CRPF,Constable/GD,18.2,False,not_applicable_unmarried,n/a,0.0,counter_insurgency_jk_ne,6.1,30,22.5,0.75,54.5,0.284,75.8,27.4,1.0,0.0,1.0,4.0,2.0,2.0,0,2.0,2.0,0.0,0.143,0.001,0,35.7,0.162,0
PID101636,CRPF,Constable/GD,13.3,True,with_family,nuclear,0.0,law_order_vip_duty,12.0,30,21.8,0.727,55.9,0.152,70.4,28.2,0.0,0.0,0.0,2.0,3.0,-1.0,0,0.0,1.0,-1.0,0.584,0.073,0,47.3,-0.388,0
PID101637,CRPF,ASI/SI,4.9,True,with_family,nuclear,0.0,peace_training_static,1.9,32,24.4,0.762,48.1,0.177,84.3,21.6,1.0,3.0,-2.0,2.0,2.0,0.0,0,0.0,1.0,-1.0,0.397,-0.058,0,39.3,-0.921,0
PID101638,CRPF,Constable/GD,13.0,True,with_family,nuclear,0.0,counter_insurgency_jk_ne,26.8,29,20.2,0.697,56.1,0.356,72.1,35.6,2.0,0.0,2.0,3.0,1.0,2.0,0,7.0,1.0,6.0,0.254,-0.047,0,61.8,0.235,0
PID101639,CRPF,Head Constable,13.9,True,separated_hardship_posting,nuclear,0.267,counter_naxal_lwe,2.0,29,18.7,0.645,64.1,0.281,73.7,34.9,0.0,2.0,-2.0,2.0,1.0,1.0,1,2.0,1.0,1.0,0.669,-0.069,0,27.2,-0.599,0
PID101640,CRPF,Head Constable,17.5,True,separated_hardship_posting,joint,1.7,peace_training_static,20.4,30,28.9,0.963,45.6,0.138,92.2,2.6,0.0,0.0,0.0,2.0,2.0,0.0,1,1.0,0.0,1.0,0.274,0.007,0,18.9,-0.658,0
PID101641,CRPF,Constable/GD,12.6,True,with_family,nuclear,0.0,law_order_vip_duty,1.6,28,18.8,0.671,50.9,0.232,69.9,22.4,1.0,0.0,1.0,2.0,1.0,1.0,1,2.0,2.0,0.0,0.148,-0.074,0,39.9,-0.182,0
PID101642,CRPF,Constable/GD,28.4,True,separated_hardship_posting,nuclear,0.72,counter_naxal_lwe,5.4,32,14.4,0.45,61.8,0.346,54.3,45.5,0.0,0.0,0.0,4.0,1.0,3.0,0,0.0,0.0,0.0,0.289,0.088,0,27.4,0.845,0
PID101643,CRPF,Constable/GD,10.9,True,separated_hardship_posting,joint,2.275,counter_naxal_lwe,27.3,30,18.1,0.603,69.1,0.319,65.6,45.8,4.0,8.0,-4.0,4.0,3.0,1.0,0,0.0,3.0,-3.0,0.297,0.126,0,27.8,-0.267,0
PID101644,CRPF,Constable/GD,8.5,True,separated_hardship_posting,nuclear,4.76,counter_insurgency_jk_ne,35.7,31,15.9,0.513,60.6,0.291,61.9,33.9,2.0,1.0,1.0,2.0,2.0,0.0,0,0.0,0.0,0.0,0.109,0.035,0,37.5,0.124,1
PID101645,CRPF,Constable/GD,23.6,False,not_applicable_unmarried,n/a,0.0,law_order_vip_duty,29.2,29,20.8,0.717,50.8,0.276,68.0,24.2,0.0,2.0,-2.0,1.0,1.0,0.0,1,4.0,3.0,1.0,0.338,-0.038,0,33.5,-0.806,0
PID101646,CRPF,Constable/GD,10.8,True,with_family,nuclear,0.0,law_order_vip_duty,3.9,31,31.0,1.0,55.6,0.245,67.0,40.5,0.0,2.0,-2.0,2.0,1.0,1.0,1,0.0,2.0,-2.0,0.152,0.037,0,35.8,-0.707,0
PID101647,CRPF,Head Constable,12.0,True,separated_hardship_posting,joint,0.658,counter_naxal_lwe,7.9,32,24.0,0.75,65.4,0.234,67.5,35.3,2.0,1.0,1.0,4.0,3.0,1.0,2,2.0,1.0,1.0,0.023,-0.06,0,37.0,-0.235,0
PID101648,CRPF,ASI/SI,13.9,True,separated_hardship_posting,nuclear,2.693,counter_naxal_lwe,20.2,30,18.9,0.63,63.0,0.221,66.5,36.8,0.0,0.0,0.0,4.0,2.0,2.0,0,0.0,0.0,0.0,0.75,0.079,1,44.3,0.389,1
PID101649,CRPF,ASI/SI,13.3,True,with_family,joint,0.0,law_order_vip_duty,47.2,29,19.8,0.683,50.7,0.109,87.8,14.5,0.0,0.0,0.0,2.0,2.0,0.0,1,0.0,0.0,0.0,0.291,0.088,0,30.4,-0.076,0
PID101650,CRPF,Constable/GD,16.1,True,separated_hardship_posting,nuclear,0.16,counter_naxal_lwe,1.2,31,14.9,0.481,60.4,0.269,66.6,46.9,5.0,5.0,0.0,3.0,2.0,1.0,0,1.0,0.0,1.0,0.261,0.105,0,31.8,0.433,0
PID101651,CRPF,Constable/GD,17.0,True,with_family,joint,0.0,counter_insurgency_jk_ne,1.0,32,21.3,0.666,53.7,0.255,68.1,22.1,2.0,0.0,2.0,2.0,2.0,0.0,0,0.0,0.0,0.0,0.099,0.079,0,53.3,0.225,0
PID101652,CRPF,Constable/GD,8.0,True,separated_hardship_posting,nuclear,1.427,counter_insurgency_jk_ne,10.7,31,23.1,0.745,58.7,0.273,57.8,33.7,1.0,1.0,0.0,3.0,1.0,2.0,1,1.0,1.0,0.0,0.208,-0.082,0,57.9,-0.237,0
PID101653,CRPF,Constable/GD,5.6,False,not_applicable_unmarried,n/a,0.0,counter_naxal_lwe,1.0,31,15.5,0.5,59.6,0.346,59.6,40.7,1.0,1.0,0.0,3.0,1.0,2.0,1,0.0,0.0,0.0,0.776,0.273,1,67.0,1.129,0
PID101654,CRPF,ASI/SI,6.1,True,separated_hardship_posting,joint,1.333,law_order_vip_duty,16.0,30,21.1,0.703,50.3,0.218,80.7,22.5,3.0,3.0,0.0,2.0,3.0,-1.0,1,3.0,2.0,1.0,0.21,0.036,0,40.8,-0.469,0
PID101655,CRPF,Constable/GD,22.2,False,not_applicable_unmarried,n/a,0.0,counter_naxal_lwe,21.5,28,15.7,0.561,64.5,0.347,52.1,52.9,0.0,3.0,-3.0,4.0,4.0,0.0,0,4.0,2.0,2.0,0.629,0.116,2,57.1,-0.308,0
PID101656,CRPF,Constable/GD,10.2,True,separated_hardship_posting,nuclear,1.053,law_order_vip_duty,7.9,31,19.1,0.616,58.7,0.289,73.8,39.2,0.0,2.0,-2.0,2.0,1.0,1.0,0,3.0,0.0,3.0,0.461,0.148,2,35.6,0.09,0
PID101657,CRPF,ASI/SI,18.1,True,with_family,nuclear,0.0,law_order_vip_duty,6.3,30,18.4,0.613,53.5,0.119,74.4,20.1,0.0,2.0,-2.0,2.0,2.0,0.0,0,0.0,1.0,-1.0,0.134,-0.073,0,47.1,-0.786,0
PID101658,CRPF,Constable/GD,17.2,True,separated_hardship_posting,joint,2.95,counter_insurgency_jk_ne,35.4,29,13.9,0.479,57.6,0.32,57.9,39.5,3.0,2.0,1.0,5.0,4.0,1.0,1,7.0,0.0,7.0,0.16,-0.013,0,41.7,0.233,0
PID101659,CRPF,Constable/GD,12.0,False,not_applicable_unmarried,n/a,0.0,peace_training_static,19.9,30,28.6,0.953,45.9,0.14,87.9,12.2,1.0,1.0,0.0,1.0,1.0,0.0,1,1.0,1.0,0.0,0.046,-0.081,0,66.3,-0.911,0
PID101660,CRPF,Constable/GD,6.8,True,separated_hardship_posting,nuclear,0.787,counter_naxal_lwe,5.9,28,16.2,0.579,66.6,0.274,64.3,41.9,2.0,1.0,1.0,5.0,2.0,3.0,0,3.0,0.0,3.0,0.086,-0.015,0,30.8,0.534,0
PID101661,CRPF,Head Constable,17.5,False,not_applicable_unmarried,n/a,0.0,peace_training_static,16.4,30,30.0,1.0,47.6,0.152,94.5,18.6,1.0,1.0,0.0,3.0,3.0,0.0,0,3.0,4.0,-1.0,0.108,-0.113,0,27.8,-1.066,0
PID101662,CRPF,Head Constable,11.7,True,separated_hardship_posting,nuclear,3.147,counter_naxal_lwe,23.6,30,11.3,0.377,62.8,0.372,50.4,48.0,3.0,0.0,3.0,3.0,2.0,1.0,0,6.0,3.0,3.0,0.375,0.256,4,40.8,1.476,1
PID101663,CRPF,Constable/GD,5.4,False,not_applicable_unmarried,n/a,0.0,peace_training_static,7.1,29,21.5,0.741,47.1,0.117,96.1,19.5,2.0,1.0,1.0,1.0,2.0,-1.0,2,5.0,2.0,3.0,0.192,0.055,0,11.2,-0.304,0
PID101664,CRPF,ASI/SI,8.9,False,not_applicable_unmarried,n/a,0.0,counter_naxal_lwe,11.6,31,18.4,0.594,56.3,0.205,75.0,31.3,0.0,0.0,0.0,2.0,3.0,-1.0,0,1.0,2.0,-1.0,0.0,-0.021,0,41.2,-0.512,0
PID101665,CRPF,ASI/SI,4.1,False,not_applicable_unmarried,n/a,0.0,counter_insurgency_jk_ne,23.1,30,15.4,0.513,59.6,0.358,60.4,45.1,1.0,1.0,0.0,4.0,2.0,2.0,1,2.0,1.0,1.0,0.291,0.25,3,3.3,1.044,0
PID101666,CRPF,ASI/SI,9.1,True,separated_hardship_posting,nuclear,2.187,counter_naxal_lwe,16.4,29,13.6,0.469,58.5,0.364,69.2,23.8,2.0,6.0,-4.0,2.0,2.0,0.0,1,1.0,4.0,-3.0,0.139,-0.061,0,26.9,-0.884,0
PID101667,CRPF,Constable/GD,12.3,False,not_applicable_unmarried,n/a,0.0,counter_insurgency_jk_ne,4.0,31,21.6,0.697,59.6,0.324,73.6,36.6,2.0,2.0,0.0,3.0,3.0,0.0,0,4.0,0.0,4.0,0.147,0.116,1,40.0,-0.009,0
PID101668,CRPF,Constable/GD,11.0,True,separated_hardship_posting,nuclear,0.573,counter_naxal_lwe,4.3,28,13.7,0.489,59.1,0.147,63.0,35.2,1.0,1.0,0.0,3.0,1.0,2.0,1,0.0,0.0,0.0,0.054,0.014,0,15.3,0.364,0
PID101669,CRPF,ASI/SI,10.3,True,with_family,joint,0.0,counter_naxal_lwe,15.7,30,15.2,0.507,64.4,0.318,57.9,47.5,0.0,2.0,-2.0,2.0,1.0,1.0,0,0.0,1.0,-1.0,0.36,0.168,0,43.9,0.282,0
PID101670,CRPF,Constable/GD,12.3,True,separated_hardship_posting,nuclear,1.16,counter_naxal_lwe,8.7,28,14.6,0.521,61.4,0.264,62.6,46.7,1.0,0.0,1.0,3.0,2.0,1.0,1,0.0,0.0,0.0,0.375,0.102,0,7.3,0.531,0
PID101671,CRPF,Head Constable,15.5,True,separated_hardship_posting,nuclear,2.587,counter_naxal_lwe,19.4,31,16.5,0.532,57.4,0.428,67.5,41.7,0.0,2.0,-2.0,3.0,2.0,1.0,0,2.0,0.0,2.0,0.203,0.099,2,38.9,0.044,1
PID101672,CRPF,Head Constable,18.9,True,separated_hardship_posting,nuclear,1.96,law_order_vip_duty,14.7,28,23.1,0.825,50.8,0.154,90.7,11.8,0.0,0.0,0.0,1.0,1.0,0.0,1,2.0,3.0,-1.0,0.292,0.013,0,51.1,-0.474,0
PID101673,CRPF,Constable/GD,20.3,True,separated_hardship_posting,nuclear,2.333,counter_insurgency_jk_ne,17.5,32,15.6,0.488,66.8,0.389,55.4,52.8,7.0,5.0,2.0,4.0,2.0,2.0,0,0.0,5.0,-5.0,0.21,0.142,1,57.5,1.059,1
PID101674,CRPF,Head Constable,7.5,True,separated_hardship_posting,nuclear,1.533,counter_naxal_lwe,11.5,28,14.8,0.529,52.9,0.407,67.8,37.5,4.0,5.0,-1.0,3.0,2.0,1.0,2,3.0,4.0,-1.0,0.452,0.08,0,63.0,0.144,0
PID101675,CRPF,ASI/SI,21.4,True,with_family,nuclear,0.0,peace_training_static,23.6,30,30.0,1.0,46.7,0.133,90.0,10.1,1.0,0.0,1.0,2.0,1.0,1.0,0,1.0,2.0,-1.0,0.081,-0.061,0,26.8,-0.541,0
PID101676,CRPF,Head Constable,11.7,True,with_family,nuclear,0.0,law_order_vip_duty,10.0,31,29.6,0.955,48.0,0.288,78.3,20.0,1.0,1.0,0.0,1.0,2.0,-1.0,0,2.0,1.0,1.0,0.5,-0.103,0,33.9,-1.194,0
PID101677,CRPF,Constable/GD,9.6,False,not_applicable_unmarried,n/a,0.0,counter_naxal_lwe,1.0,30,12.4,0.413,67.5,0.293,45.0,54.4,2.0,0.0,2.0,4.0,1.0,3.0,1,1.0,1.0,0.0,0.387,0.077,0,29.6,1.167,0
PID101678,CRPF,ASI/SI,6.2,False,not_applicable_unmarried,n/a,0.0,counter_insurgency_jk_ne,5.4,29,18.4,0.634,61.3,0.254,69.5,36.9,1.0,3.0,-2.0,3.0,3.0,0.0,1,1.0,3.0,-2.0,0.376,0.054,0,52.8,-0.429,0
PID101679,CRPF,Constable/GD,1.8,False,not_applicable_unmarried,n/a,0.0,counter_insurgency_jk_ne,28.2,29,16.8,0.579,58.7,0.355,71.1,42.3,0.0,2.0,-2.0,3.0,1.0,2.0,0,0.0,1.0,-1.0,0.499,0.236,1,43.1,0.614,0
PID101680,CRPF,Head Constable,14.9,False,not_applicable_unmarried,n/a,0.0,counter_insurgency_jk_ne,2.4,32,18.9,0.591,61.7,0.244,72.8,37.1,0.0,0.0,0.0,2.0,2.0,0.0,4,0.0,0.0,0.0,0.379,-0.001,1,39.8,-0.233,0
PID101681,CRPF,ASI/SI,14.6,True,with_family,nuclear,0.0,peace_training_static,19.4,28,22.8,0.814,47.0,0.04,83.8,1.4,1.0,0.0,1.0,2.0,3.0,-1.0,0,3.0,4.0,-1.0,0.342,0.053,0,39.1,-0.401,0
PID101682,CRPF,Head Constable,8.4,True,separated_hardship_posting,nuclear,0.933,law_order_vip_duty,7.0,31,25.5,0.823,52.0,0.201,82.4,22.9,5.0,1.0,4.0,3.0,3.0,0.0,0,0.0,1.0,-1.0,0.392,0.086,1,48.5,0.367,0
PID101683,CRPF,Constable/GD,8.5,True,with_family,joint,0.0,peace_training_static,2.9,29,28.2,0.972,43.6,0.067,100.0,3.6,1.0,0.0,1.0,1.0,2.0,-1.0,0,2.0,0.0,2.0,0.728,-0.032,0,27.2,-0.847,0
PID101684,CRPF,Constable/GD,10.8,True,separated_hardship_posting,nuclear,0.253,law_order_vip_duty,1.9,28,28.0,1.0,50.6,0.332,90.2,26.2,1.0,3.0,-2.0,2.0,4.0,-2.0,0,0.0,1.0,-1.0,0.038,-0.056,0,51.9,-1.628,0
PID101685,CRPF,Constable/GD,9.5,True,with_family,nuclear,0.0,peace_training_static,22.9,30,23.0,0.767,44.1,0.167,91.7,13.3,1.0,2.0,-1.0,1.0,1.0,0.0,0,0.0,1.0,-1.0,0.255,0.028,0,44.9,-0.514,0
PID101686,CRPF,Constable/GD,7.3,False,not_applicable_unmarried,n/a,0.0,counter_insurgency_jk_ne,22.0,28,11.6,0.414,58.0,0.265,75.5,27.6,10.0,8.0,2.0,2.0,2.0,0.0,0,5.0,6.0,-1.0,0.515,0.138,0,55.7,0.707,0
PID101687,CRPF,Constable/GD,5.8,True,with_family,nuclear,0.0,law_order_vip_duty,9.2,31,29.4,0.948,44.4,0.16,82.8,14.5,2.0,0.0,2.0,3.0,2.0,1.0,0,0.0,1.0,-1.0,0.251,0.063,0,34.6,0.05,0
PID101688,CRPF,Head Constable,21.5,False,not_applicable_unmarried,n/a,0.0,law_order_vip_duty,10.6,31,23.1,0.745,56.1,0.24,65.9,34.7,1.0,1.0,0.0,2.0,3.0,-1.0,1,0.0,4.0,-4.0,0.072,-0.08,0,40.8,-0.871,0
PID101689,CRPF,Constable/GD,8.8,True,with_family,nuclear,0.0,law_order_vip_duty,13.0,29,20.4,0.703,59.8,0.291,72.5,37.9,0.0,0.0,0.0,3.0,2.0,1.0,2,4.0,3.0,1.0,0.728,0.185,0,56.4,0.406,0
PID101690,CRPF,Head Constable,14.6,False,not_applicable_unmarried,n/a,0.0,counter_naxal_lwe,19.6,31,17.6,0.568,60.3,0.367,50.8,48.8,1.0,1.0,0.0,4.0,1.0,3.0,0,6.0,4.0,2.0,0.484,0.122,3,22.7,0.806,1
PID101691,CRPF,ASI/SI,16.2,True,separated_hardship_posting,nuclear,0.92,counter_naxal_lwe,6.9,31,12.9,0.416,66.7,0.293,59.8,40.9,3.0,0.0,3.0,5.0,3.0,2.0,0,0.0,2.0,-2.0,0.395,0.138,1,58.2,1.287,0
PID101692,CRPF,Constable/GD,15.0,False,not_applicable_unmarried,n/a,0.0,counter_naxal_lwe,13.7,31,18.2,0.587,61.5,0.264,74.4,35.4,6.0,6.0,0.0,3.0,2.0,1.0,4,2.0,2.0,0.0,0.438,0.07,0,36.1,0.2,0
PID101693,CRPF,Head Constable,16.6,True,separated_hardship_posting,nuclear,0.213,counter_naxal_lwe,1.6,28,15.2,0.543,59.6,0.327,69.6,26.2,2.0,2.0,0.0,3.0,1.0,2.0,1,2.0,2.0,0.0,0.614,0.11,0,51.7,0.586,0
PID101694,CRPF,Head Constable,14.9,True,with_family,nuclear,0.0,peace_training_static,8.9,28,28.0,1.0,44.5,0.139,93.7,16.1,5.0,5.0,0.0,2.0,2.0,0.0,1,5.0,6.0,-1.0,0.239,0.197,0,52.2,-0.132,0
PID101695,CRPF,Constable/GD,7.9,True,separated_hardship_posting,nuclear,0.56,law_order_vip_duty,4.2,28,23.6,0.843,52.3,0.192,78.5,24.2,1.0,1.0,0.0,3.0,3.0,0.0,2,4.0,1.0,3.0,0.147,0.01,0,37.3,-0.506,0
PID101696,CRPF,Constable/GD,9.8,True,separated_hardship_posting,nuclear,0.427,counter_naxal_lwe,3.2,32,20.4,0.638,59.1,0.41,60.1,41.3,0.0,1.0,-1.0,2.0,1.0,1.0,0,2.0,2.0,0.0,0.333,-0.006,0,40.5,-0.247,0
PID101697,CRPF,Head Constable,21.2,True,separated_hardship_posting,nuclear,2.173,counter_insurgency_jk_ne,16.3,29,18.0,0.621,60.4,0.332,77.2,35.9,4.0,5.0,-1.0,4.0,2.0,2.0,1,7.0,4.0,3.0,0.374,0.071,0,19.7,0.222,0
PID101698,CRPF,Inspector+,8.7,True,separated_hardship_posting,joint,0.3,counter_naxal_lwe,3.6,30,21.3,0.71,59.9,0.364,71.0,40.9,1.0,1.0,0.0,3.0,2.0,1.0,0,2.0,1.0,1.0,0.164,0.089,0,13.1,0.108,0
PID101699,CRPF,Head Constable,11.8,True,with_family,nuclear,0.0,peace_training_static,8.1,30,28.7,0.957,41.7,0.15,97.2,12.1,1.0,4.0,-3.0,1.0,1.0,0.0,0,4.0,1.0,3.0,0.098,-0.042,0,41.6,-1.262,0
PID101700,CRPF,ASI/SI,15.6,False,not_applicable_unmarried,n/a,0.0,peace_training_static,17.2,32,27.2,0.85,45.9,0.037,92.2,7.6,4.0,8.0,-4.0,1.0,4.0,-3.0,0,1.0,1.0,0.0,0.215,-0.099,0,57.6,-2.1,0
PID101701,CRPF,Inspector+,25.4,True,with_family,nuclear,0.0,counter_naxal_lwe,5.6,28,13.0,0.464,59.2,0.32,62.6,40.6,4.0,5.0,-1.0,2.0,2.0,0.0,2,1.0,2.0,-1.0,0.472,0.235,3,37.3,0.476,0
PID101702,CRPF,Constable/GD,20.2,True,with_family,nuclear,0.0,counter_insurgency_jk_ne,2.8,31,16.5,0.532,56.7,0.238,78.6,31.6,2.0,2.0,0.0,2.0,2.0,0.0,1,0.0,0.0,0.0,0.472,0.155,1,8.8,0.309,0
PID101703,CRPF,Head Constable,6.6,False,not_applicable_unmarried,n/a,0.0,peace_training_static,1.3,28,27.0,0.964,45.8,0.143,86.1,2.7,2.0,0.0,2.0,2.0,3.0,-1.0,0,1.0,0.0,1.0,0.847,0.016,0,32.9,-0.537,0
PID101704,CRPF,Constable/GD,14.3,True,with_family,joint,0.0,law_order_vip_duty,22.3,32,20.0,0.625,46.6,0.158,86.9,11.2,0.0,0.0,0.0,1.0,1.0,0.0,1,3.0,3.0,0.0,0.319,0.108,0,32.5,0.054,0
PID101705,CRPF,Inspector+,13.4,False,not_applicable_unmarried,n/a,0.0,peace_training_static,16.5,30,27.5,0.917,51.8,0.125,85.7,21.6,0.0,1.0,-1.0,1.0,1.0,0.0,1,1.0,1.0,0.0,0.027,-0.012,0,34.7,-0.813,0
PID101706,CRPF,Constable/GD,9.9,True,with_family,nuclear,0.0,counter_naxal_lwe,10.0,29,13.5,0.466,65.3,0.34,59.8,52.3,4.0,0.0,4.0,3.0,3.0,0.0,0,2.0,0.0,2.0,0.148,0.091,0,24.7,0.812,1
PID101707,CRPF,Constable/GD,12.0,True,with_family,nuclear,0.0,counter_naxal_lwe,1.2,30,12.7,0.423,59.5,0.386,72.4,45.2,1.0,0.0,1.0,4.0,2.0,2.0,0,1.0,1.0,0.0,0.76,0.256,0,29.1,1.327,1
PID101708,CRPF,ASI/SI,7.9,True,separated_hardship_posting,joint,0.192,law_order_vip_duty,2.3,31,20.0,0.645,51.9,0.148,73.1,17.2,0.0,0.0,0.0,2.0,1.0,1.0,0,1.0,1.0,0.0,0.414,-0.003,0,17.6,-0.091,0
PID101709,CRPF,Constable/GD,10.7,True,separated_hardship_posting,nuclear,0.16,counter_naxal_lwe,1.2,30,16.4,0.547,64.5,0.377,58.4,51.8,0.0,0.0,0.0,4.0,1.0,3.0,2,5.0,1.0,4.0,0.598,0.333,1,70.9,1.467,0
PID101710,CRPF,Head Constable,8.7,True,with_family,nuclear,0.0,peace_training_static,1.0,28,27.5,0.982,46.8,0.056,100.0,13.8,1.0,0.0,1.0,2.0,1.0,1.0,0,3.0,1.0,2.0,0.162,-0.132,0,65.1,-0.734,0
PID101711,CRPF,Constable/GD,12.5,False,not_applicable_unmarried,n/a,0.0,law_order_vip_duty,19.9,29,19.7,0.679,59.5,0.162,77.5,32.5,1.0,1.0,0.0,2.0,2.0,0.0,0,0.0,0.0,0.0,0.25,0.048,0,25.6,-0.191,0
PID101712,CRPF,Inspector+,9.7,True,with_family,nuclear,0.0,counter_naxal_lwe,2.7,32,11.4,0.356,61.0,0.341,62.1,31.1,3.0,4.0,-1.0,3.0,2.0,1.0,2,2.0,2.0,0.0,0.413,0.024,0,40.7,0.186,0
PID101713,CRPF,ASI/SI,26.4,False,not_applicable_unmarried,n/a,0.0,counter_insurgency_jk_ne,1.3,29,26.9,0.928,62.8,0.372,64.8,40.6,0.0,0.0,0.0,4.0,3.0,1.0,0,0.0,1.0,-1.0,0.146,0.077,0,31.1,-0.193,0
PID101714,CRPF,Constable/GD,12.7,True,separated_hardship_posting,joint,1.8,law_order_vip_duty,21.6,30,25.9,0.863,46.7,0.17,85.5,16.1,1.0,1.0,0.0,2.0,2.0,0.0,1,0.0,0.0,0.0,0.62,0.088,0,37.6,-0.292,0
PID101715,CRPF,Head Constable,11.4,True,with_family,joint,0.0,peace_training_static,3.8,28,28.0,1.0,41.3,0.013,100.0,0.5,0.0,3.0,-3.0,1.0,2.0,-1.0,1,0.0,1.0,-1.0,0.031,-0.062,0,46.0,-1.587,0
PID101716,CRPF,Constable/GD,10.4,False,not_applicable_unmarried,n/a,0.0,counter_naxal_lwe,28.5,28,20.3,0.725,68.7,0.293,61.6,36.9,0.0,2.0,-2.0,1.0,2.0,-1.0,1,2.0,0.0,2.0,0.232,0.156,0,42.9,-0.444,0
PID101717,CRPF,Head Constable,9.7,False,not_applicable_unmarried,n/a,0.0,law_order_vip_duty,14.6,29,22.0,0.759,50.3,0.197,75.6,21.2,1.0,1.0,0.0,2.0,2.0,0.0,0,0.0,0.0,0.0,0.125,-0.14,0,54.7,-0.855,0
PID101718,CRPF,Head Constable,5.4,True,with_family,nuclear,0.0,counter_naxal_lwe,4.1,32,17.2,0.538,57.3,0.462,63.9,35.9,1.0,0.0,1.0,3.0,1.0,2.0,1,1.0,0.0,1.0,0.375,0.117,1,32.3,0.769,0
PID101719,CRPF,ASI/SI,18.1,True,with_family,nuclear,0.0,peace_training_static,1.0,30,30.0,1.0,45.8,0.143,90.4,15.6,0.0,0.0,0.0,2.0,1.0,1.0,1,2.0,4.0,-2.0,0.118,0.038,0,40.2,-0.398,0
PID101720,CRPF,Constable/GD,23.7,True,separated_hardship_posting,nuclear,0.36,law_order_vip_duty,2.7,29,25.8,0.89,57.1,0.175,77.0,30.9,4.0,1.0,3.0,3.0,3.0,0.0,1,5.0,1.0,4.0,0.126,0.044,0,2.9,0.003,0
PID101721,CRPF,Constable/GD,8.7,True,with_family,joint,0.0,counter_naxal_lwe,4.8,30,18.3,0.61,58.9,0.342,67.4,40.4,2.0,0.0,2.0,4.0,3.0,1.0,4,0.0,2.0,-2.0,0.6,0.156,2,42.4,0.74,0
PID101722,CRPF,Head Constable,21.1,False,not_applicable_unmarried,n/a,0.0,law_order_vip_duty,3.2,32,26.6,0.831,51.8,0.314,77.8,25.2,0.0,1.0,-1.0,1.0,1.0,0.0,0,1.0,2.0,-1.0,0.048,0.028,0,8.7,-0.591,0
PID101723,CRPF,Head Constable,35.0,True,with_family,nuclear,0.0,law_order_vip_duty,1.2,32,20.3,0.634,44.6,0.206,89.2,13.7,3.0,0.0,3.0,3.0,1.0,2.0,1,0.0,1.0,-1.0,0.109,0.035,0,21.0,0.713,0
PID101724,CRPF,Constable/GD,30.7,True,with_family,nuclear,0.0,law_order_vip_duty,3.9,29,21.0,0.724,50.1,0.206,76.3,22.0,1.0,0.0,1.0,1.0,1.0,0.0,1,2.0,1.0,1.0,0.221,-0.088,0,59.1,-0.501,0
PID101725,CRPF,Constable/GD,23.1,True,separated_hardship_posting,nuclear,0.467,counter_naxal_lwe,3.5,32,22.7,0.709,66.0,0.326,55.6,52.0,0.0,2.0,-2.0,2.0,1.0,1.0,0,0.0,1.0,-1.0,0.584,0.037,0,59.3,-0.355,0
PID101726,CRPF,Constable/GD,5.8,True,separated_hardship_posting,nuclear,0.52,law_order_vip_duty,3.9,32,26.4,0.825,48.9,0.262,78.2,19.7,1.0,0.0,1.0,2.0,1.0,1.0,1,1.0,0.0,1.0,0.187,-0.023,0,24.9,-0.214,0
PID101727,CRPF,ASI/SI,5.8,True,with_family,nuclear,0.0,peace_training_static,10.8,28,20.8,0.743,40.9,0.088,96.1,0.7,2.0,2.0,0.0,1.0,2.0,-1.0,1,1.0,0.0,1.0,0.341,0.091,0,65.7,-0.354,0
PID101728,CRPF,Constable/GD,16.6,True,separated_hardship_posting,nuclear,4.093,counter_naxal_lwe,30.7,32,16.0,0.5,58.9,0.402,61.6,45.8,0.0,0.0,0.0,3.0,1.0,2.0,0,1.0,0.0,1.0,0.293,0.186,4,50.9,0.869,1
PID101729,CRPF,Constable/GD,11.8,True,separated_hardship_posting,nuclear,0.827,counter_naxal_lwe,6.2,29,20.6,0.71,59.6,0.414,68.5,44.4,1.0,1.0,0.0,4.0,4.0,0.0,0,3.0,2.0,1.0,0.565,0.079,0,47.2,-0.136,0
PID101730,CRPF,ASI/SI,2.9,False,not_applicable_unmarried,n/a,0.0,peace_training_static,1.0,31,29.3,0.945,49.1,0.157,77.9,21.9,0.0,0.0,0.0,2.0,1.0,1.0,0,0.0,6.0,-6.0,0.0,-0.074,1,22.6,-0.666,0
PID101731,CRPF,Constable/GD,9.3,False,not_applicable_unmarried,n/a,0.0,law_order_vip_duty,17.8,32,24.5,0.766,53.5,0.207,66.5,36.3,4.0,4.0,0.0,2.0,1.0,1.0,0,4.0,1.0,3.0,0.316,-0.11,0,67.3,-0.559,0
PID101732,CRPF,Head Constable,16.2,True,with_family,joint,0.0,counter_insurgency_jk_ne,10.6,30,18.6,0.62,60.3,0.216,80.8,42.5,0.0,2.0,-2.0,3.0,3.0,0.0,0,6.0,3.0,3.0,0.282,0.109,0,50.9,-0.246,0
PID101733,CRPF,Constable/GD,10.8,True,with_family,nuclear,0.0,peace_training_static,2.1,29,25.8,0.89,46.1,0.107,84.1,19.6,2.0,1.0,1.0,2.0,2.0,0.0,0,5.0,6.0,-1.0,0.183,-0.04,0,28.1,-0.559,0
PID101734,CRPF,ASI/SI,11.9,False,not_applicable_unmarried,n/a,0.0,counter_naxal_lwe,11.7,32,16.0,0.5,59.5,0.31,72.8,32.3,0.0,0.0,0.0,4.0,3.0,1.0,0,1.0,1.0,0.0,0.695,0.05,0,5.2,0.244,0
PID101735,CRPF,Head Constable,5.8,False,not_applicable_unmarried,n/a,0.0,peace_training_static,13.4,30,24.5,0.817,42.9,0.073,97.5,9.9,2.0,1.0,1.0,1.0,2.0,-1.0,0,0.0,0.0,0.0,0.201,0.071,0,22.5,-0.348,0
PID101736,CRPF,ASI/SI,9.2,False,not_applicable_unmarried,n/a,0.0,counter_insurgency_jk_ne,1.7,31,21.6,0.697,59.7,0.286,62.2,38.7,3.0,2.0,1.0,3.0,2.0,1.0,0,1.0,2.0,-1.0,0.581,0.042,1,42.4,0.137,0
PID101737,CRPF,Constable/GD,16.6,True,with_family,nuclear,0.0,counter_naxal_lwe,4.5,31,17.8,0.574,68.4,0.379,52.8,49.4,0.0,1.0,-1.0,3.0,2.0,1.0,0,4.0,1.0,3.0,0.143,0.015,0,36.8,-0.104,0
PID101738,CRPF,Constable/GD,8.9,True,separated_hardship_posting,nuclear,1.013,peace_training_static,7.6,29,28.2,0.972,42.2,0.083,92.6,2.9,4.0,2.0,2.0,2.0,2.0,0.0,0,1.0,3.0,-2.0,0.6,-0.041,0,62.4,-0.506,0
PID101739,CRPF,Head Constable,22.0,False,not_applicable_unmarried,n/a,0.0,law_order_vip_duty,5.1,30,24.1,0.803,47.9,0.138,87.9,16.6,0.0,0.0,0.0,2.0,3.0,-1.0,0,3.0,1.0,2.0,0.263,0.026,0,24.0,-0.623,0
PID101740,CRPF,Constable/GD,12.0,True,separated_hardship_posting,joint,0.117,counter_naxal_lwe,1.4,29,20.2,0.697,57.5,0.292,64.5,39.6,7.0,2.0,5.0,4.0,1.0,3.0,0,0.0,1.0,-1.0,0.372,0.103,0,44.6,1.365,0
PID101741,CRPF,Constable/GD,14.9,True,with_family,nuclear,0.0,peace_training_static,23.5,28,26.6,0.95,49.3,0.221,79.9,28.1,0.0,0.0,0.0,3.0,2.0,1.0,1,0.0,1.0,-1.0,0.296,-0.055,0,55.7,-0.617,0
PID101742,CRPF,Constable/GD,16.4,True,with_family,joint,0.0,peace_training_static,1.9,31,30.4,0.981,45.8,0.153,87.3,17.1,3.0,1.0,2.0,3.0,2.0,1.0,0,0.0,1.0,-1.0,0.147,0.076,1,20.3,0.05,0
PID101743,CRPF,Inspector+,16.1,True,with_family,nuclear,0.0,peace_training_static,1.0,29,26.6,0.917,48.2,0.063,95.1,14.4,0.0,0.0,0.0,2.0,2.0,0.0,2,2.0,3.0,-1.0,0.098,-0.178,0,49.2,-1.162,0
PID101744,CRPF,Head Constable,6.5,True,with_family,nuclear,0.0,counter_naxal_lwe,9.1,30,13.7,0.457,60.0,0.427,58.5,42.6,0.0,0.0,0.0,4.0,2.0,2.0,0,3.0,0.0,3.0,0.265,0.131,0,39.8,0.755,1
PID101745,CRPF,Head Constable,7.2,True,with_family,nuclear,0.0,counter_naxal_lwe,38.4,28,14.7,0.525,64.5,0.336,53.8,47.8,1.0,0.0,1.0,4.0,2.0,2.0,1,3.0,5.0,-2.0,0.106,0.016,0,31.7,0.48,0
PID101746,CRPF,Head Constable,2.9,True,with_family,joint,0.0,law_order_vip_duty,15.1,31,25.0,0.806,50.8,0.357,70.6,21.6,0.0,0.0,0.0,2.0,1.0,1.0,2,0.0,0.0,0.0,0.187,-0.071,0,7.1,-0.49,0
PID101747,CRPF,Constable/GD,9.8,True,with_family,nuclear,0.0,peace_training_static,6.4,28,27.2,0.971,39.8,0.136,96.8,7.7,0.0,1.0,-1.0,2.0,1.0,1.0,0,3.0,6.0,-3.0,0.812,0.059,0,46.8,-0.453,0
PID101748,CRPF,Constable/GD,6.9,True,with_family,joint,0.0,counter_naxal_lwe,6.4,29,20.3,0.7,65.7,0.384,45.7,53.5,0.0,0.0,0.0,3.0,1.0,2.0,0,1.0,0.0,1.0,0.531,0.075,0,29.9,0.293,0
PID101749,CRPF,Constable/GD,8.8,False,not_applicable_unmarried,n/a,0.0,counter_insurgency_jk_ne,10.8,28,15.4,0.55,57.9,0.35,73.5,45.0,0.0,2.0,-2.0,2.0,1.0,1.0,1,3.0,5.0,-2.0,0.576,0.049,0,34.3,-0.128,0
PID101750,CRPF,Head Constable,10.4,True,separated_hardship_posting,nuclear,2.92,counter_naxal_lwe,21.9,32,18.3,0.572,60.8,0.439,59.7,44.3,1.0,0.0,1.0,5.0,2.0,3.0,2,1.0,3.0,-2.0,0.384,0.044,0,61.0,0.719,1
PID101751,CRPF,Constable/GD,12.9,True,separated_hardship_posting,nuclear,4.76,counter_insurgency_jk_ne,35.7,31,18.2,0.587,59.1,0.274,70.6,41.1,2.0,1.0,1.0,4.0,2.0,2.0,2,6.0,1.0,5.0,0.375,0.191,0,39.5,0.933,1
PID101752,CRPF,ASI/SI,10.9,True,separated_hardship_posting,joint,0.117,law_order_vip_duty,1.4,31,28.1,0.906,46.2,0.304,82.3,17.5,0.0,0.0,0.0,2.0,2.0,0.0,2,0.0,2.0,-2.0,0.303,0.067,0,43.6,-0.409,0
PID101753,CRPF,ASI/SI,10.7,True,with_family,joint,0.0,counter_naxal_lwe,1.9,30,17.6,0.587,63.7,0.313,57.4,52.8,0.0,1.0,-1.0,3.0,1.0,2.0,0,2.0,1.0,1.0,0.28,0.146,1,69.3,0.489,0
PID101754,CRPF,Constable/GD,14.3,True,with_family,joint,0.0,law_order_vip_duty,6.6,32,25.2,0.788,49.6,0.198,75.0,29.3,1.0,1.0,0.0,2.0,2.0,0.0,1,7.0,2.0,5.0,0.254,-0.132,0,42.5,-0.865,0
PID101755,CRPF,Head Constable,11.6,True,separated_hardship_posting,joint,0.775,law_order_vip_duty,9.3,28,20.9,0.746,51.4,0.221,74.4,30.3,0.0,0.0,0.0,3.0,3.0,0.0,0,3.0,5.0,-2.0,0.219,-0.149,0,28.0,-0.866,0
PID101756,CRPF,Constable/GD,18.8,False,not_applicable_unmarried,n/a,0.0,counter_insurgency_jk_ne,16.1,30,17.3,0.577,62.6,0.355,51.9,46.1,2.0,2.0,0.0,3.0,2.0,1.0,2,0.0,0.0,0.0,0.287,0.065,0,59.0,0.197,0
PID101757,CRPF,Inspector+,11.6,True,separated_hardship_posting,joint,0.633,peace_training_static,7.6,28,20.9,0.746,48.6,0.1,88.6,13.5,1.0,0.0,1.0,2.0,2.0,0.0,0,5.0,1.0,4.0,0.128,-0.028,0,41.1,-0.348,0
PID101758,CRPF,ASI/SI,25.5,False,not_applicable_unmarried,n/a,0.0,counter_naxal_lwe,11.8,31,13.3,0.429,61.3,0.449,57.6,44.0,0.0,2.0,-2.0,1.0,2.0,-1.0,1,3.0,1.0,2.0,0.472,0.375,5,32.3,0.573,0
PID101759,CRPF,ASI/SI,6.3,True,with_family,nuclear,0.0,counter_naxal_lwe,22.3,32,18.1,0.566,61.6,0.43,49.8,42.7,1.0,0.0,1.0,4.0,2.0,2.0,0,0.0,0.0,0.0,0.188,0.041,0,26.5,0.504,0
PID101760,CRPF,Constable/GD,9.7,True,separated_hardship_posting,nuclear,2.667,counter_insurgency_jk_ne,20.0,31,18.8,0.606,47.8,0.302,75.6,25.5,0.0,0.0,0.0,2.0,1.0,1.0,1,4.0,8.0,-4.0,0.599,-0.028,0,35.7,-0.118,0
PID101761,CRPF,Constable/GD,8.0,True,separated_hardship_posting,nuclear,2.24,counter_insurgency_jk_ne,16.8,28,17.4,0.621,54.7,0.242,78.1,26.5,7.0,5.0,2.0,4.0,2.0,2.0,0,0.0,0.0,0.0,0.357,-0.02,0,54.2,0.409,0
PID101762,CRPF,Constable/GD,13.2,True,separated_hardship_posting,nuclear,0.133,counter_naxal_lwe,1.0,31,19.9,0.642,62.7,0.41,66.4,45.8,6.0,2.0,4.0,4.0,1.0,3.0,0,2.0,4.0,-2.0,0.107,0.019,1,31.6,1.025,1
PID101763,CRPF,Constable/GD,6.3,False,not_applicable_unmarried,n/a,0.0,peace_training_static,21.9,29,26.4,0.91,42.9,0.0,89.1,6.5,5.0,3.0,2.0,1.0,1.0,0.0,1,1.0,2.0,-1.0,0.844,0.146,0,42.5,0.133,0
PID101764,CRPF,Constable/GD,4.6,False,not_applicable_unmarried,n/a,0.0,counter_naxal_lwe,6.6,29,14.9,0.514,56.7,0.394,78.8,28.8,4.0,4.0,0.0,3.0,2.0,1.0,2,7.0,6.0,1.0,0.044,0.02,0,27.4,0.136,0
PID101765,CRPF,Constable/GD,7.1,True,separated_hardship_posting,joint,0.083,counter_naxal_lwe,1.0,30,15.9,0.53,63.9,0.301,55.9,49.8,3.0,0.0,3.0,4.0,2.0,2.0,0,0.0,1.0,-1.0,0.133,0.0,0,61.4,0.734,0
PID101766,CRPF,Inspector+,4.9,True,with_family,joint,0.0,peace_training_static,1.8,30,27.7,0.923,51.2,0.195,69.7,25.4,0.0,1.0,-1.0,2.0,2.0,0.0,0,0.0,1.0,-1.0,0.065,0.045,0,19.3,-0.651,0
PID101767,CRPF,Constable/GD,10.5,False,not_applicable_unmarried,n/a,0.0,peace_training_static,4.3,28,24.1,0.861,43.1,0.037,100.0,8.6,3.0,0.0,3.0,2.0,2.0,0.0,2,1.0,1.0,0.0,0.636,0.04,0,25.3,0.026,0
PID101768,CRPF,Constable/GD,12.9,True,separated_hardship_posting,joint,0.417,counter_insurgency_jk_ne,5.0,30,21.2,0.707,61.5,0.26,59.7,34.0,0.0,0.0,0.0,3.0,2.0,1.0,2,5.0,1.0,4.0,0.476,0.077,0,30.1,0.075,0
PID101769,CRPF,ASI/SI,4.2,True,with_family,nuclear,0.0,counter_naxal_lwe,10.3,28,15.4,0.55,64.9,0.376,66.7,41.3,0.0,1.0,-1.0,3.0,2.0,1.0,0,3.0,2.0,1.0,0.102,0.071,0,19.6,0.093,0
PID101770,CRPF,Head Constable,9.4,True,with_family,nuclear,0.0,counter_naxal_lwe,48.0,31,17.8,0.574,58.1,0.386,60.7,38.0,0.0,1.0,-1.0,3.0,3.0,0.0,0,3.0,4.0,-1.0,0.017,-0.033,0,47.9,-0.463,0
PID101771,CRPF,Head Constable,20.1,True,separated_hardship_posting,joint,0.233,counter_naxal_lwe,2.8,28,13.0,0.464,59.1,0.312,64.8,38.9,2.0,1.0,1.0,4.0,2.0,2.0,1,1.0,1.0,0.0,0.337,0.124,0,50.2,0.878,0
PID101772,CRPF,Head Constable,23.3,False,not_applicable_unmarried,n/a,0.0,counter_insurgency_jk_ne,14.5,32,22.4,0.7,65.2,0.28,53.2,45.4,3.0,3.0,0.0,3.0,1.0,2.0,0,3.0,1.0,2.0,0.469,0.074,0,49.7,0.288,0
PID101773,CRPF,ASI/SI,17.4,True,separated_hardship_posting,joint,1.308,law_order_vip_duty,15.7,32,28.3,0.884,47.5,0.277,88.3,25.7,2.0,5.0,-3.0,2.0,2.0,0.0,1,1.0,1.0,0.0,0.336,-0.048,0,50.3,-1.191,0
PID101774,CRPF,Head Constable,2.1,False,not_applicable_unmarried,n/a,0.0,counter_insurgency_jk_ne,25.5,31,14.5,0.468,55.6,0.36,75.3,38.1,0.0,2.0,-2.0,2.0,2.0,0.0,1,3.0,6.0,-3.0,0.273,0.053,0,17.7,-0.23,0
PID101775,CRPF,Constable/GD,12.2,True,with_family,nuclear,0.0,counter_insurgency_jk_ne,5.5,31,19.8,0.639,65.9,0.279,56.4,42.1,5.0,3.0,2.0,4.0,1.0,3.0,1,2.0,2.0,0.0,0.611,0.11,1,43.9,0.994,0
PID101776,CRPF,Head Constable,21.4,True,separated_hardship_posting,nuclear,1.507,law_order_vip_duty,11.3,30,22.2,0.74,49.7,0.184,81.5,34.8,2.0,0.0,2.0,4.0,2.0,2.0,2,4.0,7.0,-3.0,0.105,-0.06,0,60.7,0.144,0
PID101777,CRPF,Constable/GD,8.8,True,separated_hardship_posting,joint,0.242,counter_naxal_lwe,2.9,30,17.4,0.58,67.4,0.268,63.1,44.9,3.0,3.0,0.0,3.0,2.0,1.0,0,1.0,3.0,-2.0,0.301,0.216,3,34.9,0.648,0
PID101778,CRPF,Constable/GD,5.5,False,not_applicable_unmarried,n/a,0.0,counter_naxal_lwe,4.2,30,17.9,0.597,57.9,0.365,62.9,45.0,1.0,1.0,0.0,3.0,3.0,0.0,0,1.0,0.0,1.0,0.578,0.168,2,56.2,0.27,0
PID101779,CRPF,Constable/GD,20.5,True,with_family,nuclear,0.0,peace_training_static,3.1,32,22.1,0.691,46.6,0.169,94.2,11.8,2.0,1.0,1.0,2.0,2.0,0.0,2,1.0,0.0,1.0,0.174,0.092,0,37.6,0.08,0
PID101780,CRPF,Constable/GD,22.2,False,not_applicable_unmarried,n/a,0.0,counter_naxal_lwe,14.7,28,17.7,0.632,66.3,0.359,56.1,51.8,1.0,1.0,0.0,2.0,2.0,0.0,0,3.0,5.0,-2.0,0.233,0.05,2,38.1,-0.13,0
PID101781,CRPF,Head Constable,11.5,True,separated_hardship_posting,nuclear,3.44,counter_naxal_lwe,25.8,30,19.8,0.66,60.1,0.295,63.0,43.4,0.0,2.0,-2.0,3.0,3.0,0.0,0,3.0,1.0,2.0,0.131,0.072,0,21.9,-0.406,0
PID101782,CRPF,Constable/GD,5.5,True,with_family,nuclear,0.0,counter_naxal_lwe,9.2,30,20.2,0.673,62.4,0.457,47.6,42.2,2.0,2.0,0.0,4.0,3.0,1.0,0,0.0,0.0,0.0,0.145,0.014,1,32.8,-0.073,0
PID101783,CRPF,Constable/GD,3.8,False,not_applicable_unmarried,n/a,0.0,counter_insurgency_jk_ne,2.0,29,14.6,0.503,61.0,0.174,62.2,44.9,0.0,0.0,0.0,3.0,2.0,1.0,0,1.0,0.0,1.0,0.159,0.085,0,59.3,0.345,0
PID101784,CRPF,Constable/GD,13.9,False,not_applicable_unmarried,n/a,0.0,law_order_vip_duty,16.9,30,22.4,0.747,48.4,0.273,83.4,17.0,0.0,1.0,-1.0,3.0,2.0,1.0,2,0.0,0.0,0.0,0.187,0.133,0,30.4,0.043,0
PID101785,CRPF,ASI/SI,8.0,True,separated_hardship_posting,nuclear,2.16,counter_insurgency_jk_ne,16.2,30,16.4,0.547,67.0,0.313,59.2,45.5,2.0,1.0,1.0,4.0,2.0,2.0,1,0.0,0.0,0.0,0.387,0.211,0,68.4,1.039,0
PID101786,CRPF,Constable/GD,11.1,False,not_applicable_unmarried,n/a,0.0,counter_insurgency_jk_ne,1.1,28,11.1,0.396,62.2,0.328,67.4,37.7,0.0,0.0,0.0,2.0,1.0,1.0,0,0.0,2.0,-2.0,0.198,0.155,0,37.5,0.686,0
PID101787,CRPF,Head Constable,10.5,True,with_family,nuclear,0.0,counter_insurgency_jk_ne,30.6,30,16.1,0.537,56.6,0.253,68.2,29.7,1.0,0.0,1.0,4.0,2.0,2.0,0,6.0,0.0,6.0,0.254,0.165,0,60.2,0.914,0
PID101788,CRPF,ASI/SI,6.9,True,separated_hardship_posting,joint,0.55,counter_naxal_lwe,6.6,28,12.1,0.432,61.1,0.341,53.3,40.9,0.0,0.0,0.0,4.0,2.0,2.0,1,0.0,0.0,0.0,0.94,0.231,1,40.2,1.085,0
PID101789,CRPF,Constable/GD,3.7,False,not_applicable_unmarried,n/a,0.0,peace_training_static,1.0,29,27.1,0.934,53.6,0.138,76.5,18.0,1.0,0.0,1.0,2.0,3.0,-1.0,0,1.0,1.0,0.0,0.244,-0.041,0,5.3,-0.827,0
PID101790,CRPF,Head Constable,9.0,False,not_applicable_unmarried,n/a,0.0,peace_training_static,16.5,29,21.2,0.731,44.6,0.115,100.0,12.0,1.0,0.0,1.0,2.0,2.0,0.0,2,2.0,0.0,2.0,0.0,-0.04,0,29.1,-0.364,0
PID101791,CRPF,Constable/GD,12.5,True,with_family,nuclear,0.0,counter_insurgency_jk_ne,2.3,31,15.7,0.506,56.1,0.192,68.8,30.6,2.0,1.0,1.0,1.0,1.0,0.0,0,2.0,4.0,-2.0,0.0,-0.074,0,29.2,-0.195,0
PID101792,CRPF,Constable/GD,12.8,False,not_applicable_unmarried,n/a,0.0,counter_naxal_lwe,31.1,32,16.0,0.5,66.6,0.453,52.4,52.0,0.0,0.0,0.0,3.0,2.0,1.0,0,3.0,1.0,2.0,0.202,0.082,0,29.7,0.341,0
PID101793,CRPF,Head Constable,7.7,True,with_family,joint,0.0,law_order_vip_duty,2.1,28,23.3,0.832,46.4,0.259,68.1,27.4,2.0,2.0,0.0,2.0,2.0,0.0,0,1.0,0.0,1.0,0.713,0.118,0,21.2,-0.165,0
PID101794,CRPF,ASI/SI,21.9,False,not_applicable_unmarried,n/a,0.0,counter_naxal_lwe,9.7,29,24.3,0.838,61.7,0.352,58.9,51.9,1.0,0.0,1.0,5.0,3.0,2.0,0,3.0,3.0,0.0,0.271,0.038,0,25.2,0.168,0
PID101795,CRPF,Constable/GD,5.8,False,not_applicable_unmarried,n/a,0.0,counter_naxal_lwe,17.2,28,16.3,0.582,62.3,0.356,58.7,36.0,5.0,2.0,3.0,4.0,2.0,2.0,1,0.0,0.0,0.0,0.966,0.119,0,49.1,1.028,0
PID101796,CRPF,Head Constable,1.7,False,not_applicable_unmarried,n/a,0.0,peace_training_static,1.0,30,23.9,0.797,43.2,0.221,89.6,20.6,1.0,2.0,-1.0,2.0,2.0,0.0,0,3.0,6.0,-3.0,0.134,0.033,0,79.4,-0.533,0
PID101797,CRPF,Constable/GD,19.3,False,not_applicable_unmarried,n/a,0.0,counter_naxal_lwe,30.4,29,13.9,0.479,55.7,0.305,68.6,32.9,1.0,3.0,-2.0,2.0,2.0,0.0,0,5.0,3.0,2.0,0.61,0.069,0,43.1,-0.195,0
PID101798,CRPF,Head Constable,12.3,False,not_applicable_unmarried,n/a,0.0,counter_naxal_lwe,19.8,30,18.5,0.617,62.3,0.292,54.7,36.1,0.0,3.0,-3.0,2.0,1.0,1.0,0,4.0,2.0,2.0,0.254,0.001,0,34.8,-0.507,0
PID101799,CRPF,Head Constable,9.0,True,with_family,nuclear,0.0,counter_insurgency_jk_ne,1.0,28,12.8,0.457,60.8,0.351,59.1,44.1,8.0,6.0,2.0,3.0,1.0,2.0,0,3.0,2.0,1.0,0.792,0.182,1,2.9,1.217,0
PID101800,CRPF,Head Constable,14.9,True,with_family,nuclear,0.0,law_order_vip_duty,32.3,32,27.3,0.853,49.3,0.248,78.6,21.7,1.0,1.0,0.0,1.0,2.0,-1.0,1,2.0,1.0,1.0,0.204,0.155,0,69.7,-0.294,0
PID101801,CRPF,Head Constable,10.1,True,with_family,joint,0.0,law_order_vip_duty,3.6,32,24.8,0.775,47.3,0.159,79.6,21.6,1.0,1.0,0.0,3.0,4.0,-1.0,1,3.0,2.0,1.0,0.544,0.023,0,56.0,-0.595,0
PID101802,CRPF,Constable/GD,4.6,False,not_applicable_unmarried,n/a,0.0,counter_naxal_lwe,20.2,32,17.2,0.538,67.0,0.415,48.6,53.6,0.0,0.0,0.0,5.0,1.0,4.0,0,1.0,7.0,-6.0,0.92,0.039,0,33.1,0.805,0
PID101803,CRPF,Head Constable,5.6,True,with_family,nuclear,0.0,law_order_vip_duty,29.4,30,17.4,0.58,54.1,0.238,81.0,28.1,2.0,1.0,1.0,3.0,2.0,1.0,2,1.0,2.0,-1.0,0.393,-0.138,0,44.7,-0.264,0
PID101804,CRPF,Head Constable,9.7,False,not_applicable_unmarried,n/a,0.0,counter_naxal_lwe,10.1,31,19.8,0.639,60.6,0.296,61.8,37.3,5.0,7.0,-2.0,2.0,1.0,1.0,0,0.0,2.0,-2.0,0.248,0.059,0,32.9,-0.205,0
PID101805,CRPF,Head Constable,8.3,True,with_family,joint,0.0,peace_training_static,1.0,28,22.9,0.818,49.7,0.149,86.0,12.7,3.0,3.0,0.0,2.0,2.0,0.0,1,0.0,2.0,-2.0,0.265,-0.031,0,22.4,-0.598,0
PID101806,CRPF,Constable/GD,19.0,False,not_applicable_unmarried,n/a,0.0,counter_naxal_lwe,24.4,31,17.5,0.565,63.0,0.37,58.8,48.6,0.0,1.0,-1.0,2.0,1.0,1.0,1,2.0,1.0,1.0,0.588,0.02,1,34.0,-0.079,0
PID101807,CRPF,Constable/GD,8.1,True,separated_hardship_posting,joint,3.767,counter_naxal_lwe,45.2,31,16.6,0.535,69.2,0.345,46.7,50.9,0.0,5.0,-5.0,3.0,2.0,1.0,1,2.0,5.0,-3.0,0.514,0.247,1,52.9,0.026,0
PID101808,CRPF,Constable/GD,7.8,False,not_applicable_unmarried,n/a,0.0,counter_insurgency_jk_ne,6.0,31,13.8,0.445,60.7,0.323,62.3,42.3,0.0,0.0,0.0,3.0,3.0,0.0,1,3.0,0.0,3.0,0.22,0.1,1,45.5,0.247,0
PID101809,CRPF,Constable/GD,7.2,False,not_applicable_unmarried,n/a,0.0,counter_naxal_lwe,5.2,31,16.4,0.529,56.4,0.388,68.2,43.8,2.0,1.0,1.0,3.0,3.0,0.0,1,0.0,1.0,-1.0,0.608,0.164,2,36.7,0.494,0
PID101810,CRPF,Constable/GD,6.9,True,separated_hardship_posting,joint,0.183,law_order_vip_duty,2.2,28,17.4,0.621,49.4,0.275,89.1,19.8,1.0,0.0,1.0,3.0,2.0,1.0,0,4.0,8.0,-4.0,0.192,0.077,0,49.8,0.332,0
PID101811,CRPF,Constable/GD,7.0,True,with_family,nuclear,0.0,counter_naxal_lwe,17.5,30,14.5,0.483,59.6,0.356,59.6,44.3,0.0,0.0,0.0,3.0,2.0,1.0,0,0.0,0.0,0.0,0.7,0.024,0,35.2,0.187,0
PID101812,CRPF,Head Constable,5.1,True,with_family,nuclear,0.0,counter_insurgency_jk_ne,10.3,30,19.3,0.643,59.2,0.284,67.0,36.3,0.0,1.0,-1.0,3.0,3.0,0.0,0,0.0,0.0,0.0,0.172,0.028,0,58.7,-0.364,0
PID101813,CRPF,Constable/GD,12.6,False,not_applicable_unmarried,n/a,0.0,counter_naxal_lwe,1.5,30,18.6,0.62,60.8,0.364,68.0,38.4,0.0,1.0,-1.0,3.0,1.0,2.0,0,0.0,0.0,0.0,0.324,-0.009,0,24.3,-0.021,0
PID101814,CRPF,ASI/SI,10.6,False,not_applicable_unmarried,n/a,0.0,counter_insurgency_jk_ne,3.2,30,17.9,0.597,53.5,0.371,77.9,22.7,1.0,0.0,1.0,3.0,2.0,1.0,1,0.0,0.0,0.0,0.135,0.052,0,34.6,0.287,0
PID101815,CRPF,Constable/GD,10.3,True,with_family,nuclear,0.0,counter_naxal_lwe,4.0,31,14.4,0.465,64.4,0.388,53.7,48.0,0.0,1.0,-1.0,3.0,2.0,1.0,0,2.0,0.0,2.0,0.564,0.269,0,51.9,0.791,0
PID101816,CRPF,Head Constable,4.0,True,with_family,nuclear,0.0,counter_naxal_lwe,1.0,30,14.6,0.487,66.0,0.33,57.3,46.3,0.0,0.0,0.0,3.0,4.0,-1.0,0,2.0,1.0,1.0,0.67,0.166,2,50.8,0.182,0
PID101817,CRPF,Constable/GD,14.2,True,separated_hardship_posting,joint,0.717,counter_naxal_lwe,8.6,29,14.0,0.483,61.6,0.353,68.8,36.1,0.0,0.0,0.0,3.0,3.0,0.0,0,6.0,2.0,4.0,0.144,0.121,0,29.9,0.265,0
PID101818,CRPF,Constable/GD,15.0,True,with_family,joint,0.0,peace_training_static,1.1,31,21.5,0.694,46.8,0.22,86.8,6.7,5.0,1.0,4.0,3.0,3.0,0.0,0,1.0,2.0,-1.0,0.273,-0.022,0,26.9,0.196,0
PID101819,CRPF,Head Constable,24.8,False,not_applicable_unmarried,n/a,0.0,law_order_vip_duty,11.7,30,22.7,0.757,48.1,0.265,86.7,11.2,1.0,0.0,1.0,3.0,1.0,2.0,0,5.0,3.0,2.0,0.465,0.047,0,47.7,0.291,0
PID101820,CRPF,ASI/SI,14.6,True,separated_hardship_posting,nuclear,0.6,counter_naxal_lwe,4.5,28,10.4,0.371,59.9,0.359,70.8,47.3,2.0,2.0,0.0,3.0,2.0,1.0,1,1.0,0.0,1.0,0.264,0.12,2,61.5,0.61,0
PID101821,CRPF,Constable/GD,27.5,False,not_applicable_unmarried,n/a,0.0,counter_naxal_lwe,2.9,31,17.3,0.558,60.1,0.418,64.5,42.2,1.0,0.0,1.0,3.0,3.0,0.0,0,3.0,2.0,1.0,0.175,-0.055,0,53.5,-0.202,0
PID101822,CRPF,Constable/GD,7.6,False,not_applicable_unmarried,n/a,0.0,counter_naxal_lwe,7.2,30,12.1,0.403,64.2,0.317,61.6,36.7,0.0,0.0,0.0,3.0,3.0,0.0,1,0.0,1.0,-1.0,0.874,0.185,2,22.3,0.554,0
PID101823,CRPF,Head Constable,25.5,False,not_applicable_unmarried,n/a,0.0,counter_naxal_lwe,1.0,32,14.0,0.438,63.0,0.37,55.9,42.6,0.0,0.0,0.0,3.0,3.0,0.0,0,2.0,2.0,0.0,0.572,0.186,0,29.9,0.516,0
PID101824,CRPF,Head Constable,14.8,True,separated_hardship_posting,joint,0.225,counter_insurgency_jk_ne,2.7,29,19.4,0.669,56.7,0.413,63.6,38.6,0.0,1.0,-1.0,4.0,2.0,2.0,0,2.0,9.0,-7.0,0.507,0.115,0,23.7,0.296,0
PID101825,CRPF,Constable/GD,13.8,True,with_family,nuclear,0.0,counter_insurgency_jk_ne,1.6,32,19.3,0.603,56.5,0.339,67.2,37.5,1.0,2.0,-1.0,2.0,3.0,-1.0,0,2.0,2.0,0.0,0.376,0.104,0,61.2,-0.3,0
PID101826,CRPF,Constable/GD,10.2,False,not_applicable_unmarried,n/a,0.0,peace_training_static,22.9,30,21.3,0.71,38.1,0.217,98.5,5.7,3.0,3.0,0.0,1.0,1.0,0.0,1,6.0,2.0,4.0,0.093,-0.097,0,39.1,-0.666,0
PID101827,CRPF,Constable/GD,9.0,False,not_applicable_unmarried,n/a,0.0,law_order_vip_duty,20.8,32,22.3,0.697,58.4,0.215,72.2,42.3,0.0,2.0,-2.0,3.0,3.0,0.0,1,1.0,2.0,-1.0,0.042,-0.035,1,35.4,-0.774,0
PID101828,CRPF,ASI/SI,7.9,False,not_applicable_unmarried,n/a,0.0,counter_naxal_lwe,4.7,28,16.2,0.579,53.7,0.321,73.2,40.7,1.0,0.0,1.0,5.0,3.0,2.0,1,4.0,3.0,1.0,0.434,0.166,0,44.1,0.868,0
PID101829,CRPF,Constable/GD,26.0,True,separated_hardship_posting,nuclear,0.133,counter_naxal_lwe,1.0,28,13.5,0.482,63.7,0.42,51.2,51.0,0.0,1.0,-1.0,2.0,3.0,-1.0,0,1.0,3.0,-2.0,0.32,0.09,1,47.1,-0.194,0
PID101830,CRPF,Constable/GD,10.0,True,separated_hardship_posting,nuclear,1.893,counter_naxal_lwe,14.2,29,14.9,0.514,62.2,0.24,73.2,34.8,2.0,0.0,2.0,3.0,2.0,1.0,0,2.0,1.0,1.0,0.355,0.06,0,34.1,0.565,0
PID101831,CRPF,Inspector+,15.0,False,not_applicable_unmarried,n/a,0.0,counter_naxal_lwe,6.6,32,18.3,0.572,60.9,0.361,58.0,44.6,4.0,0.0,4.0,4.0,2.0,2.0,0,2.0,4.0,-2.0,0.336,0.029,1,44.2,0.924,0
PID101832,CRPF,Constable/GD,16.8,False,not_applicable_unmarried,n/a,0.0,counter_insurgency_jk_ne,4.0,30,18.1,0.603,58.0,0.362,64.0,31.6,1.0,0.0,1.0,2.0,3.0,-1.0,0,0.0,0.0,0.0,0.175,0.134,0,41.5,0.1,0
PID101833,CRPF,Constable/GD,16.6,True,with_family,joint,0.0,counter_naxal_lwe,2.2,31,14.1,0.455,59.3,0.384,71.3,43.4,0.0,0.0,0.0,4.0,2.0,2.0,1,2.0,3.0,-1.0,0.114,0.033,0,64.6,0.46,0
PID101834,CRPF,Constable/GD,12.6,False,not_applicable_unmarried,n/a,0.0,counter_naxal_lwe,3.4,28,15.5,0.554,64.6,0.224,69.3,40.4,0.0,0.0,0.0,1.0,1.0,0.0,2,3.0,3.0,0.0,0.589,0.139,1,40.5,0.235,0
PID101835,CRPF,Constable/GD,25.3,True,with_family,nuclear,0.0,counter_naxal_lwe,30.7,29,15.1,0.521,56.7,0.269,65.8,27.7,2.0,2.0,0.0,2.0,1.0,1.0,1,1.0,4.0,-3.0,0.397,-0.037,0,46.1,-0.042,0
PID101836,CRPF,Constable/GD,14.3,True,with_family,nuclear,0.0,law_order_vip_duty,10.6,29,26.9,0.928,53.3,0.213,70.4,24.5,0.0,0.0,0.0,2.0,2.0,0.0,1,0.0,1.0,-1.0,0.654,0.047,1,30.5,-0.494,0
PID101837,CRPF,Constable/GD,7.8,True,with_family,nuclear,0.0,counter_naxal_lwe,8.0,32,17.3,0.541,59.3,0.378,62.4,43.3,1.0,0.0,1.0,4.0,2.0,2.0,1,2.0,7.0,-5.0,0.514,0.161,1,30.7,0.896,0
PID101838,CRPF,Head Constable,9.2,True,with_family,nuclear,0.0,peace_training_static,9.3,28,25.6,0.914,44.3,0.151,85.8,4.2,1.0,4.0,-3.0,1.0,1.0,0.0,0,0.0,0.0,0.0,0.176,0.025,0,46.9,-1.008,0
PID101839,CRPF,Head Constable,4.2,True,with_family,nuclear,0.0,counter_insurgency_jk_ne,1.0,32,20.0,0.625,56.4,0.3,61.2,31.0,0.0,1.0,-1.0,1.0,3.0,-2.0,0,1.0,1.0,0.0,0.265,0.131,1,26.3,-0.456,0
PID101840,CRPF,Constable/GD,13.4,True,separated_hardship_posting,nuclear,2.84,counter_naxal_lwe,21.3,29,15.0,0.517,61.3,0.394,56.3,42.2,2.0,3.0,-1.0,2.0,3.0,-1.0,1,0.0,2.0,-2.0,0.598,0.276,4,45.0,0.324,0
PID101841,CRPF,Head Constable,15.6,True,with_family,nuclear,0.0,counter_insurgency_jk_ne,6.1,31,16.4,0.529,60.0,0.326,48.5,48.0,1.0,1.0,0.0,3.0,2.0,1.0,1,3.0,2.0,1.0,0.338,-0.156,0,36.4,-0.412,0
PID101842,CRPF,Constable/GD,16.4,True,separated_hardship_posting,joint,1.483,counter_insurgency_jk_ne,17.8,29,18.8,0.648,57.9,0.292,74.1,42.1,1.0,0.0,1.0,5.0,3.0,2.0,0,1.0,2.0,-1.0,0.254,0.055,0,49.2,0.448,0
PID101843,CRPF,ASI/SI,14.8,True,separated_hardship_posting,nuclear,0.693,counter_insurgency_jk_ne,5.2,28,18.2,0.65,61.7,0.332,67.9,42.1,5.0,0.0,5.0,3.0,2.0,1.0,1,0.0,0.0,0.0,0.298,0.024,0,10.7,0.756,1
PID101844,CRPF,Constable/GD,10.2,True,separated_hardship_posting,nuclear,0.947,counter_insurgency_jk_ne,7.1,31,24.8,0.8,62.2,0.261,73.6,21.3,4.0,1.0,3.0,4.0,2.0,2.0,1,1.0,0.0,1.0,0.25,0.076,0,61.7,0.637,0
PID101845,CRPF,Head Constable,11.3,False,not_applicable_unmarried,n/a,0.0,counter_naxal_lwe,7.2,28,17.6,0.629,63.2,0.388,61.1,39.5,1.0,1.0,0.0,4.0,3.0,1.0,1,0.0,0.0,0.0,0.565,0.146,0,15.3,0.378,0
PID101846,CRPF,Constable/GD,11.3,True,separated_hardship_posting,joint,0.083,counter_naxal_lwe,1.0,28,17.7,0.632,64.7,0.299,58.2,62.2,1.0,1.0,0.0,4.0,1.0,3.0,1,0.0,2.0,-2.0,0.144,0.059,0,66.9,0.538,0
PID101847,CRPF,Head Constable,19.1,True,with_family,nuclear,0.0,counter_naxal_lwe,4.5,32,19.8,0.619,70.1,0.379,57.9,53.5,6.0,3.0,3.0,3.0,2.0,1.0,1,1.0,1.0,0.0,0.285,0.138,0,41.1,0.829,0
PID101848,CRPF,Constable/GD,3.1,True,separated_hardship_posting,joint,0.083,law_order_vip_duty,1.0,29,19.7,0.679,46.3,0.248,78.9,6.1,3.0,4.0,-1.0,2.0,3.0,-1.0,0,2.0,0.0,2.0,0.262,-0.056,0,47.7,-0.875,0
PID101849,CRPF,Head Constable,8.6,False,not_applicable_unmarried,n/a,0.0,law_order_vip_duty,39.5,32,20.2,0.631,56.3,0.202,66.0,43.1,0.0,2.0,-2.0,2.0,2.0,0.0,1,1.0,0.0,1.0,0.189,0.125,1,39.3,-0.209,0
PID101850,CRPF,Constable/GD,6.1,False,not_applicable_unmarried,n/a,0.0,law_order_vip_duty,6.4,29,18.7,0.645,58.2,0.258,68.8,27.5,1.0,0.0,1.0,3.0,2.0,1.0,1,1.0,2.0,-1.0,0.15,0.092,1,41.2,0.349,0
PID101851,CRPF,ASI/SI,30.7,False,not_applicable_unmarried,n/a,0.0,peace_training_static,15.7,29,28.2,0.972,47.7,0.213,85.5,20.8,3.0,2.0,1.0,3.0,2.0,1.0,1,0.0,0.0,0.0,0.0,-0.053,0,25.7,-0.482,0
PID101852,CRPF,Constable/GD,21.1,False,not_applicable_unmarried,n/a,0.0,counter_insurgency_jk_ne,13.6,30,22.3,0.743,65.6,0.239,57.4,38.3,1.0,0.0,1.0,4.0,2.0,2.0,1,2.0,2.0,0.0,0.325,0.015,1,49.3,0.212,0
PID101853,CRPF,Head Constable,8.9,True,with_family,nuclear,0.0,peace_training_static,7.8,29,28.3,0.976,53.1,0.177,72.2,36.7,1.0,0.0,1.0,4.0,2.0,2.0,0,0.0,0.0,0.0,0.493,-0.079,0,46.7,-0.353,0
PID101854,CRPF,ASI/SI,4.7,False,not_applicable_unmarried,n/a,0.0,counter_insurgency_jk_ne,17.5,32,18.7,0.584,56.7,0.365,64.5,29.8,5.0,5.0,0.0,2.0,3.0,-1.0,4,3.0,1.0,2.0,0.2,-0.103,0,46.4,-0.746,0
PID101855,CRPF,Inspector+,5.6,True,separated_hardship_posting,joint,1.583,counter_insurgency_jk_ne,19.0,31,23.6,0.761,57.0,0.288,72.3,30.0,3.0,3.0,0.0,3.0,2.0,1.0,2,0.0,1.0,-1.0,0.328,0.094,0,62.5,0.063,0
PID101856,CRPF,Constable/GD,18.9,False,not_applicable_unmarried,n/a,0.0,law_order_vip_duty,11.0,31,21.9,0.706,54.1,0.268,72.9,34.5,2.0,1.0,1.0,4.0,3.0,1.0,1,4.0,2.0,2.0,0.293,0.095,0,19.0,0.284,0
PID101857,CRPF,Constable/GD,4.1,False,not_applicable_unmarried,n/a,0.0,counter_naxal_lwe,1.6,28,12.0,0.429,59.5,0.335,81.0,32.0,0.0,0.0,0.0,4.0,1.0,3.0,0,3.0,1.0,2.0,0.379,0.012,0,41.2,0.642,0
PID101858,CRPF,Constable/GD,11.4,False,not_applicable_unmarried,n/a,0.0,counter_naxal_lwe,5.7,29,16.7,0.576,72.8,0.425,46.1,62.2,3.0,1.0,2.0,3.0,1.0,2.0,0,0.0,0.0,0.0,0.405,0.294,3,17.7,1.409,0
PID101859,CRPF,Constable/GD,17.3,True,separated_hardship_posting,nuclear,0.493,counter_insurgency_jk_ne,3.7,30,21.9,0.73,61.2,0.136,75.7,36.0,3.0,1.0,2.0,4.0,2.0,2.0,1,5.0,3.0,2.0,0.217,-0.092,0,57.5,0.061,0
PID101860,CRPF,Head Constable,5.2,True,with_family,joint,0.0,counter_naxal_lwe,36.5,30,14.0,0.467,62.2,0.437,49.4,49.4,3.0,1.0,2.0,3.0,2.0,1.0,0,3.0,1.0,2.0,0.613,0.239,4,51.0,1.162,0
PID101861,CRPF,Inspector+,11.3,True,with_family,nuclear,0.0,counter_naxal_lwe,1.6,32,12.5,0.391,56.4,0.283,74.2,26.2,1.0,1.0,0.0,4.0,3.0,1.0,1,1.0,1.0,0.0,0.125,-0.005,0,36.5,0.21,0
PID101862,CRPF,Inspector+,8.9,True,separated_hardship_posting,nuclear,1.507,law_order_vip_duty,11.3,31,23.4,0.755,53.0,0.225,73.9,22.6,5.0,3.0,2.0,3.0,2.0,1.0,0,1.0,1.0,0.0,0.509,0.002,0,53.3,0.1,0
PID101863,CRPF,Constable/GD,8.3,False,not_applicable_unmarried,n/a,0.0,counter_insurgency_jk_ne,18.6,29,19.7,0.679,53.3,0.251,75.3,25.4,0.0,1.0,-1.0,4.0,3.0,1.0,1,5.0,4.0,1.0,0.069,-0.01,0,47.5,-0.306,0
PID101864,CRPF,Head Constable,7.5,False,not_applicable_unmarried,n/a,0.0,counter_naxal_lwe,4.0,30,7.6,0.253,65.0,0.44,65.0,50.5,2.0,0.0,2.0,3.0,2.0,1.0,1,0.0,2.0,-2.0,0.35,0.063,1,17.7,0.89,0
PID101865,CRPF,ASI/SI,18.1,True,separated_hardship_posting,joint,0.083,counter_naxal_lwe,1.0,31,20.0,0.645,52.0,0.336,71.1,33.6,1.0,2.0,-1.0,2.0,3.0,-1.0,0,3.0,3.0,0.0,0.256,-0.003,0,49.9,-0.672,0
PID101866,CRPF,ASI/SI,23.5,False,not_applicable_unmarried,n/a,0.0,peace_training_static,4.0,30,22.9,0.763,51.5,0.087,76.0,21.4,0.0,1.0,-1.0,3.0,3.0,0.0,0,2.0,1.0,1.0,0.101,-0.009,0,27.2,-0.62,0
PID101867,CRPF,Constable/GD,9.8,True,with_family,nuclear,0.0,peace_training_static,6.0,30,29.2,0.973,44.3,0.187,80.9,18.3,1.0,1.0,0.0,3.0,1.0,2.0,1,1.0,1.0,0.0,0.0,-0.047,0,42.4,-0.405,0
PID101868,CRPF,Constable/GD,13.8,True,with_family,joint,0.0,law_order_vip_duty,2.6,31,17.3,0.558,45.2,0.264,84.8,9.1,0.0,1.0,-1.0,1.0,2.0,-1.0,2,0.0,0.0,0.0,0.082,-0.042,0,54.1,-0.684,0
PID101869,CRPF,ASI/SI,11.5,True,separated_hardship_posting,joint,0.525,counter_naxal_lwe,6.3,29,11.5,0.397,61.9,0.33,63.4,42.9,1.0,1.0,0.0,3.0,3.0,0.0,0,2.0,3.0,-1.0,0.368,0.249,1,40.7,0.756,0
PID101870,CRPF,Constable/GD,3.4,True,separated_hardship_posting,nuclear,1.667,counter_naxal_lwe,12.5,28,17.3,0.618,62.1,0.291,64.5,39.9,1.0,2.0,-1.0,3.0,3.0,0.0,1,1.0,1.0,0.0,0.198,0.061,1,39.0,-0.233,0
PID101871,CRPF,Constable/GD,9.5,False,not_applicable_unmarried,n/a,0.0,counter_naxal_lwe,17.8,30,20.1,0.67,61.7,0.282,57.1,43.9,2.0,3.0,-1.0,3.0,2.0,1.0,0,5.0,2.0,3.0,0.229,0.029,1,61.3,-0.178,0
PID101872,CRPF,Inspector+,3.0,False,not_applicable_unmarried,n/a,0.0,law_order_vip_duty,1.0,29,21.7,0.748,57.5,0.297,81.0,35.3,1.0,1.0,0.0,2.0,2.0,0.0,0,1.0,4.0,-3.0,0.0,-0.046,0,42.7,-0.559,0
PID101873,CRPF,Inspector+,8.5,False,not_applicable_unmarried,n/a,0.0,counter_insurgency_jk_ne,12.1,30,25.2,0.84,59.5,0.325,74.3,30.9,1.0,2.0,-1.0,2.0,3.0,-1.0,0,2.0,2.0,0.0,0.132,-0.063,0,36.1,-1.089,0
PID101874,CRPF,ASI/SI,11.2,True,with_family,nuclear,0.0,law_order_vip_duty,7.7,32,20.9,0.653,55.2,0.23,74.9,28.2,0.0,2.0,-2.0,2.0,2.0,0.0,0,0.0,3.0,-3.0,0.06,-0.009,0,16.3,-0.639,0
PID101875,CRPF,Head Constable,16.6,True,with_family,joint,0.0,counter_naxal_lwe,9.8,31,13.9,0.448,61.0,0.38,52.6,51.4,1.0,0.0,1.0,4.0,2.0,2.0,0,11.0,4.0,7.0,0.353,0.167,1,40.4,1.027,1
PID101876,CRPF,Constable/GD,13.2,True,with_family,nuclear,0.0,peace_training_static,4.9,31,27.0,0.871,47.7,0.003,100.0,9.5,1.0,0.0,1.0,2.0,2.0,0.0,0,1.0,1.0,0.0,0.133,-0.079,0,50.5,-0.654,0
PID101877,CRPF,Constable/GD,18.3,True,separated_hardship_posting,joint,3.042,counter_insurgency_jk_ne,36.5,30,17.0,0.567,52.8,0.281,81.5,25.6,1.0,0.0,1.0,3.0,2.0,1.0,0,1.0,1.0,0.0,0.0,-0.037,0,62.4,0.054,0
PID101878,CRPF,Constable/GD,6.7,True,separated_hardship_posting,nuclear,0.133,counter_insurgency_jk_ne,1.0,32,20.1,0.628,59.0,0.282,68.4,29.7,1.0,2.0,-1.0,3.0,1.0,2.0,2,1.0,3.0,-2.0,0.018,-0.064,0,16.5,-0.196,0
PID101879,CRPF,Head Constable,21.9,True,separated_hardship_posting,nuclear,0.387,counter_insurgency_jk_ne,2.9,32,17.0,0.531,55.0,0.359,76.3,34.8,1.0,1.0,0.0,4.0,2.0,2.0,0,1.0,0.0,1.0,0.634,0.188,2,46.7,0.837,1
PID101880,CRPF,Constable/GD,23.5,False,not_applicable_unmarried,n/a,0.0,law_order_vip_duty,4.4,31,25.0,0.806,57.3,0.132,72.7,21.5,0.0,0.0,0.0,2.0,1.0,1.0,1,2.0,4.0,-2.0,0.372,0.109,1,50.3,0.051,0
PID101881,CRPF,Head Constable,2.9,True,with_family,nuclear,0.0,peace_training_static,8.7,28,26.8,0.957,46.3,0.183,80.0,16.0,3.0,4.0,-1.0,1.0,1.0,0.0,1,0.0,0.0,0.0,0.187,0.001,0,33.7,-0.824,0
PID101882,CRPF,Constable/GD,3.9,False,not_applicable_unmarried,n/a,0.0,counter_insurgency_jk_ne,35.3,29,22.2,0.766,60.7,0.408,61.9,40.5,0.0,0.0,0.0,3.0,1.0,2.0,0,4.0,5.0,-1.0,0.139,0.053,0,64.9,0.145,0
PID101883,CRPF,Head Constable,11.0,True,separated_hardship_posting,nuclear,0.347,peace_training_static,2.6,32,27.3,0.853,47.0,0.017,82.3,14.1,0.0,2.0,-2.0,2.0,1.0,1.0,1,0.0,0.0,0.0,0.619,0.12,0,27.4,-0.28,0
PID101884,CRPF,Constable/GD,8.1,True,with_family,nuclear,0.0,counter_insurgency_jk_ne,6.8,28,17.8,0.636,65.2,0.301,53.6,43.4,2.0,0.0,2.0,5.0,2.0,3.0,1,4.0,4.0,0.0,0.743,0.157,2,67.5,1.139,0
PID101885,CRPF,Constable/GD,8.9,False,not_applicable_unmarried,n/a,0.0,counter_naxal_lwe,14.6,30,18.3,0.61,55.8,0.38,70.7,33.2,0.0,0.0,0.0,3.0,3.0,0.0,0,7.0,5.0,2.0,0.065,-0.031,0,42.1,-0.346,0
PID101886,CRPF,Constable/GD,13.1,False,not_applicable_unmarried,n/a,0.0,counter_naxal_lwe,1.0,31,17.0,0.548,61.5,0.402,61.7,39.1,0.0,0.0,0.0,4.0,3.0,1.0,0,1.0,0.0,1.0,0.382,0.118,0,51.6,0.39,0
PID101887,CRPF,Constable/GD,18.7,False,not_applicable_unmarried,n/a,0.0,counter_naxal_lwe,8.1,29,15.3,0.528,58.2,0.22,62.9,33.2,1.0,1.0,0.0,3.0,3.0,0.0,1,2.0,4.0,-2.0,0.299,0.04,0,33.9,-0.033,0
PID101888,CRPF,ASI/SI,6.5,False,not_applicable_unmarried,n/a,0.0,peace_training_static,19.9,31,21.7,0.7,37.8,0.14,91.9,7.3,1.0,0.0,1.0,1.0,2.0,-1.0,0,3.0,0.0,3.0,0.792,0.071,0,17.0,-0.206,0
PID101889,CRPF,Constable/GD,20.4,True,with_family,nuclear,0.0,counter_naxal_lwe,18.4,28,15.7,0.561,57.9,0.337,58.8,37.0,2.0,2.0,0.0,2.0,1.0,1.0,1,2.0,4.0,-2.0,0.113,-0.114,0,38.5,-0.325,0
PID101890,CRPF,Constable/GD,7.4,False,not_applicable_unmarried,n/a,0.0,counter_naxal_lwe,6.2,29,17.7,0.61,66.7,0.333,54.4,47.1,1.0,0.0,1.0,3.0,2.0,1.0,1,3.0,4.0,-1.0,0.151,-0.113,0,49.7,-0.225,0
PID101891,CRPF,Head Constable,33.0,False,not_applicable_unmarried,n/a,0.0,counter_naxal_lwe,20.7,29,15.8,0.545,61.9,0.474,53.4,49.1,5.0,2.0,3.0,5.0,2.0,3.0,0,0.0,0.0,0.0,0.197,0.177,1,31.9,1.463,1
PID101892,CRPF,Head Constable,22.0,True,with_family,nuclear,0.0,law_order_vip_duty,1.9,28,18.7,0.668,51.1,0.207,85.5,26.2,0.0,1.0,-1.0,3.0,2.0,1.0,3,2.0,1.0,1.0,0.056,0.019,0,35.8,-0.208,0
PID101893,CRPF,Constable/GD,7.8,True,with_family,nuclear,0.0,peace_training_static,1.0,30,22.0,0.733,49.1,0.147,83.2,21.6,2.0,2.0,0.0,2.0,2.0,0.0,0,5.0,7.0,-2.0,0.214,0.042,0,41.2,-0.275,0
PID101894,CRPF,Constable/GD,4.8,True,with_family,joint,0.0,peace_training_static,5.3,30,28.4,0.947,46.5,0.113,86.9,6.8,3.0,2.0,1.0,1.0,1.0,0.0,0,4.0,5.0,-1.0,0.386,-0.07,0,17.2,-0.719,0
PID101895,CRPF,Constable/GD,7.7,False,not_applicable_unmarried,n/a,0.0,counter_naxal_lwe,1.1,32,17.7,0.553,64.5,0.364,56.1,50.8,0.0,0.0,0.0,5.0,3.0,2.0,0,2.0,2.0,0.0,0.136,0.031,0,35.7,0.337,0
PID101896,CRPF,Head Constable,7.1,False,not_applicable_unmarried,n/a,0.0,counter_insurgency_jk_ne,6.3,30,22.2,0.74,59.3,0.333,55.1,47.8,2.0,3.0,-1.0,3.0,1.0,2.0,0,2.0,4.0,-2.0,0.244,0.025,0,43.2,-0.063,0
PID101897,CRPF,Constable/GD,15.5,False,not_applicable_unmarried,n/a,0.0,counter_naxal_lwe,3.7,31,12.7,0.41,64.2,0.404,56.6,51.2,8.0,2.0,6.0,4.0,1.0,3.0,0,0.0,0.0,0.0,0.358,0.062,0,32.1,1.744,0
PID101898,CRPF,Constable/GD,2.9,True,with_family,nuclear,0.0,peace_training_static,36.5,28,23.8,0.85,44.2,0.073,95.4,0.0,0.0,0.0,0.0,2.0,2.0,0.0,1,3.0,3.0,0.0,0.0,-0.068,0,58.6,-0.749,0
PID101899,CRPF,Constable/GD,3.9,True,separated_hardship_posting,nuclear,0.253,counter_naxal_lwe,1.9,28,11.4,0.407,66.2,0.359,58.2,49.3,2.0,0.0,2.0,3.0,1.0,2.0,0,3.0,1.0,2.0,0.481,0.262,0,43.4,1.519,0
PID101900,CRPF,Head Constable,15.2,True,with_family,nuclear,0.0,peace_training_static,5.5,29,29.0,1.0,41.2,0.131,97.6,12.7,0.0,0.0,0.0,3.0,3.0,0.0,1,2.0,2.0,0.0,0.452,-0.03,0,8.0,-0.815,0
PID101901,CRPF,Constable/GD,6.9,True,with_family,nuclear,0.0,peace_training_static,12.4,29,29.0,1.0,45.7,0.021,97.3,4.9,1.0,2.0,-1.0,1.0,2.0,-1.0,0,3.0,3.0,0.0,0.071,-0.045,0,32.3,-1.229,0
PID101902,CRPF,ASI/SI,8.6,True,with_family,joint,0.0,law_order_vip_duty,4.7,32,29.8,0.931,56.4,0.163,88.6,39.0,0.0,0.0,0.0,2.0,1.0,1.0,0,5.0,0.0,5.0,0.0,-0.063,0,29.6,-0.616,0
PID101903,CRPF,Constable/GD,17.3,True,separated_hardship_posting,joint,2.075,law_order_vip_duty,24.9,30,24.1,0.803,51.4,0.273,69.8,16.5,1.0,0.0,1.0,3.0,2.0,1.0,0,5.0,3.0,2.0,0.041,-0.046,0,27.2,-0.257,0
PID101904,CRPF,Head Constable,19.2,True,with_family,joint,0.0,counter_naxal_lwe,26.1,30,18.9,0.63,60.3,0.322,66.2,39.6,0.0,1.0,-1.0,2.0,2.0,0.0,0,1.0,0.0,1.0,0.346,0.077,0,63.1,-0.2,0
PID101905,CRPF,Constable/GD,21.5,True,separated_hardship_posting,nuclear,0.867,counter_naxal_lwe,6.5,32,18.9,0.591,71.2,0.507,47.5,63.9,5.0,0.0,5.0,5.0,3.0,2.0,0,0.0,0.0,0.0,0.41,0.244,1,49.4,1.703,1
PID101906,CRPF,Constable/GD,16.5,False,not_applicable_unmarried,n/a,0.0,counter_insurgency_jk_ne,1.7,32,20.9,0.653,63.7,0.358,57.7,46.4,0.0,0.0,0.0,3.0,1.0,2.0,0,1.0,0.0,1.0,0.107,-0.014,0,34.3,0.08,0
PID101907,CRPF,Constable/GD,10.0,True,with_family,nuclear,0.0,counter_naxal_lwe,27.2,31,17.2,0.555,62.6,0.377,56.3,46.1,1.0,0.0,1.0,3.0,3.0,0.0,1,0.0,1.0,-1.0,0.229,0.134,0,32.9,0.371,0
PID101908,CRPF,ASI/SI,9.5,True,separated_hardship_posting,joint,0.492,law_order_vip_duty,5.9,30,24.4,0.813,48.1,0.311,81.6,17.0,0.0,0.0,0.0,3.0,2.0,1.0,0,0.0,0.0,0.0,0.265,0.149,0,35.2,0.164,0
PID101909,CRPF,ASI/SI,8.9,True,separated_hardship_posting,joint,0.933,counter_insurgency_jk_ne,11.2,29,23.8,0.821,49.9,0.346,77.7,23.2,6.0,1.0,5.0,4.0,3.0,1.0,1,4.0,2.0,2.0,0.258,-0.065,0,31.2,0.28,0
PID101910,CRPF,Constable/GD,5.3,False,not_applicable_unmarried,n/a,0.0,peace_training_static,2.9,28,25.9,0.925,48.8,0.131,78.8,21.1,1.0,2.0,-1.0,2.0,1.0,1.0,0,4.0,7.0,-3.0,0.255,0.031,0,29.5,-0.482,0
PID101911,CRPF,Constable/GD,6.4,False,not_applicable_unmarried,n/a,0.0,peace_training_static,32.3,28,25.3,0.904,51.1,0.035,75.6,7.9,0.0,0.0,0.0,1.0,2.0,-1.0,0,0.0,2.0,-2.0,0.093,-0.024,0,47.6,-0.894,0
PID101912,CRPF,ASI/SI,20.0,True,with_family,joint,0.0,counter_naxal_lwe,9.0,32,18.2,0.569,63.6,0.39,55.5,51.5,5.0,1.0,4.0,4.0,2.0,2.0,1,1.0,1.0,0.0,0.643,0.145,1,9.0,1.278,0
PID101913,CRPF,Constable/GD,7.3,False,not_applicable_unmarried,n/a,0.0,counter_naxal_lwe,48.0,28,15.0,0.536,55.2,0.434,61.9,37.5,0.0,0.0,0.0,3.0,2.0,1.0,0,1.0,1.0,0.0,0.225,0.15,1,47.8,0.501,0
PID101914,CRPF,Constable/GD,5.3,False,not_applicable_unmarried,n/a,0.0,counter_insurgency_jk_ne,1.3,30,18.7,0.623,58.6,0.264,72.6,36.6,0.0,0.0,0.0,2.0,1.0,1.0,0,3.0,7.0,-4.0,0.369,0.075,1,17.1,0.17,0
PID101915,CRPF,Constable/GD,20.9,True,with_family,joint,0.0,counter_naxal_lwe,4.7,30,16.0,0.533,60.1,0.24,62.7,41.3,2.0,2.0,0.0,3.0,2.0,1.0,1,0.0,0.0,0.0,0.462,0.151,1,47.7,0.509,0
PID101916,CRPF,Head Constable,12.7,True,with_family,nuclear,0.0,law_order_vip_duty,18.8,30,25.9,0.863,52.6,0.156,78.8,41.5,0.0,0.0,0.0,2.0,1.0,1.0,0,0.0,0.0,0.0,0.227,-0.087,0,56.0,-0.607,0
PID101917,CRPF,Head Constable,2.4,True,with_family,nuclear,0.0,law_order_vip_duty,1.2,28,24.1,0.861,59.8,0.326,54.9,48.3,9.0,6.0,3.0,4.0,2.0,2.0,0,6.0,3.0,3.0,0.419,-0.019,0,24.4,0.276,0
PID101918,CRPF,Head Constable,26.3,True,separated_hardship_posting,nuclear,0.133,law_order_vip_duty,1.0,30,29.0,0.967,55.2,0.225,65.0,25.0,0.0,0.0,0.0,2.0,3.0,-1.0,0,0.0,2.0,-2.0,0.435,0.074,0,29.0,-0.676,0
PID101919,CRPF,Inspector+,24.8,True,with_family,joint,0.0,counter_insurgency_jk_ne,11.2,29,17.3,0.597,60.3,0.388,57.5,53.8,0.0,2.0,-2.0,3.0,2.0,1.0,2,0.0,1.0,-1.0,0.398,0.074,0,54.6,-0.11,0
PID101920,CRPF,Constable/GD,5.6,True,with_family,nuclear,0.0,peace_training_static,1.1,29,27.0,0.931,45.8,0.121,87.3,0.0,5.0,4.0,1.0,2.0,2.0,0.0,2,1.0,0.0,1.0,0.11,0.024,0,35.3,-0.413,0
PID101921,CRPF,Constable/GD,10.6,True,separated_hardship_posting,nuclear,2.373,law_order_vip_duty,17.8,32,24.7,0.772,53.7,0.19,72.4,24.4,2.0,0.0,2.0,3.0,3.0,0.0,0,2.0,0.0,2.0,0.601,0.078,0,28.3,0.093,0
PID101922,CRPF,Constable/GD,6.1,True,with_family,nuclear,0.0,peace_training_static,27.3,30,27.6,0.92,43.1,0.248,87.5,14.6,1.0,1.0,0.0,2.0,2.0,0.0,0,2.0,2.0,0.0,0.36,0.058,0,29.1,-0.454,0
PID101923,CRPF,Constable/GD,6.0,True,with_family,joint,0.0,peace_training_static,8.1,30,30.0,1.0,48.2,0.098,76.9,15.5,2.0,1.0,1.0,2.0,3.0,-1.0,1,0.0,1.0,-1.0,0.237,-0.044,0,76.2,-0.916,0
PID101924,CRPF,Constable/GD,8.8,True,separated_hardship_posting,joint,0.117,law_order_vip_duty,1.4,28,16.1,0.575,51.2,0.205,78.2,24.5,0.0,0.0,0.0,2.0,2.0,0.0,1,3.0,7.0,-4.0,0.207,-0.018,0,32.6,-0.265,0
PID101925,CRPF,Constable/GD,15.7,True,separated_hardship_posting,nuclear,0.933,counter_naxal_lwe,7.0,32,19.0,0.594,58.7,0.378,63.1,38.8,2.0,1.0,1.0,4.0,3.0,1.0,0,0.0,0.0,0.0,0.486,0.093,0,47.6,0.414,0
PID101926,CRPF,Constable/GD,15.8,True,with_family,joint,0.0,peace_training_static,11.2,30,30.0,1.0,49.3,0.103,77.0,24.8,2.0,1.0,1.0,4.0,3.0,1.0,0,1.0,3.0,-2.0,0.101,-0.065,0,49.8,-0.551,0
PID101927,CRPF,Head Constable,14.7,True,separated_hardship_posting,nuclear,4.547,counter_naxal_lwe,34.1,31,21.1,0.681,53.1,0.397,71.1,30.1,0.0,0.0,0.0,3.0,2.0,1.0,0,0.0,2.0,-2.0,0.113,-0.07,0,63.5,-0.337,0
PID101928,CRPF,Constable/GD,10.0,False,not_applicable_unmarried,n/a,0.0,counter_insurgency_jk_ne,1.6,30,21.7,0.723,55.8,0.327,56.5,36.3,0.0,5.0,-5.0,2.0,2.0,0.0,2,3.0,2.0,1.0,0.129,-0.031,0,69.0,-1.256,0
PID101929,CRPF,Constable/GD,16.2,True,with_family,nuclear,0.0,counter_insurgency_jk_ne,1.0,29,19.9,0.686,60.5,0.329,60.2,49.6,2.0,3.0,-1.0,3.0,2.0,1.0,0,0.0,0.0,0.0,0.338,0.192,2,11.8,0.295,0
PID101930,CRPF,Head Constable,5.2,True,with_family,nuclear,0.0,counter_naxal_lwe,2.0,29,14.2,0.49,66.9,0.313,62.6,51.1,4.0,0.0,4.0,4.0,2.0,2.0,1,0.0,1.0,-1.0,0.306,0.069,1,61.8,1.145,0
PID101931,CRPF,Head Constable,12.8,True,separated_hardship_posting,joint,0.475,counter_naxal_lwe,5.7,28,13.2,0.471,63.9,0.25,50.4,43.5,1.0,0.0,1.0,3.0,2.0,1.0,0,0.0,0.0,0.0,0.27,0.164,0,42.1,0.777,0
PID101932,CRPF,Head Constable,11.4,True,separated_hardship_posting,nuclear,0.133,counter_naxal_lwe,1.0,32,15.4,0.481,59.3,0.3,70.8,38.4,3.0,1.0,2.0,3.0,1.0,2.0,0,1.0,2.0,-1.0,0.617,0.137,1,24.6,1.051,0
PID101933,CRPF,ASI/SI,9.7,True,separated_hardship_posting,nuclear,0.48,peace_training_static,3.6,30,23.6,0.787,45.8,0.075,83.6,21.6,2.0,5.0,-3.0,1.0,2.0,-1.0,0,0.0,2.0,-2.0,0.402,0.138,0,54.7,-0.728,0
PID101934,CRPF,Head Constable,13.0,True,separated_hardship_posting,joint,0.35,law_order_vip_duty,4.2,29,24.6,0.848,53.2,0.238,72.4,20.6,2.0,0.0,2.0,3.0,2.0,1.0,2,0.0,1.0,-1.0,0.421,0.165,1,26.5,0.48,0
PID101935,CRPF,Constable/GD,2.7,True,with_family,nuclear,0.0,peace_training_static,1.4,31,31.0,1.0,52.2,0.071,92.2,11.1,0.0,1.0,-1.0,1.0,2.0,-1.0,1,1.0,1.0,0.0,0.554,-0.078,0,59.4,-1.326,0
PID101936,CRPF,Constable/GD,6.1,False,not_applicable_unmarried,n/a,0.0,peace_training_static,5.6,28,26.5,0.946,49.7,0.032,84.3,11.9,2.0,0.0,2.0,2.0,3.0,-1.0,1,2.0,2.0,0.0,0.145,0.052,0,34.3,-0.408,0
PID101937,CRPF,Head Constable,15.0,True,separated_hardship_posting,nuclear,0.48,counter_insurgency_jk_ne,3.6,30,20.4,0.68,61.7,0.231,76.6,36.1,3.0,3.0,0.0,4.0,2.0,2.0,0,0.0,1.0,-1.0,0.719,-0.02,0,56.2,0.029,0
PID101938,CRPF,Constable/GD,11.2,True,separated_hardship_posting,nuclear,0.307,law_order_vip_duty,2.3,30,23.4,0.78,52.3,0.243,74.9,31.0,1.0,1.0,0.0,2.0,2.0,0.0,0,2.0,1.0,1.0,0.202,0.04,0,51.1,-0.337,0
PID101939,CRPF,Constable/GD,4.2,True,separated_hardship_posting,nuclear,0.787,counter_insurgency_jk_ne,5.9,32,20.9,0.653,53.7,0.341,70.8,27.7,0.0,1.0,-1.0,2.0,3.0,-1.0,2,3.0,1.0,2.0,0.146,-0.089,0,21.9,-0.942,0
PID101940,CRPF,Constable/GD,11.1,False,not_applicable_unmarried,n/a,0.0,counter_naxal_lwe,13.4,31,10.7,0.345,56.4,0.32,74.2,28.1,0.0,1.0,-1.0,2.0,2.0,0.0,2,4.0,3.0,1.0,0.249,0.132,0,18.9,0.311,0
PID101941,CRPF,Constable/GD,8.2,True,with_family,nuclear,0.0,peace_training_static,11.1,31,28.8,0.929,44.8,0.096,94.1,2.7,0.0,0.0,0.0,1.0,2.0,-1.0,2,6.0,2.0,4.0,0.389,0.144,0,42.5,-0.418,0
PID101942,CRPF,Constable/GD,20.2,False,not_applicable_unmarried,n/a,0.0,peace_training_static,10.0,29,24.8,0.855,48.8,0.157,85.0,12.7,1.0,5.0,-4.0,1.0,1.0,0.0,0,3.0,0.0,3.0,0.571,-0.091,0,32.7,-1.439,0
PID101943,CRPF,Constable/GD,5.5,True,separated_hardship_posting,nuclear,4.013,counter_naxal_lwe,30.1,30,16.4,0.547,60.0,0.36,60.8,37.8,0.0,0.0,0.0,2.0,1.0,1.0,0,7.0,2.0,5.0,0.454,0.156,0,49.9,0.506,0
PID101944,CRPF,ASI/SI,5.6,True,separated_hardship_posting,nuclear,0.133,peace_training_static,1.0,32,29.5,0.922,48.3,0.191,73.9,9.9,2.0,1.0,1.0,2.0,2.0,0.0,0,3.0,5.0,-2.0,0.436,0.05,1,36.5,-0.324,0
PID101945,CRPF,ASI/SI,14.0,True,with_family,nuclear,0.0,counter_naxal_lwe,5.2,28,13.3,0.475,58.8,0.341,56.7,37.5,0.0,1.0,-1.0,2.0,1.0,1.0,0,1.0,1.0,0.0,0.631,0.215,3,27.0,0.618,0
PID101946,CRPF,Constable/GD,10.2,False,not_applicable_unmarried,n/a,0.0,peace_training_static,1.4,31,24.7,0.797,43.4,0.07,100.0,0.3,1.0,0.0,1.0,2.0,1.0,1.0,0,1.0,3.0,-2.0,0.14,0.019,0,45.2,-0.054,0
PID101947,CRPF,ASI/SI,9.9,False,not_applicable_unmarried,n/a,0.0,law_order_vip_duty,24.1,29,19.5,0.672,57.6,0.285,79.4,30.9,4.0,2.0,2.0,4.0,2.0,2.0,1,0.0,1.0,-1.0,0.391,0.017,0,8.9,0.46,0
PID101948,CRPF,Constable/GD,33.1,False,not_applicable_unmarried,n/a,0.0,counter_naxal_lwe,18.0,31,12.7,0.41,65.1,0.331,59.9,54.1,0.0,0.0,0.0,3.0,3.0,0.0,0,3.0,2.0,1.0,0.422,0.288,1,20.1,0.857,0
PID101949,CRPF,ASI/SI,16.0,True,separated_hardship_posting,nuclear,3.0,peace_training_static,22.5,30,23.5,0.783,44.8,0.073,81.2,3.8,3.0,3.0,0.0,1.0,1.0,0.0,1,3.0,6.0,-3.0,0.364,0.168,0,24.4,0.044,0
PID101950,CRPF,Inspector+,9.2,False,not_applicable_unmarried,n/a,0.0,counter_insurgency_jk_ne,6.5,31,15.5,0.5,54.7,0.354,65.0,39.5,0.0,0.0,0.0,3.0,2.0,1.0,0,2.0,1.0,1.0,0.129,0.109,0,4.1,0.421,0
PID101951,CRPF,Constable/GD,3.8,True,with_family,nuclear,0.0,counter_naxal_lwe,5.1,29,11.6,0.4,65.8,0.437,49.2,60.5,1.0,0.0,1.0,3.0,1.0,2.0,0,1.0,0.0,1.0,0.642,0.288,3,45.4,1.451,1
PID101952,CRPF,Head Constable,8.9,True,separated_hardship_posting,nuclear,0.64,law_order_vip_duty,4.8,32,25.6,0.8,55.5,0.231,70.4,35.0,1.0,0.0,1.0,4.0,3.0,1.0,0,1.0,3.0,-2.0,0.241,0.023,0,27.2,-0.046,0
PID101953,CRPF,Inspector+,5.1,True,separated_hardship_posting,joint,0.842,law_order_vip_duty,10.1,32,21.3,0.666,54.6,0.16,72.2,28.4,0.0,0.0,0.0,3.0,2.0,1.0,0,2.0,3.0,-1.0,0.268,-0.096,0,43.5,-0.397,0
PID101954,CRPF,ASI/SI,6.4,False,not_applicable_unmarried,n/a,0.0,counter_insurgency_jk_ne,10.6,31,13.0,0.419,57.3,0.392,68.4,43.9,1.0,1.0,0.0,4.0,2.0,2.0,1,5.0,1.0,4.0,0.798,0.104,1,51.2,0.718,1
PID101955,CRPF,Inspector+,6.5,True,separated_hardship_posting,joint,1.183,law_order_vip_duty,14.2,30,21.3,0.71,47.6,0.243,83.4,22.4,3.0,2.0,1.0,1.0,1.0,0.0,0,4.0,4.0,0.0,0.02,-0.079,0,59.0,-0.459,0
PID101956,CRPF,Head Constable,19.4,True,separated_hardship_posting,nuclear,0.547,counter_naxal_lwe,4.1,28,12.1,0.432,61.9,0.363,70.9,46.1,3.0,2.0,1.0,5.0,2.0,3.0,1,2.0,2.0,0.0,0.536,0.216,4,52.0,1.409,1
PID101957,CRPF,Constable/GD,4.4,True,separated_hardship_posting,nuclear,2.787,counter_naxal_lwe,20.9,29,20.3,0.7,67.6,0.326,54.3,50.0,0.0,0.0,0.0,3.0,2.0,1.0,1,1.0,0.0,1.0,0.29,0.075,1,16.0,0.078,0
PID101958,CRPF,ASI/SI,18.3,True,separated_hardship_posting,nuclear,3.12,law_order_vip_duty,23.4,29,22.1,0.762,48.4,0.288,80.4,16.8,1.0,0.0,1.0,2.0,2.0,0.0,2,0.0,2.0,-2.0,0.077,-0.024,0,26.5,-0.354,0
PID101959,CRPF,Head Constable,14.3,True,with_family,nuclear,0.0,counter_naxal_lwe,3.0,31,12.6,0.406,62.2,0.283,68.7,44.8,2.0,1.0,1.0,3.0,2.0,1.0,0,0.0,2.0,-2.0,0.471,0.211,1,13.9,0.998,0
PID101960,CRPF,Head Constable,14.2,False,not_applicable_unmarried,n/a,0.0,counter_insurgency_jk_ne,8.0,32,20.9,0.653,64.5,0.228,70.1,52.4,0.0,1.0,-1.0,1.0,1.0,0.0,0,0.0,2.0,-2.0,0.26,0.055,0,26.2,-0.293,0
PID101961,CRPF,Constable/GD,6.2,True,with_family,nuclear,0.0,peace_training_static,12.3,31,28.2,0.91,44.8,0.234,78.0,15.7,2.0,1.0,1.0,2.0,1.0,1.0,1,1.0,1.0,0.0,0.167,-0.009,0,62.0,-0.276,0
PID101962,CRPF,Head Constable,17.0,True,separated_hardship_posting,nuclear,1.093,peace_training_static,8.2,32,28.1,0.878,45.5,0.068,93.7,9.4,0.0,1.0,-1.0,2.0,1.0,1.0,0,1.0,3.0,-2.0,0.108,0.069,0,44.5,-0.311,0
PID101963,CRPF,Constable/GD,5.8,True,with_family,nuclear,0.0,counter_insurgency_jk_ne,48.0,28,21.5,0.768,52.6,0.358,72.7,31.0,2.0,1.0,1.0,4.0,1.0,3.0,0,4.0,3.0,1.0,0.479,0.013,0,54.9,0.39,0
PID101964,CRPF,Head Constable,23.7,True,separated_hardship_posting,nuclear,2.893,counter_insurgency_jk_ne,21.7,31,15.7,0.506,60.5,0.383,63.9,34.1,0.0,3.0,-3.0,1.0,1.0,0.0,1,6.0,2.0,4.0,0.713,0.148,0,20.0,-0.144,0
PID101965,CRPF,Constable/GD,19.6,True,with_family,nuclear,0.0,peace_training_static,4.2,30,30.0,1.0,43.0,0.133,91.7,4.9,1.0,3.0,-2.0,1.0,1.0,0.0,1,6.0,4.0,2.0,0.242,-0.14,0,36.9,-1.454,0
PID101966,CRPF,Head Constable,25.9,True,with_family,nuclear,0.0,peace_training_static,3.4,28,24.0,0.857,39.8,0.067,100.0,3.5,0.0,0.0,0.0,1.0,2.0,-1.0,2,1.0,1.0,0.0,0.415,0.018,0,49.0,-0.712,0
PID101967,CRPF,ASI/SI,11.4,True,separated_hardship_posting,nuclear,0.387,counter_naxal_lwe,2.9,31,17.0,0.548,58.2,0.388,59.1,40.0,0.0,0.0,0.0,4.0,2.0,2.0,0,0.0,0.0,0.0,0.526,0.099,0,24.9,0.546,0
PID101968,CRPF,Constable/GD,10.2,True,with_family,nuclear,0.0,counter_insurgency_jk_ne,3.1,32,17.0,0.531,58.8,0.384,58.3,41.3,0.0,2.0,-2.0,1.0,1.0,0.0,1,7.0,2.0,5.0,0.189,0.144,2,36.6,-0.033,0
PID101969,CRPF,Constable/GD,8.8,False,not_applicable_unmarried,n/a,0.0,counter_naxal_lwe,1.0,30,14.4,0.48,55.7,0.371,63.0,36.6,1.0,0.0,1.0,2.0,2.0,0.0,1,1.0,2.0,-1.0,0.226,-0.004,0,54.2,0.046,0
PID101970,CRPF,Constable/GD,32.7,True,separated_hardship_posting,nuclear,2.227,counter_naxal_lwe,16.7,29,14.6,0.503,56.5,0.305,67.9,33.5,1.0,0.0,1.0,4.0,3.0,1.0,0,0.0,0.0,0.0,0.143,0.031,0,55.0,0.336,0
PID101971,CRPF,Inspector+,15.6,True,separated_hardship_posting,nuclear,0.133,counter_naxal_lwe,1.0,29,10.2,0.352,64.2,0.368,60.4,41.9,1.0,0.0,1.0,3.0,2.0,1.0,0,1.0,1.0,0.0,0.858,0.081,1,47.9,0.671,0
PID101972,CRPF,Head Constable,5.2,False,not_applicable_unmarried,n/a,0.0,law_order_vip_duty,2.3,31,24.3,0.784,51.7,0.137,78.9,23.5,0.0,1.0,-1.0,2.0,2.0,0.0,0,0.0,1.0,-1.0,0.005,-0.035,0,39.4,-0.724,0
PID101973,CRPF,Constable/GD,22.3,True,separated_hardship_posting,nuclear,2.96,law_order_vip_duty,22.2,31,23.6,0.761,48.3,0.162,90.4,17.4,0.0,1.0,-1.0,2.0,1.0,1.0,0,4.0,3.0,1.0,0.292,0.161,0,41.6,0.109,0
PID101974,CRPF,Constable/GD,10.0,False,not_applicable_unmarried,n/a,0.0,peace_training_static,5.6,29,21.6,0.745,44.7,0.104,90.6,5.9,1.0,0.0,1.0,1.0,1.0,0.0,0,0.0,0.0,0.0,0.036,-0.025,0,23.2,-0.337,0
PID101975,CRPF,Constable/GD,1.7,False,not_applicable_unmarried,n/a,0.0,counter_insurgency_jk_ne,17.8,31,20.6,0.665,65.0,0.304,59.8,46.8,1.0,0.0,1.0,3.0,2.0,1.0,0,6.0,4.0,2.0,0.721,0.009,0,68.2,0.076,0
PID101976,CRPF,Constable/GD,7.1,False,not_applicable_unmarried,n/a,0.0,counter_insurgency_jk_ne,9.5,31,23.0,0.742,63.1,0.228,57.5,38.0,1.0,1.0,0.0,4.0,2.0,2.0,1,1.0,5.0,-4.0,0.157,-0.093,0,20.7,-0.267,0
PID101977,CRPF,ASI/SI,19.6,True,separated_hardship_posting,nuclear,0.28,counter_naxal_lwe,2.1,28,13.4,0.479,61.6,0.365,72.6,43.2,0.0,1.0,-1.0,3.0,2.0,1.0,0,1.0,2.0,-1.0,0.427,0.072,0,59.4,0.181,0
PID101978,CRPF,Head Constable,14.4,False,not_applicable_unmarried,n/a,0.0,counter_naxal_lwe,4.8,29,13.6,0.469,65.3,0.381,56.6,47.9,0.0,1.0,-1.0,3.0,2.0,1.0,0,0.0,1.0,-1.0,0.626,0.149,2,11.1,0.426,0
PID101979,CRPF,Constable/GD,15.9,True,separated_hardship_posting,nuclear,0.867,counter_naxal_lwe,6.5,29,19.3,0.666,62.5,0.337,71.6,42.2,1.0,0.0,1.0,2.0,1.0,1.0,1,1.0,2.0,-1.0,0.265,0.115,0,35.9,0.395,1
PID101980,CRPF,ASI/SI,22.1,True,with_family,nuclear,0.0,peace_training_static,15.7,31,29.1,0.939,38.9,0.0,96.3,1.8,1.0,5.0,-4.0,1.0,1.0,0.0,1,1.0,2.0,-1.0,0.223,0.039,0,45.7,-1.15,0
PID101981,CRPF,Constable/GD,3.4,False,not_applicable_unmarried,n/a,0.0,counter_naxal_lwe,2.2,31,16.6,0.535,54.2,0.356,75.1,31.1,2.0,0.0,2.0,4.0,3.0,1.0,1,1.0,0.0,1.0,0.351,0.108,1,29.0,0.686,0
PID101982,CRPF,ASI/SI,7.1,True,separated_hardship_posting,nuclear,3.893,law_order_vip_duty,29.2,30,24.9,0.83,48.4,0.329,74.2,26.5,0.0,0.0,0.0,3.0,2.0,1.0,0,0.0,1.0,-1.0,0.21,0.088,0,17.4,-0.039,0
PID101983,CRPF,Constable/GD,11.6,False,not_applicable_unmarried,n/a,0.0,counter_naxal_lwe,3.6,29,16.8,0.579,55.7,0.377,78.6,36.9,6.0,1.0,5.0,5.0,3.0,2.0,1,2.0,4.0,-2.0,0.297,0.122,0,27.6,1.352,1
PID101984,CRPF,Head Constable,19.9,True,with_family,nuclear,0.0,counter_insurgency_jk_ne,12.6,30,22.3,0.743,59.1,0.301,73.7,35.7,1.0,2.0,-1.0,3.0,2.0,1.0,0,3.0,1.0,2.0,0.543,0.071,0,36.2,-0.142,0
PID101985,CRPF,ASI/SI,5.8,True,with_family,nuclear,0.0,peace_training_static,10.2,32,28.7,0.897,43.8,0.098,97.0,8.1,0.0,1.0,-1.0,1.0,2.0,-1.0,2,3.0,1.0,2.0,0.423,0.208,0,42.5,-0.34,0
PID101986,CRPF,Constable/GD,9.2,True,with_family,joint,0.0,peace_training_static,23.6,32,30.1,0.941,47.7,0.155,81.0,15.5,6.0,3.0,3.0,4.0,2.0,2.0,0,0.0,0.0,0.0,0.222,0.042,0,38.2,0.363,0
PID101987,CRPF,Head Constable,11.1,False,not_applicable_unmarried,n/a,0.0,counter_naxal_lwe,3.8,28,18.7,0.668,63.8,0.363,70.7,33.5,1.0,2.0,-1.0,2.0,2.0,0.0,2,0.0,0.0,0.0,0.091,0.02,1,41.9,-0.417,0
PID101988,CRPF,Inspector+,6.9,True,with_family,joint,0.0,peace_training_static,9.4,30,19.7,0.657,48.8,0.162,96.1,15.0,0.0,0.0,0.0,2.0,3.0,-1.0,1,0.0,1.0,-1.0,0.266,0.001,0,45.0,-0.522,0
PID101989,CRPF,Constable/GD,11.1,False,not_applicable_unmarried,n/a,0.0,counter_naxal_lwe,15.9,31,20.5,0.661,58.3,0.284,66.2,29.4,3.0,0.0,3.0,3.0,3.0,0.0,0,1.0,0.0,1.0,0.002,-0.034,0,50.0,0.045,0
PID101990,CRPF,Constable/GD,10.2,True,with_family,joint,0.0,peace_training_static,8.8,29,24.6,0.848,48.1,0.127,87.0,12.5,1.0,0.0,1.0,2.0,2.0,0.0,1,3.0,1.0,2.0,0.067,-0.07,0,33.1,-0.597,0
PID101991,CRPF,Head Constable,8.1,False,not_applicable_unmarried,n/a,0.0,counter_naxal_lwe,11.0,32,19.1,0.597,58.2,0.322,72.7,30.8,1.0,0.0,1.0,3.0,2.0,1.0,1,0.0,0.0,0.0,0.0,-0.044,0,45.1,-0.003,0
PID101992,CRPF,Constable/GD,17.0,True,with_family,joint,0.0,counter_insurgency_jk_ne,8.9,30,23.0,0.767,60.8,0.322,52.4,39.2,1.0,1.0,0.0,2.0,2.0,0.0,0,6.0,7.0,-1.0,0.392,0.224,1,22.4,0.233,0
PID101993,CRPF,Constable/GD,15.3,False,not_applicable_unmarried,n/a,0.0,law_order_vip_duty,31.6,29,20.8,0.717,56.9,0.103,84.2,21.0,0.0,1.0,-1.0,2.0,2.0,0.0,0,0.0,0.0,0.0,0.044,-0.06,0,15.8,-0.719,0
PID101994,CRPF,Constable/GD,17.4,True,with_family,nuclear,0.0,peace_training_static,35.8,32,27.4,0.856,48.9,0.096,92.5,16.3,0.0,0.0,0.0,1.0,2.0,-1.0,0,4.0,0.0,4.0,0.471,0.066,1,33.0,-0.566,0
PID101995,CRPF,Head Constable,18.3,True,with_family,nuclear,0.0,peace_training_static,3.5,31,27.7,0.894,45.3,0.153,84.7,15.5,2.0,1.0,1.0,1.0,1.0,0.0,1,4.0,3.0,1.0,0.148,0.009,0,86.6,-0.416,0
PID101996,CRPF,Constable/GD,25.2,False,not_applicable_unmarried,n/a,0.0,counter_naxal_lwe,7.6,28,11.0,0.393,64.3,0.392,44.4,51.1,3.0,0.0,3.0,5.0,1.0,4.0,0,0.0,0.0,0.0,0.572,0.205,0,39.8,1.946,0
PID101997,CRPF,Constable/GD,4.1,True,separated_hardship_posting,nuclear,1.067,peace_training_static,8.0,28,28.0,1.0,39.9,0.118,97.3,10.3,2.0,0.0,2.0,3.0,2.0,1.0,1,0.0,0.0,0.0,0.515,0.026,0,52.6,-0.123,0
PID101998,CRPF,ASI/SI,4.4,True,with_family,nuclear,0.0,counter_naxal_lwe,14.7,32,17.5,0.547,55.0,0.22,67.9,45.3,2.0,0.0,2.0,3.0,1.0,2.0,0,0.0,2.0,-2.0,0.262,0.134,0,57.8,0.964,1
PID101999,CRPF,Constable/GD,16.2,False,not_applicable_unmarried,n/a,0.0,counter_naxal_lwe,5.7,31,22.0,0.71,63.9,0.388,48.7,51.4,0.0,1.0,-1.0,3.0,1.0,2.0,0,1.0,1.0,0.0,0.148,-0.06,0,35.3,-0.283,0
PID102000,CRPF,ASI/SI,8.5,False,not_applicable_unmarried,n/a,0.0,counter_naxal_lwe,9.1,32,16.6,0.519,67.2,0.445,54.5,57.1,2.0,3.0,-1.0,3.0,1.0,2.0,0,2.0,2.0,0.0,0.342,0.214,1,62.3,0.776,0
PID102001,CRPF,Constable/GD,7.9,False,not_applicable_unmarried,n/a,0.0,counter_naxal_lwe,4.5,32,17.7,0.553,57.1,0.3,77.1,33.6,1.0,2.0,-1.0,3.0,3.0,0.0,1,3.0,3.0,0.0,0.31,0.116,0,47.4,0.011,0
PID102002,CRPF,Inspector+,7.2,False,not_applicable_unmarried,n/a,0.0,counter_naxal_lwe,11.1,31,19.9,0.642,62.1,0.324,61.4,45.2,3.0,2.0,1.0,4.0,2.0,2.0,1,4.0,0.0,4.0,0.22,0.143,0,56.4,0.721,0
PID102003,CRPF,Head Constable,17.7,False,not_applicable_unmarried,n/a,0.0,law_order_vip_duty,7.5,32,20.7,0.647,53.8,0.268,81.2,18.7,0.0,0.0,0.0,1.0,1.0,0.0,1,1.0,1.0,0.0,0.72,-0.073,0,43.0,-0.516,0
PID102004,CRPF,Constable/GD,31.6,True,separated_hardship_posting,joint,0.9,counter_naxal_lwe,10.8,32,17.3,0.541,59.5,0.4,66.5,26.8,1.0,0.0,1.0,3.0,1.0,2.0,1,1.0,2.0,-1.0,0.463,0.077,0,43.8,0.644,0
PID102005,CRPF,ASI/SI,18.2,True,with_family,joint,0.0,law_order_vip_duty,1.2,30,25.2,0.84,50.6,0.286,68.7,16.7,1.0,2.0,-1.0,2.0,2.0,0.0,0,0.0,3.0,-3.0,0.11,-0.072,0,61.4,-0.901,0
PID102006,CRPF,Constable/GD,8.3,False,not_applicable_unmarried,n/a,0.0,counter_naxal_lwe,9.3,31,16.4,0.529,64.5,0.411,53.3,45.9,0.0,1.0,-1.0,5.0,2.0,3.0,1,0.0,1.0,-1.0,0.053,-0.102,0,32.7,0.025,0
PID102007,CRPF,Constable/GD,17.3,False,not_applicable_unmarried,n/a,0.0,law_order_vip_duty,5.0,32,22.6,0.706,52.4,0.128,87.7,26.4,2.0,2.0,0.0,2.0,1.0,1.0,0,1.0,0.0,1.0,0.381,-0.142,0,45.0,-0.583,0
PID102008,CRPF,Constable/GD,4.3,True,separated_hardship_posting,nuclear,3.12,counter_naxal_lwe,23.4,32,20.9,0.653,62.5,0.321,59.0,44.2,1.0,0.0,1.0,4.0,2.0,2.0,2,0.0,3.0,-3.0,0.76,-0.057,0,41.4,0.105,1
PID102009,CRPF,Head Constable,1.4,True,separated_hardship_posting,nuclear,0.293,counter_naxal_lwe,2.2,32,21.8,0.681,58.1,0.388,69.5,35.8,5.0,4.0,1.0,4.0,1.0,3.0,0,7.0,3.0,4.0,0.619,0.153,1,42.1,0.919,0
PID102010,CRPF,Constable/GD,9.8,True,with_family,joint,0.0,law_order_vip_duty,20.1,32,28.7,0.897,51.9,0.215,75.8,27.5,0.0,1.0,-1.0,2.0,1.0,1.0,1,2.0,0.0,2.0,0.526,0.011,0,50.5,-0.509,0
PID102011,CRPF,Constable/GD,3.4,False,not_applicable_unmarried,n/a,0.0,peace_training_static,1.0,29,24.1,0.831,44.4,0.142,93.8,12.1,4.0,1.0,3.0,2.0,3.0,-1.0,0,0.0,1.0,-1.0,0.013,-0.138,0,45.1,-0.687,0
PID102012,CRPF,Constable/GD,8.5,True,with_family,joint,0.0,peace_training_static,1.0,30,25.3,0.843,44.6,0.112,93.0,3.0,0.0,0.0,0.0,2.0,1.0,1.0,0,2.0,2.0,0.0,0.24,0.067,0,39.1,-0.12,0
PID102013,CRPF,Constable/GD,12.3,False,not_applicable_unmarried,n/a,0.0,counter_naxal_lwe,14.5,32,16.2,0.506,59.8,0.324,63.8,41.4,1.0,1.0,0.0,2.0,2.0,0.0,0,6.0,3.0,3.0,0.532,0.192,0,65.5,0.45,0
PID102014,CRPF,Constable/GD,34.7,False,not_applicable_unmarried,n/a,0.0,peace_training_static,2.3,28,27.4,0.979,45.9,0.105,93.5,15.0,3.0,0.0,3.0,3.0,2.0,1.0,0,1.0,1.0,0.0,0.455,0.052,0,46.1,0.134,0
PID102015,CRPF,Constable/GD,20.8,True,separated_hardship_posting,joint,0.083,law_order_vip_duty,1.0,28,17.4,0.621,48.5,0.153,71.6,30.9,0.0,0.0,0.0,3.0,3.0,0.0,0,4.0,0.0,4.0,0.364,0.024,0,30.7,-0.195,0
PID102016,CRPF,Constable/GD,3.5,True,with_family,joint,0.0,peace_training_static,4.7,31,24.5,0.79,46.0,0.077,83.8,12.1,0.0,0.0,0.0,3.0,4.0,-1.0,0,1.0,2.0,-1.0,0.086,0.031,0,40.4,-0.591,0
PID102017,CRPF,Constable/GD,3.7,True,separated_hardship_posting,joint,0.583,counter_naxal_lwe,7.0,32,15.5,0.484,60.5,0.346,60.8,49.6,2.0,2.0,0.0,4.0,3.0,1.0,0,1.0,4.0,-3.0,0.452,0.097,1,40.4,0.406,0
PID102018,CRPF,Head Constable,7.0,True,with_family,nuclear,0.0,counter_naxal_lwe,2.8,30,13.7,0.457,58.3,0.347,73.0,33.9,1.0,1.0,0.0,3.0,1.0,2.0,0,0.0,0.0,0.0,0.335,0.136,1,32.0,0.769,0
PID102019,CRPF,Constable/GD,27.7,True,separated_hardship_posting,nuclear,1.093,counter_naxal_lwe,8.2,32,20.3,0.634,54.2,0.384,60.3,47.6,6.0,5.0,1.0,4.0,1.0,3.0,0,1.0,1.0,0.0,0.371,0.113,2,33.5,0.853,1
PID102020,CRPF,Head Constable,3.6,True,with_family,nuclear,0.0,peace_training_static,7.8,29,28.6,0.986,49.8,0.103,84.9,13.9,1.0,0.0,1.0,2.0,2.0,0.0,1,1.0,0.0,1.0,0.478,-0.157,0,38.5,-1.027,0
PID102021,CRPF,Constable/GD,7.2,False,not_applicable_unmarried,n/a,0.0,counter_naxal_lwe,15.5,30,15.1,0.503,65.0,0.451,56.4,53.2,0.0,0.0,0.0,4.0,4.0,0.0,0,3.0,0.0,3.0,0.392,0.131,1,47.8,0.271,0
PID102022,CRPF,Constable/GD,7.2,True,separated_hardship_posting,joint,1.7,counter_naxal_lwe,20.4,32,17.0,0.531,58.8,0.424,63.8,42.4,1.0,1.0,0.0,4.0,3.0,1.0,0,1.0,2.0,-1.0,0.326,0.113,0,23.2,0.395,0
PID102023,CRPF,Constable/GD,14.0,True,separated_hardship_posting,joint,1.292,law_order_vip_duty,15.5,29,14.1,0.486,54.7,0.19,75.6,34.3,5.0,1.0,4.0,3.0,2.0,1.0,1,5.0,1.0,4.0,0.455,-0.044,0,48.7,0.595,1
PID102024,CRPF,Constable/GD,17.5,True,with_family,nuclear,0.0,peace_training_static,14.2,32,27.4,0.856,41.9,0.132,88.9,15.5,3.0,3.0,0.0,2.0,2.0,0.0,0,0.0,0.0,0.0,0.145,-0.026,0,37.1,-0.628,0
PID102025,CRPF,Constable/GD,15.4,False,not_applicable_unmarried,n/a,0.0,counter_insurgency_jk_ne,12.0,32,22.9,0.716,56.8,0.373,65.1,31.9,2.0,2.0,0.0,2.0,3.0,-1.0,0,1.0,7.0,-6.0,0.023,-0.072,1,23.9,-0.811,0
PID102026,CRPF,ASI/SI,12.9,True,separated_hardship_posting,nuclear,1.12,law_order_vip_duty,8.4,31,21.7,0.7,49.9,0.182,87.7,17.0,0.0,0.0,0.0,2.0,1.0,1.0,0,5.0,2.0,3.0,0.0,-0.071,0,48.0,-0.362,0
PID102027,CRPF,Constable/GD,4.2,True,with_family,joint,0.0,counter_naxal_lwe,1.0,28,12.1,0.432,60.9,0.305,60.7,51.0,1.0,1.0,0.0,4.0,2.0,2.0,2,0.0,0.0,0.0,0.639,0.288,1,44.8,1.259,0
PID102028,CRPF,Constable/GD,11.8,False,not_applicable_unmarried,n/a,0.0,peace_training_static,14.1,32,32.0,1.0,48.6,0.198,69.7,22.8,2.0,1.0,1.0,3.0,2.0,1.0,1,0.0,0.0,0.0,0.444,0.033,0,48.8,-0.258,0
PID102029,CRPF,Head Constable,22.5,True,with_family,nuclear,0.0,counter_naxal_lwe,3.4,30,13.2,0.44,60.4,0.391,64.7,45.5,2.0,0.0,2.0,3.0,1.0,2.0,1,1.0,1.0,0.0,0.525,0.12,0,56.8,1.05,0
PID102030,CRPF,Constable/GD,26.6,True,with_family,nuclear,0.0,counter_naxal_lwe,1.2,29,20.6,0.71,60.6,0.414,69.8,35.7,4.0,1.0,3.0,3.0,2.0,1.0,0,0.0,1.0,-1.0,0.303,0.089,0,67.7,0.571,0
PID102031,CRPF,Constable/GD,13.8,True,with_family,nuclear,0.0,counter_insurgency_jk_ne,1.0,30,26.7,0.89,61.0,0.319,57.8,40.4,0.0,0.0,0.0,3.0,2.0,1.0,2,5.0,0.0,5.0,0.571,0.123,1,41.5,-0.007,0
PID102032,CRPF,Constable/GD,3.5,False,not_applicable_unmarried,n/a,0.0,counter_naxal_lwe,1.6,30,16.2,0.54,62.2,0.335,70.3,36.6,0.0,1.0,-1.0,3.0,2.0,1.0,0,5.0,3.0,2.0,0.12,-0.009,0,36.2,-0.136,0
PID102033,CRPF,Constable/GD,13.9,False,not_applicable_unmarried,n/a,0.0,law_order_vip_duty,2.1,29,25.5,0.879,49.6,0.139,87.0,21.9,0.0,1.0,-1.0,2.0,3.0,-1.0,0,1.0,2.0,-1.0,0.375,0.104,0,38.4,-0.632,0
PID102034,CRPF,Constable/GD,10.2,True,separated_hardship_posting,joint,0.083,law_order_vip_duty,1.0,31,18.2,0.587,53.0,0.228,69.6,31.4,2.0,2.0,0.0,3.0,2.0,1.0,0,2.0,6.0,-4.0,0.144,0.106,0,35.0,0.307,0
PID102035,CRPF,Head Constable,3.9,False,not_applicable_unmarried,n/a,0.0,counter_naxal_lwe,14.7,28,10.3,0.368,66.0,0.424,50.2,57.9,1.0,1.0,0.0,4.0,2.0,2.0,1,0.0,0.0,0.0,0.509,0.318,3,32.1,1.426,0
PID102036,CRPF,ASI/SI,5.5,False,not_applicable_unmarried,n/a,0.0,counter_naxal_lwe,8.3,31,14.7,0.474,66.2,0.425,49.7,46.7,5.0,5.0,0.0,3.0,1.0,2.0,1,1.0,0.0,1.0,0.722,0.276,1,40.5,1.17,1
PID102037,CRPF,Constable/GD,6.2,False,not_applicable_unmarried,n/a,0.0,counter_naxal_lwe,1.7,29,18.4,0.634,56.7,0.414,66.1,40.7,1.0,0.0,1.0,4.0,2.0,2.0,0,1.0,2.0,-1.0,0.48,0.253,1,17.4,1.063,0
PID102038,CRPF,Head Constable,16.2,False,not_applicable_unmarried,n/a,0.0,counter_naxal_lwe,7.9,31,17.1,0.552,56.9,0.397,64.4,38.2,0.0,2.0,-2.0,3.0,1.0,2.0,1,0.0,2.0,-2.0,0.705,0.147,2,52.8,0.378,0
PID102039,CRPF,Head Constable,26.0,False,not_applicable_unmarried,n/a,0.0,peace_training_static,1.0,32,28.2,0.881,50.0,0.253,85.5,9.2,1.0,6.0,-5.0,1.0,2.0,-1.0,0,1.0,0.0,1.0,0.294,0.06,0,45.6,-1.385,0
PID102040,CRPF,Constable/GD,14.9,True,separated_hardship_posting,nuclear,2.52,law_order_vip_duty,18.9,30,18.6,0.62,50.8,0.127,88.1,20.1,0.0,1.0,-1.0,2.0,3.0,-1.0,1,1.0,0.0,1.0,0.08,-0.022,0,63.0,-0.701,0
PID102041,CRPF,Head Constable,16.5,True,separated_hardship_posting,nuclear,0.987,counter_naxal_lwe,7.4,32,17.2,0.538,53.2,0.364,61.6,40.5,2.0,4.0,-2.0,2.0,3.0,-1.0,0,2.0,1.0,1.0,0.245,0.059,0,27.4,-0.511,0
PID102042,CRPF,Head Constable,10.6,False,not_applicable_unmarried,n/a,0.0,counter_naxal_lwe,7.8,29,14.0,0.483,59.1,0.294,58.7,46.5,1.0,1.0,0.0,3.0,2.0,1.0,0,3.0,1.0,2.0,0.551,0.226,1,61.9,0.795,0
PID102043,CRPF,ASI/SI,7.8,True,with_family,nuclear,0.0,peace_training_static,2.5,32,26.0,0.812,44.2,0.213,90.5,12.9,0.0,0.0,0.0,1.0,3.0,-2.0,0,4.0,7.0,-3.0,0.452,-0.051,0,54.5,-1.079,0
PID102044,CRPF,Inspector+,15.1,True,with_family,joint,0.0,peace_training_static,7.8,30,24.0,0.8,44.7,0.087,88.3,14.5,1.0,2.0,-1.0,2.0,1.0,1.0,0,0.0,0.0,0.0,0.436,0.111,1,26.1,-0.088,0
PID102045,CRPF,Constable/GD,13.0,False,not_applicable_unmarried,n/a,0.0,peace_training_static,6.8,30,27.6,0.92,49.1,0.181,81.7,22.0,1.0,0.0,1.0,3.0,2.0,1.0,0,0.0,0.0,0.0,0.179,-0.043,0,23.9,-0.389,0
PID102046,CRPF,Constable/GD,6.6,False,not_applicable_unmarried,n/a,0.0,counter_naxal_lwe,19.6,28,13.2,0.471,58.3,0.323,70.2,32.1,0.0,1.0,-1.0,3.0,4.0,-1.0,3,0.0,0.0,0.0,0.895,0.243,1,45.3,0.279,0
PID102047,CRPF,Constable/GD,12.5,False,not_applicable_unmarried,n/a,0.0,counter_insurgency_jk_ne,3.4,31,18.6,0.6,61.7,0.325,68.3,35.4,0.0,0.0,0.0,3.0,2.0,1.0,0,4.0,5.0,-1.0,0.251,0.106,0,49.0,0.291,0
PID102048,CRPF,Constable/GD,11.0,False,not_applicable_unmarried,n/a,0.0,counter_naxal_lwe,22.6,31,11.7,0.377,63.1,0.343,53.5,45.3,0.0,1.0,-1.0,3.0,2.0,1.0,0,6.0,5.0,1.0,0.205,0.182,0,52.1,0.636,0
PID102049,CRPF,Constable/GD,9.2,True,separated_hardship_posting,nuclear,4.587,law_order_vip_duty,34.4,30,24.0,0.8,46.9,0.219,70.3,19.9,0.0,1.0,-1.0,2.0,2.0,0.0,1,7.0,6.0,1.0,0.161,-0.095,0,30.9,-0.922,0
PID102050,CRPF,Inspector+,7.6,False,not_applicable_unmarried,n/a,0.0,counter_insurgency_jk_ne,6.5,28,17.5,0.625,56.7,0.32,68.2,35.1,0.0,0.0,0.0,2.0,2.0,0.0,0,0.0,1.0,-1.0,0.015,-0.06,0,76.3,-0.454,0
PID102051,CRPF,Constable/GD,13.7,False,not_applicable_unmarried,n/a,0.0,law_order_vip_duty,37.3,31,22.6,0.729,54.0,0.275,68.5,28.4,2.0,3.0,-1.0,3.0,2.0,1.0,1,0.0,0.0,0.0,0.12,0.05,0,23.5,-0.187,0
PID102052,CRPF,Constable/GD,7.9,True,separated_hardship_posting,nuclear,3.133,counter_naxal_lwe,23.5,31,17.5,0.565,62.2,0.343,62.3,43.5,0.0,1.0,-1.0,3.0,2.0,1.0,2,2.0,1.0,1.0,0.532,0.224,2,57.8,0.534,1
PID102053,CRPF,ASI/SI,31.6,True,separated_hardship_posting,nuclear,1.133,law_order_vip_duty,8.5,32,26.8,0.838,53.5,0.273,73.7,23.2,0.0,0.0,0.0,2.0,2.0,0.0,0,5.0,4.0,1.0,0.143,-0.116,0,14.3,-0.88,0
PID102054,CRPF,Constable/GD,14.6,False,not_applicable_unmarried,n/a,0.0,counter_naxal_lwe,11.4,32,13.3,0.416,59.7,0.412,56.0,51.1,1.0,0.0,1.0,3.0,1.0,2.0,0,1.0,1.0,0.0,0.343,0.277,3,28.6,1.398,0
PID102055,CRPF,Constable/GD,13.9,True,with_family,joint,0.0,peace_training_static,7.4,29,26.3,0.907,48.2,0.095,99.7,2.2,1.0,2.0,-1.0,1.0,2.0,-1.0,0,2.0,4.0,-2.0,0.269,0.044,0,53.6,-0.848,0
PID102056,CRPF,Inspector+,9.9,True,with_family,nuclear,0.0,counter_naxal_lwe,13.9,29,12.0,0.414,60.4,0.463,59.1,44.6,0.0,0.0,0.0,2.0,3.0,-1.0,0,1.0,3.0,-2.0,0.472,0.281,1,66.5,0.618,0
PID102057,CRPF,Constable/GD,8.7,True,separated_hardship_posting,nuclear,0.133,law_order_vip_duty,1.0,32,24.3,0.759,62.2,0.265,61.5,39.3,1.0,1.0,0.0,5.0,3.0,2.0,0,2.0,4.0,-2.0,0.465,0.083,0,57.1,0.244,0
PID102058,CRPF,Constable/GD,2.9,True,with_family,joint,0.0,counter_naxal_lwe,7.3,28,14.6,0.521,56.7,0.324,69.3,33.8,3.0,1.0,2.0,3.0,2.0,1.0,2,2.0,0.0,2.0,0.469,0.135,0,37.9,0.782,0
PID102059,CRPF,Constable/GD,6.9,True,with_family,joint,0.0,law_order_vip_duty,1.0,32,23.9,0.747,62.8,0.257,67.8,34.9,0.0,0.0,0.0,2.0,2.0,0.0,0,2.0,3.0,-1.0,0.347,0.028,1,23.0,-0.334,0
PID102060,CRPF,ASI/SI,3.4,False,not_applicable_unmarried,n/a,0.0,law_order_vip_duty,41.0,28,23.5,0.839,48.2,0.282,75.9,15.3,0.0,0.0,0.0,3.0,3.0,0.0,1,0.0,3.0,-3.0,0.308,0.036,0,59.4,-0.421,0
PID102061,CRPF,Constable/GD,3.4,True,with_family,nuclear,0.0,counter_insurgency_jk_ne,25.4,30,20.5,0.683,63.1,0.335,75.1,41.1,1.0,1.0,0.0,3.0,2.0,1.0,1,5.0,2.0,3.0,0.066,0.036,0,37.7,-0.018,0
PID102062,CRPF,Constable/GD,5.0,False,not_applicable_unmarried,n/a,0.0,counter_naxal_lwe,2.1,28,18.7,0.668,65.3,0.362,48.6,48.6,0.0,0.0,0.0,4.0,3.0,1.0,0,1.0,0.0,1.0,0.267,0.048,0,62.1,0.034,0
PID102063,CRPF,Constable/GD,21.2,True,separated_hardship_posting,nuclear,0.333,counter_naxal_lwe,2.5,32,16.4,0.512,58.4,0.143,65.3,33.7,1.0,0.0,1.0,3.0,2.0,1.0,1,11.0,3.0,8.0,0.163,0.064,0,57.5,0.426,0
PID102064,CRPF,Constable/GD,21.1,True,separated_hardship_posting,nuclear,0.76,counter_naxal_lwe,5.7,30,18.6,0.62,64.4,0.292,51.9,37.5,2.0,1.0,1.0,4.0,3.0,1.0,0,1.0,0.0,1.0,0.623,-0.0,0,48.3,0.103,0
PID102065,CRPF,ASI/SI,7.0,True,with_family,joint,0.0,law_order_vip_duty,11.8,32,25.5,0.797,50.0,0.261,78.6,32.0,1.0,1.0,0.0,2.0,2.0,0.0,1,2.0,1.0,1.0,0.356,-0.033,1,28.2,-0.578,0
PID102066,CRPF,Constable/GD,4.1,False,not_applicable_unmarried,n/a,0.0,counter_naxal_lwe,10.7,28,14.3,0.511,63.1,0.291,65.8,40.5,1.0,1.0,0.0,3.0,1.0,2.0,0,0.0,1.0,-1.0,0.664,0.188,0,29.1,0.859,0
PID102067,CRPF,Inspector+,8.4,False,not_applicable_unmarried,n/a,0.0,counter_naxal_lwe,3.5,28,15.8,0.564,62.6,0.381,57.9,29.9,1.0,0.0,1.0,3.0,1.0,2.0,0,1.0,0.0,1.0,0.196,-0.037,0,49.4,0.272,0
PID102068,CRPF,Constable/GD,16.2,True,with_family,nuclear,0.0,counter_naxal_lwe,5.0,30,16.1,0.537,60.6,0.403,64.0,43.1,2.0,0.0,2.0,4.0,1.0,3.0,0,0.0,1.0,-1.0,0.431,0.109,1,42.8,1.114,0
PID102069,CRPF,Constable/GD,18.8,False,not_applicable_unmarried,n/a,0.0,counter_naxal_lwe,1.7,28,19.6,0.7,60.3,0.343,66.7,37.0,2.0,1.0,1.0,3.0,1.0,2.0,0,1.0,1.0,0.0,0.0,-0.03,0,68.8,0.131,0
PID102070,CRPF,ASI/SI,12.4,True,separated_hardship_posting,nuclear,0.307,counter_naxal_lwe,2.3,30,18.9,0.63,63.4,0.244,62.3,35.0,1.0,3.0,-2.0,4.0,2.0,2.0,1,3.0,4.0,-1.0,0.781,0.019,0,49.8,-0.101,0
PID102071,CRPF,Constable/GD,13.6,True,with_family,nuclear,0.0,law_order_vip_duty,2.8,31,22.2,0.716,48.4,0.176,86.3,23.5,0.0,1.0,-1.0,2.0,1.0,1.0,0,1.0,0.0,1.0,0.335,0.109,0,48.5,0.006,0
PID102072,CRPF,Constable/GD,12.9,False,not_applicable_unmarried,n/a,0.0,counter_naxal_lwe,28.6,30,15.3,0.51,58.5,0.391,62.8,44.6,0.0,0.0,0.0,3.0,1.0,2.0,0,1.0,2.0,-1.0,0.625,0.139,0,63.9,0.713,0
PID102073,CRPF,ASI/SI,3.6,True,with_family,nuclear,0.0,peace_training_static,23.8,31,30.8,0.994,49.8,0.195,79.0,22.8,0.0,0.0,0.0,2.0,1.0,1.0,1,4.0,2.0,2.0,0.237,-0.085,0,31.1,-0.759,0
PID102074,CRPF,Constable/GD,4.4,False,not_applicable_unmarried,n/a,0.0,law_order_vip_duty,12.8,28,25.0,0.893,53.7,0.095,78.1,22.7,0.0,0.0,0.0,2.0,1.0,1.0,1,0.0,0.0,0.0,0.041,-0.01,0,48.5,-0.413,0
PID102075,CRPF,Constable/GD,26.6,True,with_family,nuclear,0.0,counter_insurgency_jk_ne,12.4,29,18.3,0.631,52.8,0.305,75.1,31.0,1.0,1.0,0.0,2.0,2.0,0.0,1,0.0,0.0,0.0,0.097,-0.004,0,27.9,-0.292,0
PID102076,CRPF,Inspector+,12.4,False,not_applicable_unmarried,n/a,0.0,peace_training_static,5.4,28,27.2,0.971,42.0,0.032,100.0,0.0,1.0,1.0,0.0,1.0,1.0,0.0,0,0.0,1.0,-1.0,0.056,-0.036,0,54.2,-0.799,0
PID102077,CRPF,Constable/GD,2.4,True,with_family,joint,0.0,law_order_vip_duty,1.0,30,26.4,0.88,43.5,0.225,79.9,16.3,3.0,0.0,3.0,2.0,3.0,-1.0,2,0.0,0.0,0.0,0.413,0.035,0,64.5,-0.225,0
PID102078,CRPF,Constable/GD,14.1,True,with_family,nuclear,0.0,counter_insurgency_jk_ne,8.2,29,16.9,0.583,61.6,0.291,61.7,46.6,0.0,0.0,0.0,3.0,2.0,1.0,0,4.0,3.0,1.0,0.398,0.087,0,43.6,0.255,0
PID102079,CRPF,Constable/GD,6.0,True,separated_hardship_posting,nuclear,0.133,counter_naxal_lwe,1.0,30,16.8,0.56,64.8,0.492,54.0,56.8,1.0,0.0,1.0,4.0,1.0,3.0,0,5.0,7.0,-2.0,0.332,0.195,3,15.5,1.19,1
PID102080,CRPF,Constable/GD,19.7,False,not_applicable_unmarried,n/a,0.0,law_order_vip_duty,1.0,28,22.5,0.804,47.6,0.188,94.7,9.5,4.0,2.0,2.0,2.0,2.0,0.0,0,2.0,3.0,-1.0,0.183,-0.06,0,56.0,-0.36,0
PID102081,CRPF,Constable/GD,18.5,True,separated_hardship_posting,nuclear,0.347,counter_naxal_lwe,2.6,30,15.2,0.507,64.6,0.413,59.0,48.7,6.0,5.0,1.0,4.0,2.0,2.0,0,1.0,1.0,0.0,0.656,0.218,1,63.5,1.109,0
PID102082,CRPF,Head Constable,15.7,True,separated_hardship_posting,nuclear,1.107,counter_insurgency_jk_ne,8.3,31,23.7,0.765,65.9,0.361,52.2,43.7,2.0,2.0,0.0,4.0,1.0,3.0,0,0.0,0.0,0.0,0.216,0.172,0,29.7,0.719,0
PID102083,CRPF,Constable/GD,12.3,True,with_family,nuclear,0.0,counter_naxal_lwe,17.4,28,14.1,0.504,55.8,0.338,63.6,36.2,2.0,2.0,0.0,3.0,3.0,0.0,0,0.0,1.0,-1.0,0.235,0.058,1,30.8,0.049,0
PID102084,CRPF,Head Constable,22.3,True,separated_hardship_posting,nuclear,0.76,counter_insurgency_jk_ne,5.7,31,18.8,0.606,55.5,0.307,76.6,27.2,0.0,1.0,-1.0,2.0,2.0,0.0,0,0.0,0.0,0.0,0.29,0.002,0,55.5,-0.396,0
PID102085,CRPF,Constable/GD,23.6,True,with_family,nuclear,0.0,law_order_vip_duty,14.5,29,27.5,0.948,45.8,0.22,82.9,12.5,2.0,0.0,2.0,2.0,3.0,-1.0,2,0.0,0.0,0.0,0.287,0.023,0,27.0,-0.498,0
PID102086,CRPF,Constable/GD,6.1,False,not_applicable_unmarried,n/a,0.0,counter_naxal_lwe,1.0,32,12.0,0.375,65.8,0.305,52.0,49.3,4.0,3.0,1.0,3.0,2.0,1.0,0,4.0,2.0,2.0,0.296,0.214,1,24.1,1.043,0
PID102087,CRPF,Constable/GD,15.6,True,separated_hardship_posting,nuclear,0.613,counter_naxal_lwe,4.6,32,18.2,0.569,61.6,0.3,70.3,34.9,0.0,0.0,0.0,3.0,2.0,1.0,0,0.0,0.0,0.0,0.354,0.106,0,27.3,0.328,0
PID102088,CRPF,Head Constable,7.7,True,with_family,nuclear,0.0,peace_training_static,13.8,30,25.0,0.833,44.4,0.095,93.2,5.1,0.0,1.0,-1.0,1.0,2.0,-1.0,0,2.0,1.0,1.0,0.56,0.072,0,34.1,-0.673,0
PID102089,CRPF,Constable/GD,5.6,True,separated_hardship_posting,joint,0.267,counter_naxal_lwe,3.2,28,15.4,0.55,62.9,0.282,56.4,44.5,3.0,0.0,3.0,5.0,2.0,3.0,1,1.0,0.0,1.0,0.28,0.008,0,52.1,0.946,0
PID102090,CRPF,Constable/GD,23.6,True,separated_hardship_posting,nuclear,2.493,counter_naxal_lwe,18.7,29,12.3,0.424,59.8,0.32,57.4,33.1,4.0,0.0,4.0,4.0,2.0,2.0,2,7.0,2.0,5.0,0.192,0.132,0,43.2,1.413,0
PID102091,CRPF,ASI/SI,17.0,True,with_family,nuclear,0.0,counter_naxal_lwe,1.0,31,15.9,0.513,60.4,0.338,51.0,41.6,2.0,2.0,0.0,4.0,2.0,2.0,0,2.0,0.0,2.0,0.815,0.135,1,55.2,0.699,0
PID102092,CRPF,Head Constable,12.9,True,with_family,joint,0.0,peace_training_static,44.2,29,26.2,0.903,47.1,0.13,83.3,7.7,0.0,2.0,-2.0,1.0,2.0,-1.0,0,0.0,2.0,-2.0,0.804,0.124,0,49.5,-0.755,0
PID102093,CRPF,Constable/GD,6.5,True,with_family,nuclear,0.0,law_order_vip_duty,27.3,31,24.0,0.774,49.6,0.247,81.4,15.1,2.0,3.0,-1.0,3.0,3.0,0.0,1,0.0,2.0,-2.0,0.071,0.01,0,61.1,-0.575,0
PID102094,CRPF,ASI/SI,24.0,False,not_applicable_unmarried,n/a,0.0,counter_insurgency_jk_ne,18.1,32,21.9,0.684,56.1,0.288,76.5,36.8,6.0,4.0,2.0,4.0,3.0,1.0,0,2.0,2.0,0.0,0.071,-0.038,0,56.6,0.065,1
PID102095,CRPF,Constable/GD,6.0,True,with_family,nuclear,0.0,peace_training_static,4.0,32,21.8,0.681,45.4,0.074,93.6,7.3,0.0,0.0,0.0,3.0,2.0,1.0,1,3.0,2.0,1.0,0.181,0.116,0,24.2,0.225,0
PID102096,CRPF,Constable/GD,5.1,False,not_applicable_unmarried,n/a,0.0,law_order_vip_duty,1.0,29,21.4,0.738,52.4,0.246,68.7,24.3,5.0,0.0,5.0,5.0,3.0,2.0,1,1.0,3.0,-2.0,0.272,0.103,0,35.7,1.101,0
PID102097,CRPF,Constable/GD,11.0,True,separated_hardship_posting,nuclear,0.387,peace_training_static,2.9,32,28.3,0.884,48.4,0.167,82.4,22.3,0.0,0.0,0.0,3.0,2.0,1.0,1,3.0,1.0,2.0,0.453,0.091,1,60.1,-0.097,0
PID102098,CRPF,Constable/GD,16.2,False,not_applicable_unmarried,n/a,0.0,law_order_vip_duty,12.0,29,21.6,0.745,54.3,0.191,85.2,32.1,1.0,1.0,0.0,2.0,1.0,1.0,0,0.0,2.0,-2.0,0.335,0.113,0,47.0,0.139,0
PID102099,CRPF,Constable/GD,9.0,False,not_applicable_unmarried,n/a,0.0,peace_training_static,8.0,32,28.9,0.903,40.0,0.061,94.5,4.5,1.0,2.0,-1.0,2.0,1.0,1.0,1,3.0,1.0,2.0,0.046,-0.064,0,33.0,-0.741,0
PID102100,CRPF,Head Constable,35.0,True,with_family,nuclear,0.0,law_order_vip_duty,1.2,28,18.5,0.661,57.6,0.193,77.5,34.5,0.0,2.0,-2.0,3.0,2.0,1.0,1,2.0,1.0,1.0,0.017,-0.046,0,35.2,-0.548,0
PID102101,CRPF,Constable/GD,12.2,True,separated_hardship_posting,nuclear,0.147,counter_naxal_lwe,1.1,30,11.9,0.397,62.2,0.339,65.9,38.6,0.0,0.0,0.0,4.0,3.0,1.0,1,1.0,0.0,1.0,0.615,0.185,0,53.9,0.776,0
PID102102,CRPF,ASI/SI,7.7,True,with_family,nuclear,0.0,counter_naxal_lwe,19.6,31,17.7,0.571,60.7,0.419,65.0,42.8,0.0,1.0,-1.0,4.0,1.0,3.0,0,2.0,1.0,1.0,0.121,0.097,1,35.3,0.573,0
PID102103,CRPF,ASI/SI,8.2,False,not_applicable_unmarried,n/a,0.0,counter_naxal_lwe,5.1,28,12.4,0.443,58.4,0.392,66.7,38.9,2.0,1.0,1.0,4.0,2.0,2.0,0,5.0,6.0,-1.0,0.132,0.034,0,57.9,0.633,0
PID102104,CRPF,Head Constable,28.2,True,separated_hardship_posting,nuclear,0.653,counter_insurgency_jk_ne,4.9,30,19.2,0.64,66.0,0.3,63.9,46.2,0.0,0.0,0.0,4.0,3.0,1.0,0,0.0,0.0,0.0,0.399,0.086,0,37.7,0.184,1
PID102105,CRPF,Head Constable,10.4,True,with_family,joint,0.0,peace_training_static,6.7,29,23.3,0.803,55.4,0.234,64.8,36.4,4.0,1.0,3.0,4.0,2.0,2.0,1,0.0,1.0,-1.0,0.377,0.081,0,63.1,0.649,0
PID102106,CRPF,Head Constable,23.1,True,with_family,nuclear,0.0,law_order_vip_duty,34.0,32,26.1,0.816,59.5,0.218,78.9,24.4,1.0,2.0,-1.0,1.0,3.0,-2.0,1,2.0,4.0,-2.0,0.025,-0.181,0,58.2,-1.629,0
PID102107,CRPF,Inspector+,3.3,True,separated_hardship_posting,nuclear,2.96,law_order_vip_duty,22.2,30,22.3,0.743,52.5,0.305,63.2,26.7,0.0,2.0,-2.0,1.0,2.0,-1.0,1,4.0,1.0,3.0,0.284,0.056,0,32.1,-0.768,0
PID102108,CRPF,Constable/GD,19.9,True,separated_hardship_posting,nuclear,5.24,law_order_vip_duty,39.3,28,21.0,0.75,53.4,0.293,75.4,26.2,0.0,0.0,0.0,3.0,1.0,2.0,0,4.0,3.0,1.0,0.063,-0.134,0,52.2,-0.4,0
PID102109,CRPF,Constable/GD,6.7,True,separated_hardship_posting,nuclear,3.48,peace_training_static,26.1,28,24.5,0.875,52.0,0.189,78.9,18.4,2.0,1.0,1.0,1.0,3.0,-2.0,2,1.0,0.0,1.0,0.013,-0.007,0,20.0,-0.868,0
PID102110,CRPF,Constable/GD,17.2,False,not_applicable_unmarried,n/a,0.0,law_order_vip_duty,7.4,28,19.8,0.707,51.0,0.239,74.6,25.9,2.0,0.0,2.0,3.0,3.0,0.0,0,1.0,1.0,0.0,0.514,-0.01,0,41.4,-0.093,0
PID102111,CRPF,Constable/GD,6.7,False,not_applicable_unmarried,n/a,0.0,counter_naxal_lwe,9.0,28,14.7,0.525,64.2,0.357,53.2,48.2,6.0,1.0,5.0,4.0,2.0,2.0,0,9.0,9.0,0.0,0.499,0.102,1,40.2,1.354,0
PID102112,CRPF,Constable/GD,8.6,True,separated_hardship_posting,nuclear,1.32,counter_insurgency_jk_ne,9.9,30,21.5,0.717,58.9,0.3,70.5,36.0,3.0,4.0,-1.0,3.0,3.0,0.0,0,1.0,1.0,0.0,0.057,0.017,0,14.9,-0.485,0
PID102113,CRPF,Head Constable,5.5,True,with_family,nuclear,0.0,counter_insurgency_jk_ne,8.2,29,12.8,0.441,65.7,0.351,62.5,44.2,6.0,1.0,5.0,4.0,2.0,2.0,0,3.0,1.0,2.0,0.743,0.286,0,13.8,2.011,1
PID102114,CRPF,Constable/GD,17.4,False,not_applicable_unmarried,n/a,0.0,counter_naxal_lwe,10.8,29,14.0,0.483,67.7,0.303,56.8,55.0,3.0,0.0,3.0,4.0,3.0,1.0,0,3.0,2.0,1.0,0.417,0.171,2,58.2,1.092,0
PID102115,CRPF,ASI/SI,18.9,False,not_applicable_unmarried,n/a,0.0,counter_naxal_lwe,11.6,29,19.1,0.659,61.4,0.334,61.4,42.6,2.0,0.0,2.0,5.0,2.0,3.0,1,2.0,2.0,0.0,0.207,0.082,0,39.6,0.886,1
PID102116,CRPF,Constable/GD,6.9,False,not_applicable_unmarried,n/a,0.0,counter_naxal_lwe,17.4,30,19.0,0.633,68.1,0.45,58.8,51.8,0.0,0.0,0.0,3.0,1.0,2.0,0,2.0,2.0,0.0,0.36,0.132,2,42.4,0.544,0
PID102117,CRPF,Constable/GD,3.9,False,not_applicable_unmarried,n/a,0.0,counter_naxal_lwe,7.1,30,20.5,0.683,62.0,0.387,57.8,45.0,1.0,0.0,1.0,2.0,2.0,0.0,2,0.0,1.0,-1.0,0.534,0.077,1,35.7,0.045,0
PID102118,CRPF,Constable/GD,22.9,True,with_family,nuclear,0.0,counter_naxal_lwe,14.8,30,16.3,0.543,59.8,0.407,61.7,45.8,0.0,0.0,0.0,3.0,3.0,0.0,1,7.0,14.0,-7.0,0.477,0.1,0,59.0,0.128,0
PID102119,CRPF,Constable/GD,7.4,False,not_applicable_unmarried,n/a,0.0,peace_training_static,7.4,32,24.8,0.775,44.9,0.047,91.5,9.6,1.0,1.0,0.0,3.0,2.0,1.0,0,0.0,0.0,0.0,0.0,-0.07,0,17.5,-0.45,0
PID102120,CRPF,Constable/GD,10.1,True,with_family,nuclear,0.0,counter_naxal_lwe,35.8,29,12.6,0.434,62.6,0.324,77.0,34.3,2.0,2.0,0.0,3.0,2.0,1.0,0,1.0,4.0,-3.0,0.235,0.072,0,52.7,0.392,0
PID102121,CRPF,Constable/GD,6.1,True,with_family,nuclear,0.0,peace_training_static,12.3,29,25.2,0.869,42.9,0.14,86.2,19.4,0.0,0.0,0.0,2.0,1.0,1.0,0,0.0,0.0,0.0,0.269,0.149,2,69.7,0.095,0
PID102122,CRPF,Constable/GD,16.5,True,with_family,nuclear,0.0,counter_naxal_lwe,11.2,30,18.8,0.627,59.9,0.348,69.2,40.8,2.0,3.0,-1.0,3.0,2.0,1.0,0,5.0,2.0,3.0,0.328,0.148,2,28.0,0.233,0
PID102123,CRPF,Constable/GD,16.7,True,with_family,nuclear,0.0,peace_training_static,6.1,28,24.4,0.871,40.2,0.046,87.7,0.0,1.0,0.0,1.0,1.0,1.0,0.0,0,1.0,0.0,1.0,0.379,-0.04,0,25.5,-0.534,0
PID102124,CRPF,Constable/GD,25.0,True,with_family,nuclear,0.0,law_order_vip_duty,1.9,31,22.3,0.719,48.7,0.266,74.0,14.3,2.0,3.0,-1.0,1.0,2.0,-1.0,1,0.0,2.0,-2.0,0.177,0.132,1,45.8,-0.355,0
PID102125,CRPF,Constable/GD,20.2,True,with_family,nuclear,0.0,peace_training_static,1.3,30,28.2,0.94,46.9,0.185,83.2,20.3,1.0,1.0,0.0,1.0,2.0,-1.0,0,0.0,0.0,0.0,0.52,-0.135,0,49.8,-1.273,0
PID102126,CRPF,Constable/GD,19.5,False,not_applicable_unmarried,n/a,0.0,counter_insurgency_jk_ne,2.0,29,17.5,0.603,62.2,0.283,63.5,46.8,0.0,0.0,0.0,2.0,1.0,1.0,0,4.0,2.0,2.0,0.226,0.119,2,20.8,0.328,0
PID102127,CRPF,Constable/GD,10.7,True,separated_hardship_posting,nuclear,3.067,law_order_vip_duty,23.0,29,20.4,0.703,55.7,0.268,70.4,33.8,2.0,0.0,2.0,4.0,2.0,2.0,2,2.0,1.0,1.0,0.0,-0.126,0,34.7,-0.01,0
PID102128,CRPF,Constable/GD,9.9,True,with_family,joint,0.0,counter_naxal_lwe,2.0,30,13.5,0.45,63.7,0.472,54.5,52.8,0.0,1.0,-1.0,4.0,2.0,2.0,1,0.0,0.0,0.0,0.58,0.321,3,62.8,1.18,1
PID102129,CRPF,Constable/GD,16.3,True,separated_hardship_posting,nuclear,2.987,counter_insurgency_jk_ne,22.4,32,22.0,0.688,51.9,0.392,67.1,35.3,0.0,1.0,-1.0,3.0,2.0,1.0,1,1.0,1.0,0.0,0.351,-0.055,0,68.7,-0.454,0
PID102130,CRPF,Constable/GD,10.3,True,with_family,nuclear,0.0,law_order_vip_duty,6.1,29,24.9,0.859,48.6,0.206,90.0,17.5,0.0,0.0,0.0,2.0,2.0,0.0,0,0.0,1.0,-1.0,0.296,0.073,0,37.6,-0.334,0
PID102131,CRPF,Head Constable,20.6,True,with_family,joint,0.0,counter_naxal_lwe,18.2,30,13.3,0.443,61.2,0.284,59.3,32.0,1.0,0.0,1.0,3.0,3.0,0.0,1,1.0,1.0,0.0,0.267,0.166,0,42.0,0.604,0
PID102132,CRPF,Inspector+,5.9,True,with_family,nuclear,0.0,counter_naxal_lwe,9.9,28,14.2,0.507,65.9,0.364,61.4,43.6,8.0,6.0,2.0,4.0,2.0,2.0,2,4.0,1.0,3.0,0.632,0.211,2,44.8,1.244,1
PID102133,CRPF,ASI/SI,3.2,True,with_family,joint,0.0,peace_training_static,10.6,29,28.1,0.969,43.8,0.261,89.4,18.3,0.0,0.0,0.0,3.0,2.0,1.0,0,0.0,0.0,0.0,0.264,-0.008,0,0.0,-0.499,0
PID102134,CRPF,Constable/GD,15.3,False,not_applicable_unmarried,n/a,0.0,counter_naxal_lwe,15.2,31,13.6,0.439,57.1,0.43,58.3,43.7,0.0,0.0,0.0,5.0,2.0,3.0,0,1.0,8.0,-7.0,0.0,-0.024,0,28.7,0.523,0
PID102135,CRPF,Constable/GD,8.0,True,with_family,nuclear,0.0,law_order_vip_duty,4.5,31,24.3,0.784,57.8,0.22,69.4,31.5,1.0,2.0,-1.0,2.0,2.0,0.0,1,1.0,0.0,1.0,0.538,0.014,0,39.3,-0.576,0
PID102136,CRPF,Constable/GD,5.3,True,with_family,joint,0.0,counter_naxal_lwe,1.0,32,16.6,0.519,59.1,0.444,61.2,39.8,2.0,2.0,0.0,3.0,2.0,1.0,1,0.0,1.0,-1.0,0.124,0.076,0,75.2,0.299,0
PID102137,CRPF,Head Constable,33.6,False,not_applicable_unmarried,n/a,0.0,counter_naxal_lwe,11.6,30,12.8,0.427,57.5,0.42,74.0,37.9,0.0,0.0,0.0,3.0,2.0,1.0,0,5.0,6.0,-1.0,0.405,0.111,1,46.4,0.516,0
PID102138,CRPF,Head Constable,11.3,True,separated_hardship_posting,joint,0.433,counter_naxal_lwe,5.2,32,22.9,0.716,62.9,0.236,63.2,38.0,0.0,0.0,0.0,3.0,2.0,1.0,3,6.0,1.0,5.0,0.473,-0.034,0,61.9,-0.27,0
PID102139,CRPF,ASI/SI,4.5,False,not_applicable_unmarried,n/a,0.0,counter_insurgency_jk_ne,9.3,30,17.0,0.567,57.8,0.364,87.6,31.8,0.0,0.0,0.0,3.0,3.0,0.0,1,0.0,2.0,-2.0,0.234,-0.037,0,37.2,-0.312,0
PID102140,CRPF,ASI/SI,7.4,True,with_family,nuclear,0.0,peace_training_static,12.9,28,26.8,0.957,44.0,0.127,95.1,9.8,3.0,2.0,1.0,2.0,2.0,0.0,1,8.0,9.0,-1.0,0.277,-0.1,0,46.7,-0.819,0
PID102141,CRPF,Constable/GD,9.4,True,with_family,nuclear,0.0,peace_training_static,2.8,28,21.8,0.779,46.0,0.068,92.7,6.1,0.0,0.0,0.0,2.0,2.0,0.0,0,1.0,4.0,-3.0,0.795,0.022,0,25.6,-0.391,0
PID102142,CRPF,Head Constable,15.1,True,separated_hardship_posting,joint,0.492,counter_naxal_lwe,5.9,30,21.2,0.707,58.3,0.355,71.0,40.6,0.0,0.0,0.0,3.0,1.0,2.0,0,2.0,1.0,1.0,0.121,0.015,0,17.8,0.103,0
PID102143,CRPF,ASI/SI,7.4,True,separated_hardship_posting,nuclear,0.627,counter_naxal_lwe,4.7,29,21.8,0.752,60.0,0.375,52.7,42.7,1.0,0.0,1.0,3.0,1.0,2.0,0,1.0,1.0,0.0,0.422,-0.038,0,23.0,0.044,0
PID102144,CRPF,Constable/GD,10.2,False,not_applicable_unmarried,n/a,0.0,peace_training_static,1.0,28,20.7,0.739,45.9,0.072,97.7,11.2,3.0,0.0,3.0,3.0,2.0,1.0,0,2.0,4.0,-2.0,0.563,-0.074,0,33.3,0.045,0
PID102145,CRPF,ASI/SI,13.1,True,separated_hardship_posting,nuclear,0.867,counter_naxal_lwe,6.5,28,14.9,0.532,53.9,0.343,63.1,34.0,0.0,0.0,0.0,3.0,2.0,1.0,0,1.0,1.0,0.0,0.209,0.01,0,38.4,0.086,0
PID102146,CRPF,Constable/GD,14.5,True,with_family,nuclear,0.0,counter_naxal_lwe,12.7,31,21.0,0.677,65.8,0.33,63.6,53.1,1.0,1.0,0.0,5.0,2.0,3.0,0,2.0,1.0,1.0,0.376,-0.026,0,30.3,0.229,0
PID102147,CRPF,Inspector+,10.6,True,separated_hardship_posting,nuclear,0.133,counter_insurgency_jk_ne,1.0,31,17.2,0.555,52.5,0.348,68.8,33.7,1.0,3.0,-2.0,2.0,1.0,1.0,0,1.0,2.0,-1.0,0.063,0.043,0,4.5,-0.152,0
PID102148,CRPF,Head Constable,28.0,False,not_applicable_unmarried,n/a,0.0,law_order_vip_duty,5.7,29,23.0,0.793,48.2,0.202,78.1,22.0,0.0,1.0,-1.0,2.0,1.0,1.0,0,1.0,1.0,0.0,0.222,-0.028,0,49.7,-0.5,0
PID102149,CRPF,Constable/GD,16.5,True,separated_hardship_posting,joint,0.383,counter_naxal_lwe,4.6,29,10.9,0.376,66.0,0.248,72.1,42.9,0.0,2.0,-2.0,4.0,2.0,2.0,2,3.0,5.0,-2.0,0.213,0.058,0,26.4,0.325,0
PID102150,CRPF,Head Constable,16.0,True,separated_hardship_posting,nuclear,1.267,counter_naxal_lwe,9.5,30,14.1,0.47,64.3,0.323,59.8,55.0,11.0,5.0,6.0,4.0,2.0,2.0,1,13.0,8.0,5.0,0.365,0.219,1,39.3,1.931,1
PID102151,CRPF,Constable/GD,15.7,False,not_applicable_unmarried,n/a,0.0,peace_training_static,1.6,28,26.1,0.932,46.3,0.063,81.4,12.8,2.0,3.0,-1.0,2.0,1.0,1.0,2,1.0,0.0,1.0,0.027,-0.038,0,27.6,-0.698,0
PID102152,CRPF,Head Constable,20.7,True,with_family,nuclear,0.0,peace_training_static,2.8,32,27.0,0.844,39.2,0.042,100.0,2.1,0.0,0.0,0.0,2.0,3.0,-1.0,0,1.0,2.0,-1.0,0.49,0.039,0,53.7,-0.633,0
PID102153,CRPF,Head Constable,12.6,True,with_family,nuclear,0.0,law_order_vip_duty,12.0,30,21.4,0.713,49.6,0.291,70.5,26.4,0.0,0.0,0.0,3.0,1.0,2.0,0,5.0,0.0,5.0,0.344,0.102,1,12.2,0.356,0
PID102154,CRPF,Head Constable,5.8,True,separated_hardship_posting,nuclear,0.827,law_order_vip_duty,6.2,29,17.2,0.593,51.1,0.268,85.2,13.3,0.0,0.0,0.0,2.0,2.0,0.0,1,1.0,1.0,0.0,0.21,-0.038,0,52.0,-0.347,0
PID102155,CRPF,ASI/SI,14.1,True,with_family,nuclear,0.0,peace_training_static,8.0,30,29.0,0.967,45.4,0.062,91.5,10.0,6.0,5.0,1.0,2.0,2.0,0.0,0,0.0,1.0,-1.0,0.148,0.108,0,31.6,-0.203,0
PID102156,CRPF,Constable/GD,15.2,False,not_applicable_unmarried,n/a,0.0,law_order_vip_duty,10.5,28,17.0,0.607,56.6,0.144,68.3,34.3,0.0,2.0,-2.0,2.0,2.0,0.0,2,1.0,2.0,-1.0,0.38,0.024,0,33.2,-0.485,0
PID102157,CRPF,Constable/GD,22.5,True,with_family,nuclear,0.0,law_order_vip_duty,1.1,29,26.4,0.91,60.0,0.214,74.4,35.8,1.0,0.0,1.0,3.0,2.0,1.0,0,1.0,2.0,-1.0,0.312,0.059,1,38.7,-0.069,0
PID102158,CRPF,Constable/GD,5.4,False,not_applicable_unmarried,n/a,0.0,counter_insurgency_jk_ne,11.2,30,16.0,0.533,60.5,0.221,71.7,42.2,0.0,0.0,0.0,3.0,2.0,1.0,0,0.0,2.0,-2.0,0.436,0.16,2,37.0,0.535,0
PID102159,CRPF,Constable/GD,6.3,True,with_family,nuclear,0.0,counter_naxal_lwe,12.6,32,20.0,0.625,59.9,0.335,52.0,46.3,1.0,2.0,-1.0,3.0,2.0,1.0,1,3.0,4.0,-1.0,0.113,0.009,0,59.0,-0.184,0
PID102160,CRPF,Constable/GD,11.5,True,with_family,nuclear,0.0,peace_training_static,7.1,32,30.9,0.966,50.9,0.124,82.7,21.7,3.0,1.0,2.0,2.0,2.0,0.0,1,4.0,0.0,4.0,0.326,0.011,0,47.8,-0.343,0
PID102161,CRPF,Constable/GD,16.0,False,not_applicable_unmarried,n/a,0.0,law_order_vip_duty,9.4,31,20.3,0.655,49.6,0.238,81.7,26.0,1.0,0.0,1.0,2.0,2.0,0.0,1,0.0,1.0,-1.0,0.437,0.022,0,58.0,-0.088,0
PID102162,CRPF,Constable/GD,4.8,True,separated_hardship_posting,nuclear,3.333,counter_naxal_lwe,25.0,29,14.2,0.49,51.5,0.37,74.0,31.2,1.0,1.0,0.0,3.0,2.0,1.0,0,2.0,6.0,-4.0,0.381,0.131,0,45.5,0.501,0
PID102163,CRPF,Constable/GD,5.5,True,with_family,nuclear,0.0,law_order_vip_duty,23.1,32,22.6,0.706,47.0,0.173,84.3,14.9,1.0,0.0,1.0,2.0,2.0,0.0,1,2.0,8.0,-6.0,0.433,0.001,0,35.9,-0.21,0
PID102164,CRPF,ASI/SI,18.1,True,with_family,joint,0.0,peace_training_static,11.6,28,24.0,0.857,36.5,0.124,99.5,3.2,3.0,0.0,3.0,2.0,1.0,1.0,0,2.0,1.0,1.0,0.557,0.001,0,36.2,0.129,0
PID102165,CRPF,Constable/GD,4.9,True,separated_hardship_posting,nuclear,2.147,counter_naxal_lwe,16.1,29,12.1,0.417,60.5,0.427,63.8,30.9,1.0,0.0,1.0,3.0,1.0,2.0,0,1.0,0.0,1.0,0.721,0.007,0,14.0,0.584,0
PID102166,CRPF,ASI/SI,6.4,False,not_applicable_unmarried,n/a,0.0,law_order_vip_duty,23.0,30,24.1,0.803,51.3,0.094,84.0,26.4,1.0,0.0,1.0,4.0,3.0,1.0,0,6.0,2.0,4.0,0.455,0.021,0,66.4,-0.055,0
PID102167,CRPF,Constable/GD,18.8,True,with_family,nuclear,0.0,counter_naxal_lwe,18.5,30,14.4,0.48,55.6,0.37,66.6,34.4,0.0,0.0,0.0,4.0,2.0,2.0,1,2.0,1.0,1.0,0.383,-0.005,0,36.0,0.316,0
PID102168,CRPF,Constable/GD,15.8,True,separated_hardship_posting,nuclear,1.68,law_order_vip_duty,12.6,31,22.9,0.739,48.6,0.149,85.5,11.7,1.0,0.0,1.0,1.0,1.0,0.0,2,2.0,0.0,2.0,0.195,-0.005,0,11.2,-0.27,0
PID102169,CRPF,Constable/GD,7.5,True,separated_hardship_posting,nuclear,2.107,peace_training_static,15.8,30,30.0,1.0,40.3,0.204,87.9,7.6,0.0,0.0,0.0,2.0,3.0,-1.0,0,0.0,0.0,0.0,0.362,0.017,0,22.5,-0.886,0
PID102170,CRPF,Constable/GD,14.8,True,with_family,nuclear,0.0,peace_training_static,13.4,32,30.5,0.953,45.5,0.169,81.1,24.2,0.0,0.0,0.0,1.0,2.0,-1.0,1,0.0,0.0,0.0,0.818,0.121,0,14.3,-0.515,0
PID102171,CRPF,Constable/GD,13.2,True,with_family,nuclear,0.0,peace_training_static,9.0,30,25.1,0.837,42.6,0.167,83.7,12.1,0.0,0.0,0.0,1.0,3.0,-2.0,2,2.0,0.0,2.0,0.023,-0.151,0,27.1,-1.41,0
PID102172,CRPF,Constable/GD,10.4,False,not_applicable_unmarried,n/a,0.0,law_order_vip_duty,8.0,31,26.4,0.852,56.0,0.169,75.0,29.0,0.0,0.0,0.0,2.0,2.0,0.0,1,0.0,1.0,-1.0,0.594,0.081,0,46.2,-0.301,0
PID102173,CRPF,Constable/GD,8.8,True,separated_hardship_posting,nuclear,2.76,counter_insurgency_jk_ne,20.7,28,18.8,0.671,58.7,0.316,61.6,48.6,1.0,0.0,1.0,3.0,3.0,0.0,1,0.0,0.0,0.0,0.276,0.198,0,6.9,0.423,0
PID102174,CRPF,Constable/GD,14.5,True,separated_hardship_posting,nuclear,2.253,law_order_vip_duty,16.9,28,18.9,0.675,58.4,0.243,69.1,38.0,0.0,0.0,0.0,3.0,2.0,1.0,0,0.0,0.0,0.0,0.449,0.032,0,57.7,-0.022,0
PID102175,CRPF,Head Constable,5.2,True,with_family,joint,0.0,counter_naxal_lwe,3.4,29,14.4,0.497,60.2,0.208,77.4,31.1,2.0,0.0,2.0,3.0,3.0,0.0,0,1.0,1.0,0.0,0.433,0.113,0,28.4,0.534,0
PID102176,CRPF,Constable/GD,14.4,True,separated_hardship_posting,nuclear,2.533,counter_insurgency_jk_ne,19.0,28,19.8,0.707,66.6,0.309,57.1,38.7,2.0,0.0,2.0,5.0,2.0,3.0,2,1.0,1.0,0.0,0.681,-0.004,0,34.6,0.567,0
PID102177,CRPF,ASI/SI,12.5,True,separated_hardship_posting,joint,3.8,counter_insurgency_jk_ne,45.6,32,21.5,0.672,58.0,0.337,67.5,39.8,0.0,0.0,0.0,3.0,2.0,1.0,1,0.0,0.0,0.0,0.086,-0.056,0,36.7,-0.283,0
PID102178,CRPF,Constable/GD,13.1,True,separated_hardship_posting,nuclear,1.147,counter_insurgency_jk_ne,8.6,31,14.1,0.455,55.9,0.215,72.5,26.2,1.0,0.0,1.0,3.0,2.0,1.0,1,1.0,0.0,1.0,0.331,0.159,0,21.4,0.781,1
PID102179,CRPF,Inspector+,6.2,True,with_family,nuclear,0.0,counter_insurgency_jk_ne,8.1,32,16.2,0.506,67.6,0.336,64.0,50.6,5.0,2.0,3.0,3.0,1.0,2.0,0,1.0,2.0,-1.0,0.478,0.174,1,48.6,1.287,0
PID102180,CRPF,Head Constable,22.8,True,separated_hardship_posting,nuclear,0.813,counter_naxal_lwe,6.1,29,18.0,0.621,54.7,0.356,79.5,30.6,0.0,0.0,0.0,3.0,2.0,1.0,0,1.0,3.0,-2.0,0.729,0.057,0,16.7,0.12,0
PID102181,CRPF,Inspector+,7.5,False,not_applicable_unmarried,n/a,0.0,counter_naxal_lwe,14.7,28,11.9,0.425,59.8,0.433,58.1,45.8,1.0,1.0,0.0,2.0,1.0,1.0,0,3.0,3.0,0.0,0.118,0.007,0,61.0,0.205,0
PID102182,CRPF,ASI/SI,8.3,True,separated_hardship_posting,joint,0.208,counter_naxal_lwe,2.5,29,18.4,0.634,55.3,0.325,74.5,36.3,0.0,1.0,-1.0,4.0,3.0,1.0,3,2.0,0.0,2.0,0.098,0.052,0,21.9,-0.065,0
PID102183,CRPF,Constable/GD,10.2,True,with_family,nuclear,0.0,counter_insurgency_jk_ne,1.3,28,22.6,0.807,50.6,0.311,88.4,14.4,0.0,2.0,-2.0,1.0,2.0,-1.0,0,3.0,0.0,3.0,0.087,-0.099,0,37.3,-1.313,0
PID102184,CRPF,Constable/GD,15.8,True,with_family,nuclear,0.0,counter_naxal_lwe,5.9,29,17.1,0.59,53.7,0.37,63.2,35.0,1.0,1.0,0.0,3.0,1.0,2.0,0,0.0,0.0,0.0,0.275,0.189,0,27.6,0.769,0
PID102185,CRPF,Constable/GD,12.8,True,with_family,joint,0.0,peace_training_static,33.9,28,22.4,0.8,48.5,0.0,96.5,9.5,0.0,0.0,0.0,3.0,2.0,1.0,1,4.0,2.0,2.0,0.754,0.034,0,54.3,-0.166,0
PID102186,CRPF,ASI/SI,3.8,True,separated_hardship_posting,nuclear,1.307,counter_naxal_lwe,9.8,29,16.5,0.569,56.7,0.329,58.0,38.9,4.0,1.0,3.0,4.0,2.0,2.0,1,1.0,4.0,-3.0,0.266,0.133,0,20.8,1.086,1
PID102187,CRPF,Head Constable,11.2,True,with_family,nuclear,0.0,peace_training_static,15.9,31,31.0,1.0,45.0,0.125,89.7,14.0,1.0,0.0,1.0,2.0,1.0,1.0,0,1.0,1.0,0.0,0.041,-0.116,0,58.9,-0.705,0
PID102188,CRPF,Constable/GD,11.7,True,separated_hardship_posting,joint,1.158,counter_naxal_lwe,13.9,32,17.9,0.559,65.6,0.209,62.6,42.6,0.0,1.0,-1.0,4.0,2.0,2.0,1,3.0,2.0,1.0,0.303,0.174,1,70.1,0.606,0
PID102189,CRPF,ASI/SI,23.1,True,with_family,nuclear,0.0,peace_training_static,4.1,29,27.6,0.952,47.9,0.16,74.7,16.0,0.0,0.0,0.0,2.0,3.0,-1.0,1,4.0,9.0,-5.0,0.177,0.011,0,17.0,-0.847,0
PID102190,CRPF,Constable/GD,9.3,True,with_family,nuclear,0.0,law_order_vip_duty,12.9,32,21.6,0.675,53.7,0.225,82.5,19.5,0.0,1.0,-1.0,2.0,2.0,0.0,0,0.0,3.0,-3.0,0.299,0.081,0,9.5,-0.242,0
PID102191,CRPF,Head Constable,15.0,False,not_applicable_unmarried,n/a,0.0,peace_training_static,2.3,31,25.7,0.829,50.9,0.125,83.9,11.0,3.0,0.0,3.0,2.0,2.0,0.0,2,2.0,2.0,0.0,0.692,0.061,0,33.8,0.127,0
PID102192,CRPF,Head Constable,35.0,False,not_applicable_unmarried,n/a,0.0,peace_training_static,1.0,28,27.9,0.996,52.4,0.163,74.3,24.6,0.0,0.0,0.0,3.0,1.0,2.0,0,0.0,2.0,-2.0,0.772,0.128,0,40.1,0.093,0
PID102193,CRPF,Constable/GD,21.0,False,not_applicable_unmarried,n/a,0.0,law_order_vip_duty,2.4,28,18.9,0.675,47.0,0.195,86.5,19.0,1.0,0.0,1.0,3.0,2.0,1.0,0,0.0,1.0,-1.0,0.005,-0.015,0,34.5,-0.008,0
PID102194,CRPF,Head Constable,6.0,True,with_family,nuclear,0.0,counter_naxal_lwe,10.6,28,7.6,0.271,63.9,0.353,65.0,42.1,1.0,0.0,1.0,3.0,1.0,2.0,0,5.0,5.0,0.0,0.821,0.278,0,33.7,1.575,0
PID102195,CRPF,ASI/SI,17.0,False,not_applicable_unmarried,n/a,0.0,counter_insurgency_jk_ne,5.2,31,17.7,0.571,56.9,0.352,56.7,42.8,1.0,0.0,1.0,2.0,1.0,1.0,0,0.0,1.0,-1.0,0.81,0.103,0,48.3,0.472,0
PID102196,CRPF,Constable/GD,14.4,True,separated_hardship_posting,nuclear,0.947,counter_naxal_lwe,7.1,31,18.0,0.581,61.4,0.353,43.5,46.0,2.0,1.0,1.0,4.0,1.0,3.0,4,8.0,5.0,3.0,0.161,0.023,0,43.3,0.647,0
PID102197,CRPF,Constable/GD,9.1,True,separated_hardship_posting,nuclear,0.88,peace_training_static,6.6,32,32.0,1.0,40.0,0.009,99.4,0.0,4.0,0.0,4.0,3.0,3.0,0.0,0,0.0,0.0,0.0,0.095,0.031,0,14.0,-0.015,0
PID102198,CRPF,Constable/GD,17.1,False,not_applicable_unmarried,n/a,0.0,peace_training_static,6.5,30,30.0,1.0,43.9,0.123,86.2,3.9,4.0,6.0,-2.0,1.0,1.0,0.0,0,2.0,2.0,0.0,0.279,-0.086,0,27.1,-1.292,0
PID102199,CRPF,Head Constable,5.9,False,not_applicable_unmarried,n/a,0.0,counter_naxal_lwe,15.0,28,15.7,0.561,60.3,0.354,71.5,36.3,1.0,0.0,1.0,2.0,2.0,0.0,1,3.0,3.0,0.0,0.378,0.094,0,58.0,0.242,0
PID102200,CRPF,Constable/GD,7.6,True,with_family,nuclear,0.0,law_order_vip_duty,10.3,32,26.0,0.812,57.7,0.274,67.3,39.1,0.0,0.0,0.0,2.0,2.0,0.0,0,0.0,1.0,-1.0,0.101,-0.058,0,40.5,-0.673,0
PID102201,CRPF,ASI/SI,10.2,False,not_applicable_unmarried,n/a,0.0,counter_naxal_lwe,38.3,32,18.0,0.562,57.4,0.329,69.6,42.3,3.0,3.0,0.0,4.0,3.0,1.0,1,0.0,0.0,0.0,0.11,0.078,1,37.5,0.254,0
PID102202,CRPF,ASI/SI,8.9,True,separated_hardship_posting,nuclear,0.92,law_order_vip_duty,6.9,31,24.3,0.784,42.5,0.161,89.7,9.0,0.0,2.0,-2.0,1.0,1.0,0.0,0,2.0,1.0,1.0,0.029,-0.086,0,19.1,-1.031,0
PID102203,CRPF,Constable/GD,16.1,True,separated_hardship_posting,nuclear,1.467,law_order_vip_duty,11.0,32,23.4,0.731,52.0,0.162,71.0,28.7,1.0,1.0,0.0,3.0,2.0,1.0,0,2.0,0.0,2.0,0.42,0.14,0,49.4,0.235,0
PID102204,CRPF,Constable/GD,11.0,True,with_family,nuclear,0.0,counter_insurgency_jk_ne,18.8,29,18.6,0.641,53.0,0.387,70.4,39.4,3.0,4.0,-1.0,2.0,3.0,-1.0,0,1.0,6.0,-5.0,0.392,-0.003,0,38.1,-0.669,0
PID102205,CRPF,Head Constable,8.3,True,with_family,nuclear,0.0,peace_training_static,1.0,30,24.8,0.827,45.4,0.137,80.6,9.8,1.0,1.0,0.0,2.0,2.0,0.0,0,9.0,8.0,1.0,0.476,-0.013,0,38.1,-0.553,0
PID102206,CRPF,Head Constable,20.8,False,not_applicable_unmarried,n/a,0.0,counter_naxal_lwe,1.0,30,22.4,0.747,64.6,0.433,47.4,52.9,0.0,0.0,0.0,4.0,1.0,3.0,0,1.0,3.0,-2.0,0.258,0.07,0,53.1,0.434,0
PID102207,CRPF,Constable/GD,15.7,True,with_family,nuclear,0.0,law_order_vip_duty,10.9,29,14.6,0.503,51.6,0.312,68.2,30.1,7.0,2.0,5.0,4.0,2.0,2.0,0,0.0,0.0,0.0,0.231,0.057,0,22.6,1.247,0
PID102208,CRPF,Constable/GD,4.4,True,with_family,nuclear,0.0,law_order_vip_duty,1.2,32,25.7,0.803,50.3,0.175,74.6,27.5,0.0,0.0,0.0,2.0,1.0,1.0,0,5.0,1.0,4.0,0.0,-0.02,0,56.0,-0.333,0
PID102209,CRPF,Constable/GD,4.3,False,not_applicable_unmarried,n/a,0.0,counter_naxal_lwe,4.4,30,17.5,0.583,61.4,0.301,63.2,35.9,0.0,0.0,0.0,3.0,2.0,1.0,0,2.0,1.0,1.0,0.072,0.052,0,42.9,0.151,0
PID102210,CRPF,Inspector+,8.4,False,not_applicable_unmarried,n/a,0.0,counter_insurgency_jk_ne,27.5,32,20.3,0.634,61.4,0.292,62.4,41.6,2.0,1.0,1.0,5.0,2.0,3.0,0,2.0,1.0,1.0,0.589,0.085,0,55.8,0.77,0
PID102211,CRPF,Constable/GD,4.7,False,not_applicable_unmarried,n/a,0.0,counter_naxal_lwe,28.2,29,12.4,0.428,57.4,0.387,67.1,36.3,4.0,3.0,1.0,3.0,2.0,1.0,0,0.0,0.0,0.0,0.614,0.133,0,34.1,0.736,1
PID102212,CRPF,ASI/SI,19.0,False,not_applicable_unmarried,n/a,0.0,law_order_vip_duty,1.0,30,17.5,0.583,54.9,0.136,68.7,29.3,4.0,1.0,3.0,2.0,1.0,1.0,1,2.0,3.0,-1.0,0.375,0.134,1,57.7,0.86,1
PID102213,CRPF,Constable/GD,7.8,False,not_applicable_unmarried,n/a,0.0,peace_training_static,6.5,32,30.6,0.956,42.0,0.147,90.4,15.0,0.0,1.0,-1.0,2.0,3.0,-1.0,0,0.0,1.0,-1.0,0.202,0.052,0,0.0,-0.884,0
PID102214,CRPF,ASI/SI,15.0,True,with_family,nuclear,0.0,counter_naxal_lwe,8.6,28,19.4,0.693,64.4,0.374,55.3,54.7,4.0,3.0,1.0,4.0,1.0,3.0,0,0.0,0.0,0.0,0.511,0.273,5,17.8,1.265,1
PID102215,CRPF,Constable/GD,16.9,True,with_family,nuclear,0.0,counter_naxal_lwe,22.4,30,17.2,0.573,55.8,0.282,72.5,37.6,1.0,0.0,1.0,3.0,2.0,1.0,0,1.0,2.0,-1.0,0.251,0.074,0,24.6,0.383,0
PID102216,CRPF,Constable/GD,2.9,False,not_applicable_unmarried,n/a,0.0,counter_insurgency_jk_ne,20.3,31,21.0,0.677,60.2,0.235,69.9,30.3,1.0,0.0,1.0,2.0,2.0,0.0,0,2.0,1.0,1.0,0.283,-0.006,0,27.0,-0.196,0
PID102217,CRPF,ASI/SI,8.0,True,separated_hardship_posting,nuclear,1.027,counter_naxal_lwe,7.7,31,15.7,0.506,61.6,0.377,62.1,40.5,2.0,1.0,1.0,1.0,2.0,-1.0,0,0.0,1.0,-1.0,0.103,0.034,0,54.9,-0.084,0
PID102218,CRPF,ASI/SI,9.9,True,with_family,nuclear,0.0,counter_naxal_lwe,7.1,31,18.0,0.581,62.4,0.474,50.5,54.5,0.0,0.0,0.0,3.0,1.0,2.0,0,1.0,0.0,1.0,0.338,0.12,3,9.2,0.57,0
PID102219,CRPF,Constable/GD,13.2,True,with_family,nuclear,0.0,law_order_vip_duty,5.3,31,26.9,0.868,55.8,0.202,74.7,31.6,0.0,2.0,-2.0,1.0,1.0,0.0,0,3.0,0.0,3.0,0.115,0.016,0,51.8,-0.825,0
PID102220,CRPF,Constable/GD,18.4,True,with_family,nuclear,0.0,counter_insurgency_jk_ne,12.3,28,15.9,0.568,54.7,0.32,68.0,31.3,4.0,0.0,4.0,3.0,1.0,2.0,1,2.0,1.0,1.0,0.302,0.027,0,38.1,0.922,0
PID102221,CRPF,Constable/GD,34.4,True,with_family,nuclear,0.0,peace_training_static,5.6,29,29.0,1.0,45.9,0.084,98.0,4.5,3.0,2.0,1.0,3.0,3.0,0.0,0,4.0,4.0,0.0,0.402,0.114,0,21.5,-0.226,0
PID102222,CRPF,Constable/GD,26.5,False,not_applicable_unmarried,n/a,0.0,counter_insurgency_jk_ne,1.3,31,13.7,0.442,59.2,0.314,67.0,17.8,1.0,2.0,-1.0,3.0,2.0,1.0,0,4.0,3.0,1.0,0.081,0.01,0,64.7,0.039,0
PID102223,CRPF,Constable/GD,10.9,True,with_family,joint,0.0,law_order_vip_duty,7.1,30,20.7,0.69,50.8,0.182,81.3,13.2,0.0,0.0,0.0,2.0,1.0,1.0,0,3.0,5.0,-2.0,0.284,-0.078,0,18.1,-0.372,0
PID102224,CRPF,ASI/SI,10.8,True,with_family,nuclear,0.0,counter_insurgency_jk_ne,4.4,29,19.0,0.655,60.9,0.284,58.0,38.9,2.0,0.0,2.0,4.0,2.0,2.0,0,0.0,0.0,0.0,0.3,-0.041,0,51.9,0.304,0
PID102225,CRPF,Constable/GD,25.0,True,with_family,nuclear,0.0,counter_naxal_lwe,27.1,32,23.3,0.728,63.3,0.497,50.9,49.6,0.0,0.0,0.0,4.0,3.0,1.0,1,1.0,1.0,0.0,0.89,0.235,0,58.2,0.527,0
PID102226,CRPF,Head Constable,11.3,False,not_applicable_unmarried,n/a,0.0,counter_insurgency_jk_ne,4.9,29,17.4,0.6,55.7,0.306,72.0,34.3,0.0,0.0,0.0,3.0,1.0,2.0,1,2.0,0.0,2.0,0.312,0.08,2,10.3,0.426,0
PID102227,CRPF,Constable/GD,7.9,True,separated_hardship_posting,nuclear,0.227,law_order_vip_duty,1.7,29,18.6,0.641,57.0,0.126,75.8,30.2,1.0,0.0,1.0,3.0,2.0,1.0,0,2.0,0.0,2.0,0.098,-0.061,0,22.8,-0.106,0
PID102228,CRPF,Constable/GD,19.1,True,with_family,nuclear,0.0,peace_training_static,35.2,30,30.0,1.0,48.2,0.159,84.1,28.4,0.0,4.0,-4.0,1.0,3.0,-2.0,0,1.0,0.0,1.0,0.542,0.145,0,58.7,-1.332,0
PID102229,CRPF,Head Constable,13.5,True,separated_hardship_posting,nuclear,3.467,counter_naxal_lwe,26.0,29,15.6,0.538,58.6,0.418,52.3,39.6,0.0,1.0,-1.0,3.0,2.0,1.0,2,1.0,1.0,0.0,0.213,0.071,0,41.0,0.107,1
PID102230,CRPF,Constable/GD,4.3,True,separated_hardship_posting,joint,0.408,counter_insurgency_jk_ne,4.9,30,20.0,0.667,54.6,0.341,65.4,24.1,1.0,0.0,1.0,3.0,2.0,1.0,0,3.0,2.0,1.0,0.0,-0.053,0,48.5,-0.114,0
PID102231,CRPF,Head Constable,9.4,True,with_family,nuclear,0.0,law_order_vip_duty,3.7,32,23.0,0.719,51.1,0.209,77.8,18.5,0.0,0.0,0.0,1.0,1.0,0.0,1,1.0,1.0,0.0,0.088,-0.077,0,39.6,-0.616,0
PID102232,CRPF,Constable/GD,4.8,True,with_family,joint,0.0,counter_naxal_lwe,5.5,32,18.0,0.562,63.8,0.295,69.2,49.3,0.0,2.0,-2.0,2.0,2.0,0.0,1,0.0,0.0,0.0,0.201,0.124,1,50.2,-0.131,0
PID102233,CRPF,ASI/SI,1.7,True,with_family,joint,0.0,peace_training_static,17.0,29,24.4,0.841,37.1,0.066,86.0,5.5,4.0,4.0,0.0,2.0,1.0,1.0,2,5.0,6.0,-1.0,0.207,-0.023,0,20.4,-0.388,0
PID102234,CRPF,Head Constable,28.5,True,with_family,nuclear,0.0,counter_naxal_lwe,16.9,29,22.7,0.783,58.8,0.339,59.5,44.6,0.0,0.0,0.0,2.0,2.0,0.0,0,5.0,5.0,0.0,0.588,0.056,1,49.7,-0.293,0
PID102235,CRPF,ASI/SI,12.1,True,with_family,nuclear,0.0,peace_training_static,1.0,32,32.0,1.0,43.7,0.098,80.6,8.8,0.0,0.0,0.0,2.0,1.0,1.0,0,5.0,4.0,1.0,0.289,0.163,0,36.1,-0.019,0
PID102236,CRPF,Constable/GD,9.6,True,separated_hardship_posting,nuclear,1.813,counter_insurgency_jk_ne,13.6,30,23.3,0.777,52.2,0.267,77.9,23.5,0.0,1.0,-1.0,1.0,3.0,-2.0,1,3.0,2.0,1.0,0.704,-0.028,0,35.4,-1.121,0
PID102237,CRPF,Constable/GD,8.3,False,not_applicable_unmarried,n/a,0.0,counter_naxal_lwe,1.0,28,13.0,0.464,57.9,0.423,70.5,29.8,0.0,0.0,0.0,2.0,2.0,0.0,0,4.0,2.0,2.0,0.566,0.07,0,18.2,0.134,0
PID102238,CRPF,Constable/GD,11.4,False,not_applicable_unmarried,n/a,0.0,law_order_vip_duty,5.8,30,17.0,0.567,52.5,0.275,77.4,25.0,0.0,1.0,-1.0,1.0,2.0,-1.0,1,6.0,5.0,1.0,0.049,-0.048,0,15.3,-0.715,0
PID102239,CRPF,Constable/GD,8.3,True,with_family,joint,0.0,counter_naxal_lwe,2.8,31,16.2,0.523,60.0,0.426,64.4,42.2,3.0,4.0,-1.0,3.0,4.0,-1.0,1,4.0,1.0,3.0,0.25,0.122,0,36.4,-0.148,0
PID102240,CRPF,Constable/GD,6.0,True,with_family,nuclear,0.0,law_order_vip_duty,2.3,30,30.0,1.0,50.4,0.173,75.4,26.3,1.0,3.0,-2.0,1.0,3.0,-2.0,2,0.0,1.0,-1.0,0.591,0.205,1,57.0,-0.844,0
PID102241,CRPF,Constable/GD,8.6,True,with_family,nuclear,0.0,peace_training_static,9.0,31,26.9,0.868,40.5,0.065,99.1,5.5,0.0,0.0,0.0,2.0,2.0,0.0,0,3.0,1.0,2.0,0.692,-0.112,0,41.6,-0.901,0
PID102242,CRPF,Constable/GD,23.6,True,separated_hardship_posting,joint,1.408,counter_insurgency_jk_ne,16.9,31,21.8,0.703,57.1,0.305,64.4,45.5,0.0,0.0,0.0,3.0,2.0,1.0,0,1.0,6.0,-5.0,0.009,-0.101,0,24.0,-0.458,0
PID102243,CRPF,Constable/GD,18.9,False,not_applicable_unmarried,n/a,0.0,counter_naxal_lwe,6.5,28,12.3,0.439,56.0,0.375,67.8,34.9,2.0,3.0,-1.0,2.0,2.0,0.0,0,0.0,0.0,0.0,0.057,0.015,0,35.9,-0.154,0
PID102244,CRPF,Constable/GD,8.6,True,with_family,joint,0.0,counter_insurgency_jk_ne,15.3,32,16.7,0.522,63.8,0.304,64.7,43.5,1.0,2.0,-1.0,4.0,3.0,1.0,2,1.0,2.0,-1.0,0.165,0.021,0,34.4,-0.025,0
PID102245,CRPF,Constable/GD,30.0,True,separated_hardship_posting,nuclear,1.133,counter_insurgency_jk_ne,8.5,28,16.6,0.593,65.0,0.321,57.9,45.6,1.0,0.0,1.0,4.0,1.0,3.0,1,0.0,3.0,-3.0,0.206,0.124,0,26.2,0.936,0
PID102246,CRPF,Constable/GD,10.8,False,not_applicable_unmarried,n/a,0.0,law_order_vip_duty,9.9,28,27.3,0.975,50.1,0.315,81.2,21.0,0.0,0.0,0.0,3.0,2.0,1.0,1,0.0,0.0,0.0,0.299,0.091,0,44.8,-0.205,0
PID102247,CRPF,Head Constable,6.9,False,not_applicable_unmarried,n/a,0.0,law_order_vip_duty,3.8,29,25.1,0.866,47.5,0.207,82.5,20.3,1.0,1.0,0.0,2.0,1.0,1.0,0,0.0,1.0,-1.0,0.285,0.016,0,24.1,-0.302,0
PID102248,CRPF,Constable/GD,13.9,False,not_applicable_unmarried,n/a,0.0,counter_insurgency_jk_ne,28.4,28,10.6,0.379,61.4,0.348,64.2,39.9,0.0,0.0,0.0,2.0,2.0,0.0,3,2.0,2.0,0.0,0.509,0.205,1,28.3,0.644,0
PID102249,CRPF,Constable/GD,25.7,False,not_applicable_unmarried,n/a,0.0,law_order_vip_duty,27.8,31,25.3,0.816,54.4,0.251,85.5,34.2,2.0,3.0,-1.0,2.0,2.0,0.0,1,2.0,2.0,0.0,0.481,0.008,0,22.2,-0.632,0
PID102250,CRPF,Constable/GD,23.0,True,separated_hardship_posting,nuclear,1.04,law_order_vip_duty,7.8,30,19.1,0.637,59.5,0.226,72.5,29.7,1.0,1.0,0.0,1.0,1.0,0.0,1,0.0,2.0,-2.0,0.678,-0.023,0,27.2,-0.354,0
PID102251,CRPF,Head Constable,7.1,True,separated_hardship_posting,nuclear,0.96,law_order_vip_duty,7.2,29,19.7,0.679,60.6,0.266,62.2,36.8,0.0,2.0,-2.0,2.0,1.0,1.0,0,2.0,3.0,-1.0,0.171,0.048,1,61.6,-0.286,0
PID102252,CRPF,Constable/GD,5.3,True,separated_hardship_posting,nuclear,0.133,counter_naxal_lwe,1.0,32,19.1,0.597,53.9,0.304,69.7,24.7,0.0,0.0,0.0,3.0,2.0,1.0,1,1.0,4.0,-3.0,0.0,-0.027,0,28.0,-0.105,0
PID102253,CRPF,Head Constable,9.0,True,with_family,nuclear,0.0,counter_insurgency_jk_ne,4.5,29,21.6,0.745,62.6,0.242,70.7,39.4,4.0,8.0,-4.0,2.0,3.0,-1.0,0,1.0,1.0,0.0,0.279,0.206,2,31.4,-0.626,0
PID102254,CRPF,Inspector+,15.2,True,with_family,joint,0.0,counter_insurgency_jk_ne,23.7,32,23.2,0.725,57.1,0.326,74.4,27.0,0.0,2.0,-2.0,1.0,1.0,0.0,0,1.0,1.0,0.0,0.288,-0.015,0,50.6,-0.747,0
PID102255,CRPF,Constable/GD,17.5,True,with_family,nuclear,0.0,peace_training_static,21.1,30,28.0,0.933,48.2,0.022,89.9,11.5,0.0,0.0,0.0,1.0,4.0,-3.0,1,0.0,2.0,-2.0,0.139,-0.038,0,54.3,-1.4,0
PID102256,CRPF,ASI/SI,21.2,True,with_family,joint,0.0,peace_training_static,5.9,31,28.9,0.932,49.1,0.151,74.8,14.3,0.0,1.0,-1.0,1.0,3.0,-2.0,1,1.0,0.0,1.0,0.022,-0.068,0,31.1,-1.427,0
PID102257,CRPF,Head Constable,12.5,False,not_applicable_unmarried,n/a,0.0,peace_training_static,1.0,32,32.0,1.0,48.9,0.052,82.4,10.1,0.0,3.0,-3.0,1.0,2.0,-1.0,2,0.0,0.0,0.0,0.132,-0.002,0,57.5,-1.407,0
PID102258,CRPF,Constable/GD,12.7,True,with_family,nuclear,0.0,counter_naxal_lwe,27.1,29,11.2,0.386,66.0,0.441,54.8,47.3,1.0,0.0,1.0,5.0,3.0,2.0,0,0.0,0.0,0.0,0.444,0.225,0,24.0,1.276,1
PID102259,CRPF,Constable/GD,12.2,True,with_family,nuclear,0.0,law_order_vip_duty,3.1,28,26.5,0.946,49.8,0.196,84.9,23.3,0.0,1.0,-1.0,1.0,2.0,-1.0,0,0.0,1.0,-1.0,0.805,0.01,0,48.9,-0.997,0
PID102260,CRPF,Head Constable,19.7,False,not_applicable_unmarried,n/a,0.0,peace_training_static,2.2,31,25.7,0.829,42.2,0.207,95.3,9.2,1.0,3.0,-2.0,1.0,2.0,-1.0,1,0.0,1.0,-1.0,0.446,0.003,0,37.6,-1.031,0
PID102261,CRPF,Inspector+,17.7,False,not_applicable_unmarried,n/a,0.0,counter_naxal_lwe,36.5,31,17.8,0.574,66.7,0.337,45.0,50.6,2.0,1.0,1.0,4.0,2.0,2.0,0,0.0,0.0,0.0,0.733,0.093,0,45.2,0.653,0
PID102262,CRPF,Constable/GD,7.0,True,with_family,joint,0.0,counter_naxal_lwe,7.4,28,13.9,0.496,58.5,0.335,71.5,38.9,0.0,0.0,0.0,3.0,2.0,1.0,0,4.0,5.0,-1.0,0.57,0.114,0,47.8,0.443,0
PID102263,CRPF,Constable/GD,16.5,True,with_family,nuclear,0.0,counter_naxal_lwe,18.4,32,14.1,0.441,69.4,0.402,60.1,48.8,0.0,0.0,0.0,3.0,2.0,1.0,0,0.0,3.0,-3.0,0.807,0.334,1,37.7,1.171,0
PID102264,CRPF,Head Constable,19.0,False,not_applicable_unmarried,n/a,0.0,law_order_vip_duty,18.7,31,24.6,0.794,48.9,0.238,66.3,14.8,1.0,0.0,1.0,4.0,2.0,2.0,0,3.0,3.0,0.0,0.108,-0.033,0,46.6,0.008,0
PID102265,CRPF,Constable/GD,19.9,True,separated_hardship_posting,nuclear,3.413,counter_insurgency_jk_ne,25.6,30,18.7,0.623,56.5,0.296,70.0,27.8,0.0,0.0,0.0,2.0,2.0,0.0,1,2.0,1.0,1.0,0.513,0.092,0,50.5,0.01,1
PID102266,CRPF,Head Constable,13.5,True,separated_hardship_posting,nuclear,0.293,counter_naxal_lwe,2.2,28,15.1,0.539,61.2,0.326,68.2,38.0,0.0,2.0,-2.0,3.0,2.0,1.0,0,1.0,1.0,0.0,0.225,0.057,0,14.5,-0.091,0
PID102267,CRPF,Constable/GD,13.1,False,not_applicable_unmarried,n/a,0.0,counter_insurgency_jk_ne,5.3,32,18.7,0.584,51.8,0.276,67.5,28.2,6.0,5.0,1.0,3.0,3.0,0.0,0,3.0,6.0,-3.0,0.478,0.013,0,25.6,-0.028,0
PID102268,CRPF,Head Constable,11.1,True,separated_hardship_posting,nuclear,0.133,law_order_vip_duty,1.0,30,27.1,0.903,45.8,0.361,76.2,25.5,2.0,2.0,0.0,4.0,3.0,1.0,0,0.0,2.0,-2.0,0.507,0.082,1,52.5,-0.145,0
PID102269,CRPF,ASI/SI,11.8,True,with_family,nuclear,0.0,peace_training_static,10.8,30,30.0,1.0,49.6,0.019,92.0,11.7,3.0,0.0,3.0,3.0,2.0,1.0,4,0.0,0.0,0.0,0.0,-0.06,0,10.0,-0.229,0
PID102270,CRPF,Head Constable,27.5,True,separated_hardship_posting,joint,3.358,law_order_vip_duty,40.3,28,24.8,0.886,45.1,0.148,85.3,18.4,0.0,2.0,-2.0,2.0,3.0,-1.0,0,2.0,0.0,2.0,0.27,0.056,0,21.8,-0.94,0
PID102271,CRPF,Head Constable,12.0,True,with_family,joint,0.0,peace_training_static,10.2,31,28.7,0.926,56.1,0.191,72.5,30.9,3.0,2.0,1.0,4.0,3.0,1.0,0,5.0,6.0,-1.0,0.019,-0.069,0,62.0,-0.475,0
PID102272,CRPF,Head Constable,7.3,True,with_family,nuclear,0.0,law_order_vip_duty,10.8,32,19.1,0.597,51.6,0.286,77.1,19.1,1.0,1.0,0.0,2.0,2.0,0.0,1,0.0,0.0,0.0,0.175,-0.003,0,33.3,-0.248,0
PID102273,CRPF,ASI/SI,13.7,True,with_family,nuclear,0.0,peace_training_static,16.9,31,29.8,0.961,41.9,0.065,88.3,0.0,0.0,0.0,0.0,2.0,3.0,-1.0,1,2.0,1.0,1.0,0.13,0.02,0,41.8,-0.83,0
PID102274,CRPF,ASI/SI,17.3,True,separated_hardship_posting,nuclear,1.08,counter_insurgency_jk_ne,8.1,29,19.4,0.669,59.7,0.195,64.1,29.9,0.0,0.0,0.0,4.0,1.0,3.0,1,0.0,0.0,0.0,0.363,0.102,0,45.0,0.624,0
PID102275,CRPF,Constable/GD,19.4,True,with_family,nuclear,0.0,peace_training_static,6.3,28,27.5,0.982,36.2,0.196,95.0,7.8,1.0,0.0,1.0,2.0,3.0,-1.0,1,1.0,1.0,0.0,0.371,0.012,0,45.7,-0.724,0
PID102276,CRPF,Head Constable,6.0,False,not_applicable_unmarried,n/a,0.0,peace_training_static,8.8,30,23.6,0.787,44.7,0.057,98.2,8.8,1.0,0.0,1.0,2.0,2.0,0.0,0,1.0,1.0,0.0,0.205,0.026,0,31.2,-0.233,0
PID102277,CRPF,Constable/GD,24.5,False,not_applicable_unmarried,n/a,0.0,law_order_vip_duty,3.5,30,25.1,0.837,51.2,0.191,82.4,21.1,4.0,1.0,3.0,2.0,3.0,-1.0,1,5.0,7.0,-2.0,0.594,-0.085,0,33.6,-0.536,0
PID102278,CRPF,ASI/SI,17.0,True,separated_hardship_posting,joint,0.308,counter_insurgency_jk_ne,3.7,29,22.1,0.762,52.9,0.306,81.7,27.5,0.0,1.0,-1.0,2.0,1.0,1.0,3,2.0,2.0,0.0,0.0,-0.078,0,71.2,-0.614,0
PID102279,CRPF,Head Constable,23.8,False,not_applicable_unmarried,n/a,0.0,counter_naxal_lwe,6.1,31,14.1,0.455,59.5,0.286,69.6,42.7,4.0,4.0,0.0,3.0,3.0,0.0,0,0.0,0.0,0.0,0.323,0.16,1,19.1,0.415,0
PID102280,CRPF,Constable/GD,4.6,True,separated_hardship_posting,nuclear,0.947,counter_naxal_lwe,7.1,32,19.7,0.616,68.1,0.405,64.0,50.0,0.0,0.0,0.0,3.0,1.0,2.0,0,0.0,0.0,0.0,0.421,0.169,3,28.5,0.677,0
PID102281,CRPF,Constable/GD,20.3,True,with_family,joint,0.0,counter_naxal_lwe,15.5,28,13.0,0.464,62.7,0.351,61.4,45.1,0.0,1.0,-1.0,5.0,4.0,1.0,0,2.0,4.0,-2.0,0.382,0.243,0,21.5,0.714,0
PID102282,CRPF,Constable/GD,5.8,True,with_family,nuclear,0.0,counter_naxal_lwe,7.6,29,15.6,0.538,63.6,0.297,63.7,50.1,0.0,0.0,0.0,2.0,2.0,0.0,1,1.0,2.0,-1.0,0.302,0.185,2,35.9,0.391,0
PID102283,CRPF,Head Constable,9.7,False,not_applicable_unmarried,n/a,0.0,counter_insurgency_jk_ne,26.0,30,15.2,0.507,54.9,0.252,75.9,19.8,3.0,2.0,1.0,2.0,2.0,0.0,0,1.0,2.0,-1.0,0.002,-0.052,0,25.0,-0.132,0
PID102284,CRPF,Constable/GD,17.3,True,separated_hardship_posting,joint,0.958,counter_naxal_lwe,11.5,28,14.3,0.511,56.7,0.428,60.7,48.3,3.0,2.0,1.0,3.0,3.0,0.0,1,1.0,1.0,0.0,0.277,0.16,0,57.9,0.502,0
PID102285,CRPF,Constable/GD,5.4,True,separated_hardship_posting,nuclear,2.52,peace_training_static,18.9,31,26.9,0.868,45.0,0.103,85.7,0.0,0.0,0.0,0.0,2.0,4.0,-2.0,2,0.0,6.0,-6.0,0.0,-0.02,0,62.7,-1.053,0
PID102286,CRPF,ASI/SI,8.2,True,with_family,nuclear,0.0,law_order_vip_duty,3.1,28,22.2,0.793,42.2,0.257,81.9,10.4,2.0,4.0,-2.0,2.0,3.0,-1.0,0,2.0,0.0,2.0,0.234,-0.075,0,38.3,-1.221,0
PID102287,CRPF,Head Constable,4.6,True,separated_hardship_posting,nuclear,1.4,peace_training_static,10.5,28,27.9,0.996,41.6,0.119,90.1,4.9,1.0,0.0,1.0,1.0,2.0,-1.0,0,0.0,0.0,0.0,0.273,-0.058,0,23.6,-0.953,0
PID102288,CRPF,Constable/GD,17.0,True,separated_hardship_posting,joint,3.192,counter_insurgency_jk_ne,38.3,29,21.0,0.724,53.0,0.195,90.3,13.4,0.0,0.0,0.0,1.0,1.0,0.0,0,0.0,0.0,0.0,0.045,-0.113,0,66.2,-0.732,0
PID102289,CRPF,Constable/GD,6.9,True,separated_hardship_posting,nuclear,0.133,counter_naxal_lwe,1.0,30,14.5,0.483,53.8,0.395,79.9,30.2,0.0,0.0,0.0,3.0,2.0,1.0,1,0.0,2.0,-2.0,0.717,-0.016,0,27.5,0.065,0
PID102290,CRPF,Inspector+,11.6,False,not_applicable_unmarried,n/a,0.0,counter_naxal_lwe,8.4,31,18.1,0.584,64.6,0.414,54.4,48.7,3.0,1.0,2.0,4.0,1.0,3.0,0,4.0,0.0,4.0,0.058,0.004,0,42.2,0.741,0
PID102291,CRPF,Head Constable,14.4,True,with_family,nuclear,0.0,peace_training_static,6.0,28,21.9,0.782,45.5,0.231,82.2,20.7,3.0,7.0,-4.0,1.0,3.0,-2.0,0,1.0,1.0,0.0,0.513,0.061,0,44.4,-1.32,0
PID102292,CRPF,Head Constable,13.6,True,separated_hardship_posting,nuclear,0.133,counter_naxal_lwe,1.0,31,16.7,0.539,59.5,0.236,56.2,41.5,3.0,1.0,2.0,3.0,3.0,0.0,1,1.0,1.0,0.0,0.35,-0.003,0,24.1,0.134,0
PID102293,CRPF,Constable/GD,12.9,False,not_applicable_unmarried,n/a,0.0,law_order_vip_duty,1.1,28,21.1,0.754,54.7,0.03,76.7,22.6,0.0,3.0,-3.0,3.0,2.0,1.0,0,0.0,1.0,-1.0,0.212,-0.058,0,32.5,-0.852,0
PID102294,CRPF,Constable/GD,12.9,False,not_applicable_unmarried,n/a,0.0,counter_naxal_lwe,9.5,32,14.8,0.462,55.4,0.388,62.7,42.3,2.0,0.0,2.0,4.0,3.0,1.0,3,0.0,2.0,-2.0,0.147,0.089,1,66.6,0.717,0
PID102295,CRPF,Constable/GD,4.8,False,not_applicable_unmarried,n/a,0.0,counter_naxal_lwe,13.8,30,18.2,0.607,56.6,0.314,66.5,38.0,0.0,0.0,0.0,4.0,2.0,2.0,1,1.0,0.0,1.0,0.158,0.103,0,42.9,0.488,0
PID102296,CRPF,Head Constable,10.0,True,with_family,nuclear,0.0,counter_naxal_lwe,26.2,31,16.6,0.535,66.5,0.264,56.9,44.2,2.0,1.0,1.0,2.0,1.0,1.0,1,3.0,1.0,2.0,0.39,0.141,1,46.2,0.63,1
PID102297,CRPF,Constable/GD,12.8,True,with_family,joint,0.0,counter_insurgency_jk_ne,18.2,28,17.3,0.618,67.1,0.306,59.2,47.7,2.0,3.0,-1.0,3.0,2.0,1.0,0,2.0,2.0,0.0,0.416,0.126,0,51.1,0.178,0
PID102298,CRPF,Constable/GD,12.1,False,not_applicable_unmarried,n/a,0.0,counter_naxal_lwe,36.1,31,20.7,0.668,64.7,0.323,64.6,40.6,0.0,2.0,-2.0,3.0,2.0,1.0,0,1.0,0.0,1.0,0.0,-0.078,1,45.3,-0.653,0
PID102299,CRPF,Head Constable,10.7,True,with_family,joint,0.0,peace_training_static,1.0,30,25.7,0.857,47.9,0.043,85.2,6.9,0.0,0.0,0.0,1.0,1.0,0.0,0,2.0,2.0,0.0,0.382,0.013,0,54.0,-0.512,0
PID102300,CRPF,ASI/SI,7.5,True,separated_hardship_posting,joint,3.217,counter_naxal_lwe,38.6,30,19.1,0.637,59.7,0.345,73.2,39.3,2.0,1.0,1.0,3.0,1.0,2.0,0,0.0,0.0,0.0,0.254,0.02,0,47.0,0.357,0
PID102301,CRPF,Head Constable,13.4,True,separated_hardship_posting,nuclear,1.4,counter_naxal_lwe,10.5,28,19.7,0.704,59.8,0.384,64.9,33.1,0.0,1.0,-1.0,3.0,1.0,2.0,0,1.0,2.0,-1.0,0.137,-0.081,0,36.9,-0.337,0
PID102302,CRPF,Constable/GD,14.9,True,separated_hardship_posting,joint,0.825,counter_naxal_lwe,9.9,31,21.2,0.684,62.9,0.36,65.7,41.9,1.0,1.0,0.0,3.0,1.0,2.0,1,1.0,1.0,0.0,0.327,0.029,0,86.3,0.171,0
PID102303,CRPF,Constable/GD,8.9,True,with_family,nuclear,0.0,peace_training_static,4.8,32,28.2,0.881,51.5,0.131,79.5,9.3,0.0,1.0,-1.0,1.0,1.0,0.0,1,5.0,2.0,3.0,0.165,-0.056,0,30.1,-0.905,0
PID102304,CRPF,Constable/GD,19.5,True,with_family,nuclear,0.0,law_order_vip_duty,12.9,32,21.1,0.659,53.7,0.247,78.3,27.2,8.0,6.0,2.0,3.0,2.0,1.0,0,0.0,0.0,0.0,0.176,-0.175,0,33.2,-0.319,0
PID102305,CRPF,Constable/GD,24.8,True,separated_hardship_posting,nuclear,4.427,law_order_vip_duty,33.2,32,21.9,0.684,55.8,0.119,80.6,20.9,1.0,3.0,-2.0,3.0,2.0,1.0,2,0.0,1.0,-1.0,0.215,0.037,0,59.8,-0.327,0
PID102306,CRPF,Constable/GD,11.7,True,separated_hardship_posting,nuclear,1.533,counter_insurgency_jk_ne,11.5,31,13.8,0.445,54.3,0.297,81.2,31.1,3.0,3.0,0.0,4.0,2.0,2.0,0,3.0,4.0,-1.0,0.147,-0.042,0,50.8,0.246,0
PID102307,CRPF,Constable/GD,7.1,True,separated_hardship_posting,nuclear,0.44,peace_training_static,3.3,29,28.2,0.972,48.5,0.134,89.2,14.3,1.0,0.0,1.0,3.0,2.0,1.0,1,1.0,4.0,-3.0,0.594,0.125,0,32.9,0.053,0
PID102308,CRPF,Head Constable,5.4,False,not_applicable_unmarried,n/a,0.0,counter_naxal_lwe,11.6,29,18.2,0.628,59.3,0.327,70.8,36.2,2.0,2.0,0.0,2.0,2.0,0.0,0,8.0,3.0,5.0,0.434,-0.107,0,31.8,-0.598,0
PID102309,CRPF,ASI/SI,9.6,True,separated_hardship_posting,nuclear,1.08,law_order_vip_duty,8.1,28,21.4,0.764,52.6,0.17,76.2,24.2,3.0,1.0,2.0,2.0,2.0,0.0,1,3.0,14.0,-11.0,0.407,0.062,0,39.1,0.056,0
PID102310,CRPF,Inspector+,11.2,True,with_family,nuclear,0.0,peace_training_static,4.2,29,22.0,0.759,48.5,0.075,94.8,9.2,0.0,0.0,0.0,2.0,3.0,-1.0,1,1.0,2.0,-1.0,0.321,-0.012,0,43.8,-0.683,0
PID102311,CRPF,Constable/GD,5.2,True,separated_hardship_posting,nuclear,1.173,counter_naxal_lwe,8.8,29,14.9,0.514,59.9,0.332,57.2,38.2,1.0,3.0,-2.0,3.0,3.0,0.0,0,1.0,3.0,-2.0,0.254,0.234,0,39.2,0.261,0
PID102312,CRPF,Constable/GD,9.4,True,separated_hardship_posting,joint,0.508,counter_naxal_lwe,6.1,31,21.2,0.684,57.9,0.405,60.7,37.5,0.0,0.0,0.0,3.0,1.0,2.0,0,2.0,4.0,-2.0,0.0,-0.02,0,31.4,0.025,0
PID102313,CRPF,Constable/GD,19.0,False,not_applicable_unmarried,n/a,0.0,counter_insurgency_jk_ne,3.4,28,18.6,0.664,59.5,0.392,64.6,39.9,0.0,0.0,0.0,3.0,3.0,0.0,1,3.0,3.0,0.0,0.307,0.143,0,49.4,0.113,0
PID102314,CRPF,Constable/GD,2.6,True,separated_hardship_posting,nuclear,0.133,counter_naxal_lwe,1.0,32,19.9,0.622,61.5,0.429,52.3,44.0,0.0,0.0,0.0,3.0,2.0,1.0,0,2.0,3.0,-1.0,0.912,0.166,1,40.2,0.446,1
PID102315,CRPF,Constable/GD,12.1,True,separated_hardship_posting,joint,0.15,counter_naxal_lwe,1.8,31,27.0,0.871,62.5,0.256,59.5,43.1,0.0,0.0,0.0,4.0,2.0,2.0,2,0.0,1.0,-1.0,0.158,-0.01,0,52.5,-0.17,0
PID102316,CRPF,Constable/GD,8.2,True,with_family,joint,0.0,counter_insurgency_jk_ne,21.7,31,19.6,0.632,60.6,0.244,62.0,29.0,2.0,2.0,0.0,3.0,1.0,2.0,1,4.0,2.0,2.0,0.203,0.095,0,41.5,0.434,0
PID102317,CRPF,Head Constable,11.4,True,separated_hardship_posting,nuclear,0.84,counter_naxal_lwe,6.3,30,10.0,0.333,67.2,0.389,56.8,42.8,1.0,3.0,-2.0,3.0,3.0,0.0,1,6.0,0.0,6.0,0.395,0.108,0,16.6,0.099,0
PID102318,CRPF,Constable/GD,25.5,True,separated_hardship_posting,nuclear,0.507,law_order_vip_duty,3.8,29,18.4,0.634,54.7,0.298,71.0,40.7,1.0,1.0,0.0,2.0,1.0,1.0,0,0.0,1.0,-1.0,0.548,0.102,0,46.7,0.238,1
PID102319,CRPF,ASI/SI,11.1,False,not_applicable_unmarried,n/a,0.0,counter_insurgency_jk_ne,8.7,30,18.9,0.63,60.1,0.242,74.0,32.1,0.0,1.0,-1.0,1.0,1.0,0.0,0,0.0,1.0,-1.0,0.315,-0.033,0,54.0,-0.53,0
PID102320,CRPF,Constable/GD,10.2,True,separated_hardship_posting,joint,1.033,law_order_vip_duty,12.4,31,23.3,0.752,50.0,0.231,91.0,14.3,2.0,1.0,1.0,1.0,1.0,0.0,0,1.0,1.0,0.0,0.383,-0.007,0,45.4,-0.293,0
PID102321,CRPF,Constable/GD,16.4,False,not_applicable_unmarried,n/a,0.0,counter_insurgency_jk_ne,11.0,32,18.7,0.584,56.6,0.232,74.1,30.3,4.0,3.0,1.0,3.0,3.0,0.0,0,2.0,1.0,1.0,0.225,0.088,0,15.7,0.198,0
PID102322,CRPF,Constable/GD,13.5,True,with_family,nuclear,0.0,counter_insurgency_jk_ne,3.7,31,18.1,0.584,59.8,0.317,62.5,43.0,0.0,0.0,0.0,3.0,3.0,0.0,0,1.0,0.0,1.0,0.218,0.073,0,43.8,-0.001,0
PID102323,CRPF,Constable/GD,12.2,True,with_family,nuclear,0.0,counter_insurgency_jk_ne,48.0,32,16.8,0.525,56.5,0.261,73.6,34.5,3.0,2.0,1.0,3.0,3.0,0.0,1,2.0,2.0,0.0,0.044,0.024,0,32.5,0.075,0
PID102324,CRPF,Constable/GD,13.8,False,not_applicable_unmarried,n/a,0.0,peace_training_static,3.6,30,28.1,0.937,47.8,0.131,80.8,13.0,0.0,2.0,-2.0,2.0,2.0,0.0,0,0.0,1.0,-1.0,0.226,-0.029,0,40.5,-1.044,0
PID102325,CRPF,Inspector+,21.8,True,separated_hardship_posting,nuclear,0.547,counter_insurgency_jk_ne,4.1,30,22.2,0.74,54.7,0.227,74.4,25.7,1.0,0.0,1.0,2.0,2.0,0.0,0,6.0,4.0,2.0,0.0,-0.023,0,47.0,-0.324,0
PID102326,CRPF,Constable/GD,18.3,False,not_applicable_unmarried,n/a,0.0,law_order_vip_duty,5.9,31,28.4,0.916,59.7,0.122,88.2,25.1,0.0,0.0,0.0,2.0,2.0,0.0,0,2.0,2.0,0.0,0.274,-0.006,0,36.0,-0.641,0
PID102327,CRPF,Constable/GD,9.8,True,with_family,nuclear,0.0,peace_training_static,25.5,31,31.0,1.0,46.8,0.306,79.1,22.9,1.0,1.0,0.0,3.0,2.0,1.0,0,0.0,0.0,0.0,0.562,0.042,0,49.1,-0.384,0
PID102328,CRPF,Head Constable,24.8,True,separated_hardship_posting,joint,0.767,law_order_vip_duty,9.2,29,18.9,0.652,52.5,0.224,79.1,25.0,0.0,0.0,0.0,3.0,2.0,1.0,1,2.0,2.0,0.0,0.253,0.01,0,46.8,-0.059,0
PID102329,CRPF,Constable/GD,8.5,True,separated_hardship_posting,nuclear,0.307,counter_naxal_lwe,2.3,30,16.4,0.547,60.1,0.478,57.8,40.9,0.0,0.0,0.0,4.0,2.0,2.0,0,1.0,1.0,0.0,0.32,0.16,0,45.0,0.732,0
PID102330,CRPF,Head Constable,12.1,True,separated_hardship_posting,joint,0.442,counter_naxal_lwe,5.3,30,15.6,0.52,69.7,0.441,47.2,54.3,3.0,2.0,1.0,4.0,3.0,1.0,0,2.0,0.0,2.0,0.329,0.183,0,34.3,0.774,0
PID102331,CRPF,Constable/GD,12.9,False,not_applicable_unmarried,n/a,0.0,law_order_vip_duty,2.7,31,25.0,0.806,47.0,0.122,90.3,11.9,1.0,1.0,0.0,2.0,2.0,0.0,1,2.0,2.0,0.0,0.452,-0.153,0,54.6,-0.953,0
PID102332,CRPF,ASI/SI,9.5,True,with_family,nuclear,0.0,law_order_vip_duty,6.0,29,21.5,0.741,49.2,0.242,72.6,30.9,3.0,3.0,0.0,2.0,2.0,0.0,0,6.0,3.0,3.0,0.144,-0.011,0,61.8,-0.444,0
PID102333,CRPF,Constable/GD,23.3,True,separated_hardship_posting,nuclear,0.72,law_order_vip_duty,5.4,28,20.3,0.725,55.4,0.142,76.4,25.0,2.0,1.0,1.0,5.0,3.0,2.0,2,1.0,1.0,0.0,0.162,0.062,0,39.5,0.377,0
PID102334,CRPF,Constable/GD,9.2,False,not_applicable_unmarried,n/a,0.0,law_order_vip_duty,1.0,32,28.4,0.888,53.0,0.202,69.5,43.5,0.0,0.0,0.0,3.0,3.0,0.0,1,1.0,0.0,1.0,0.178,0.156,0,32.6,-0.119,0
PID102335,CRPF,Head Constable,10.6,False,not_applicable_unmarried,n/a,0.0,counter_naxal_lwe,4.0,29,16.2,0.559,59.7,0.237,78.1,31.4,1.0,3.0,-2.0,1.0,2.0,-1.0,1,3.0,4.0,-1.0,0.0,-0.137,0,33.8,-1.126,0
PID102336,CRPF,ASI/SI,19.8,False,not_applicable_unmarried,n/a,0.0,law_order_vip_duty,12.5,28,21.4,0.764,49.8,0.126,90.1,7.9,0.0,2.0,-2.0,1.0,1.0,0.0,0,0.0,0.0,0.0,0.105,-0.019,0,51.8,-0.804,0
PID102337,CRPF,Constable/GD,8.7,False,not_applicable_unmarried,n/a,0.0,law_order_vip_duty,21.5,29,23.0,0.793,50.8,0.169,76.8,23.7,0.0,0.0,0.0,1.0,1.0,0.0,0,0.0,2.0,-2.0,0.105,0.057,0,41.4,-0.302,0
PID102338,CRPF,Head Constable,5.1,True,with_family,nuclear,0.0,peace_training_static,4.9,32,30.8,0.962,46.4,0.087,78.3,19.8,1.0,3.0,-2.0,1.0,1.0,0.0,0,2.0,0.0,2.0,0.166,-0.029,0,36.3,-1.074,0
PID102339,CRPF,Constable/GD,12.3,True,with_family,nuclear,0.0,law_order_vip_duty,6.2,28,23.0,0.821,58.2,0.222,74.0,34.1,4.0,2.0,2.0,3.0,2.0,1.0,0,5.0,3.0,2.0,0.409,-0.116,0,28.8,-0.335,0
PID102340,CRPF,Constable/GD,6.1,False,not_applicable_unmarried,n/a,0.0,counter_insurgency_jk_ne,19.2,31,23.3,0.752,60.4,0.238,67.8,37.0,2.0,1.0,1.0,3.0,2.0,1.0,0,0.0,0.0,0.0,0.053,-0.02,0,45.8,-0.116,0
PID102341,CRPF,Constable/GD,5.7,True,separated_hardship_posting,nuclear,1.773,law_order_vip_duty,13.3,30,18.6,0.62,56.1,0.229,86.6,24.8,1.0,3.0,-2.0,1.0,2.0,-1.0,1,1.0,2.0,-1.0,0.196,0.013,0,49.1,-0.748,0
PID102342,CRPF,Head Constable,2.6,True,with_family,joint,0.0,law_order_vip_duty,29.3,31,24.2,0.781,50.3,0.288,85.6,21.3,0.0,3.0,-3.0,2.0,2.0,0.0,1,0.0,1.0,-1.0,0.149,0.037,0,38.8,-0.811,0
PID102343,CRPF,Constable/GD,2.9,False,not_applicable_unmarried,n/a,0.0,counter_naxal_lwe,6.3,31,16.7,0.539,64.1,0.366,62.7,33.3,7.0,6.0,1.0,2.0,1.0,1.0,0,1.0,1.0,0.0,0.026,-0.111,0,44.0,-0.135,0
PID102344,CRPF,Head Constable,3.1,True,with_family,nuclear,0.0,counter_insurgency_jk_ne,1.4,29,16.5,0.569,51.8,0.296,72.0,32.2,3.0,1.0,2.0,4.0,2.0,2.0,0,2.0,4.0,-2.0,0.415,0.096,0,47.4,0.822,0
PID102345,CRPF,Constable/GD,26.5,False,not_applicable_unmarried,n/a,0.0,counter_naxal_lwe,1.7,29,18.2,0.628,62.7,0.37,58.7,42.7,2.0,3.0,-1.0,2.0,2.0,0.0,0,1.0,0.0,1.0,0.274,0.134,0,53.7,-0.024,0
PID102346,CRPF,ASI/SI,3.1,True,with_family,nuclear,0.0,counter_naxal_lwe,5.6,31,20.9,0.674,62.5,0.264,66.5,45.0,1.0,5.0,-4.0,2.0,1.0,1.0,2,3.0,1.0,2.0,0.158,0.077,0,26.8,-0.503,0
PID102347,CRPF,ASI/SI,6.0,False,not_applicable_unmarried,n/a,0.0,law_order_vip_duty,17.0,32,22.2,0.694,59.3,0.277,69.8,32.9,0.0,1.0,-1.0,3.0,2.0,1.0,0,3.0,2.0,1.0,0.092,-0.063,0,29.2,-0.485,0
PID102348,CRPF,Constable/GD,10.7,True,with_family,nuclear,0.0,counter_insurgency_jk_ne,18.6,32,24.3,0.759,64.2,0.228,60.0,41.3,1.0,0.0,1.0,4.0,3.0,1.0,1,0.0,0.0,0.0,0.727,0.149,3,33.9,0.383,0
PID102349,CRPF,Constable/GD,16.0,True,separated_hardship_posting,nuclear,0.48,law_order_vip_duty,3.6,29,17.5,0.603,51.0,0.313,67.2,35.1,2.0,1.0,1.0,3.0,2.0,1.0,0,6.0,4.0,2.0,0.515,0.019,0,40.3,0.182,0
PID102350,CRPF,Constable/GD,16.9,False,not_applicable_unmarried,n/a,0.0,counter_insurgency_jk_ne,2.6,29,19.2,0.662,54.7,0.346,81.6,36.7,4.0,3.0,1.0,3.0,1.0,2.0,0,1.0,1.0,0.0,0.361,0.047,0,32.9,0.408,0
PID102351,CRPF,ASI/SI,7.1,True,separated_hardship_posting,nuclear,2.84,peace_training_static,21.3,32,26.1,0.816,42.8,0.153,91.0,13.9,0.0,0.0,0.0,2.0,2.0,0.0,2,0.0,0.0,0.0,0.507,0.023,0,35.7,-0.434,0
PID102352,CRPF,Constable/GD,12.0,True,with_family,nuclear,0.0,law_order_vip_duty,13.1,31,21.3,0.687,50.8,0.256,80.4,14.3,2.0,1.0,1.0,2.0,1.0,1.0,1,0.0,0.0,0.0,0.222,0.058,0,50.7,0.198,0
PID102353,CRPF,Constable/GD,10.5,False,not_applicable_unmarried,n/a,0.0,law_order_vip_duty,1.2,28,21.2,0.757,57.2,0.22,67.1,26.0,2.0,1.0,1.0,4.0,3.0,1.0,0,2.0,2.0,0.0,0.08,0.0,0,18.2,-0.062,0
PID102354,CRPF,Constable/GD,11.6,False,not_applicable_unmarried,n/a,0.0,counter_insurgency_jk_ne,6.1,31,17.4,0.561,59.7,0.253,76.4,37.1,2.0,0.0,2.0,3.0,2.0,1.0,3,0.0,0.0,0.0,0.346,0.082,1,28.0,0.576,0
PID102355,CRPF,Head Constable,12.5,False,not_applicable_unmarried,n/a,0.0,peace_training_static,10.4,29,17.5,0.603,48.1,0.063,94.8,8.0,1.0,0.0,1.0,2.0,3.0,-1.0,1,3.0,0.0,3.0,0.523,-0.005,0,29.6,-0.318,0
PID102356,CRPF,Constable/GD,14.4,True,separated_hardship_posting,joint,1.867,counter_insurgency_jk_ne,22.4,28,18.6,0.664,61.2,0.405,60.8,44.0,1.0,1.0,0.0,4.0,2.0,2.0,0,2.0,1.0,1.0,0.19,-0.035,1,58.6,0.003,0
PID102357,CRPF,Constable/GD,8.1,True,with_family,nuclear,0.0,law_order_vip_duty,1.4,28,23.3,0.832,48.0,0.226,83.4,20.1,9.0,4.0,5.0,4.0,3.0,1.0,0,1.0,0.0,1.0,0.156,-0.122,0,41.0,0.095,0
PID102358,CRPF,Inspector+,21.3,True,separated_hardship_posting,nuclear,2.933,counter_insurgency_jk_ne,22.0,29,16.9,0.583,55.2,0.233,75.7,29.9,0.0,1.0,-1.0,3.0,2.0,1.0,3,2.0,2.0,0.0,0.483,0.087,0,43.3,0.101,0
PID102359,CRPF,Constable/GD,28.5,True,separated_hardship_posting,joint,0.175,counter_naxal_lwe,2.1,29,15.2,0.524,64.1,0.381,58.8,41.1,2.0,0.0,2.0,3.0,2.0,1.0,1,0.0,1.0,-1.0,0.262,0.111,1,27.3,0.706,0
PID102360,CRPF,ASI/SI,9.3,True,separated_hardship_posting,nuclear,0.533,law_order_vip_duty,4.0,31,22.1,0.713,48.9,0.241,83.9,25.5,1.0,0.0,1.0,2.0,1.0,1.0,0,0.0,1.0,-1.0,0.097,0.005,0,32.5,0.004,0
PID102361,CRPF,Constable/GD,33.6,True,with_family,joint,0.0,counter_insurgency_jk_ne,16.4,28,11.7,0.418,51.9,0.28,78.0,23.4,3.0,2.0,1.0,2.0,3.0,-1.0,0,0.0,1.0,-1.0,0.213,0.131,0,1.3,0.313,0
PID102362,CRPF,Constable/GD,8.4,True,with_family,nuclear,0.0,counter_naxal_lwe,40.4,28,9.9,0.354,57.7,0.296,67.6,38.0,3.0,2.0,1.0,4.0,3.0,1.0,0,0.0,1.0,-1.0,0.299,0.139,0,40.7,0.844,0
PID102363,CRPF,ASI/SI,12.1,True,separated_hardship_posting,nuclear,0.133,counter_insurgency_jk_ne,1.0,31,21.0,0.677,62.2,0.344,54.8,43.3,0.0,0.0,0.0,4.0,2.0,2.0,0,1.0,0.0,1.0,0.251,0.136,0,29.7,0.504,0
PID102364,CRPF,Head Constable,10.6,True,with_family,nuclear,0.0,counter_naxal_lwe,32.6,30,19.7,0.657,60.5,0.407,61.0,52.5,3.0,2.0,1.0,3.0,2.0,1.0,0,3.0,1.0,2.0,0.345,0.047,1,15.5,0.2,0
PID102365,CRPF,Head Constable,11.9,True,separated_hardship_posting,nuclear,0.48,peace_training_static,3.6,29,27.9,0.962,46.9,0.139,91.4,20.6,0.0,0.0,0.0,3.0,3.0,0.0,1,2.0,2.0,0.0,0.467,0.153,0,44.3,-0.217,0
PID102366,CRPF,Constable/GD,20.0,True,separated_hardship_posting,joint,0.925,law_order_vip_duty,11.1,28,22.1,0.789,47.9,0.224,86.4,28.9,0.0,8.0,-8.0,1.0,4.0,-3.0,1,3.0,1.0,2.0,0.453,0.185,0,25.7,-1.786,0
PID102367,CRPF,Constable/GD,10.2,False,not_applicable_unmarried,n/a,0.0,counter_naxal_lwe,5.4,28,17.7,0.632,63.5,0.303,69.9,48.9,6.0,5.0,1.0,2.0,1.0,1.0,1,1.0,0.0,1.0,0.316,0.193,0,41.2,0.67,0
PID102368,CRPF,Constable/GD,5.5,False,not_applicable_unmarried,n/a,0.0,law_order_vip_duty,10.4,29,23.9,0.824,50.9,0.249,86.6,21.3,4.0,7.0,-3.0,2.0,2.0,0.0,1,0.0,1.0,-1.0,0.379,0.1,0,44.0,-0.672,0
PID102369,CRPF,Constable/GD,8.0,True,with_family,nuclear,0.0,law_order_vip_duty,12.0,29,19.4,0.669,53.8,0.182,81.7,21.5,0.0,0.0,0.0,2.0,2.0,0.0,0,2.0,0.0,2.0,0.074,0.002,0,81.3,-0.318,0
PID102370,CRPF,Constable/GD,10.3,False,not_applicable_unmarried,n/a,0.0,law_order_vip_duty,15.4,30,23.2,0.773,50.1,0.144,84.3,12.9,0.0,1.0,-1.0,2.0,2.0,0.0,1,0.0,0.0,0.0,0.32,0.09,1,33.8,-0.334,0
PID102371,CRPF,Constable/GD,12.7,False,not_applicable_unmarried,n/a,0.0,law_order_vip_duty,1.0,31,22.4,0.723,54.0,0.288,75.1,30.5,0.0,0.0,0.0,3.0,1.0,2.0,2,0.0,2.0,-2.0,0.068,-0.028,0,42.6,-0.045,0
PID102372,CRPF,Constable/GD,7.1,True,separated_hardship_posting,nuclear,1.453,counter_naxal_lwe,10.9,28,14.6,0.521,59.9,0.288,63.1,38.3,5.0,0.0,5.0,5.0,3.0,2.0,1,0.0,1.0,-1.0,0.546,0.201,0,39.0,1.66,0
PID102373,CRPF,Constable/GD,7.6,True,separated_hardship_posting,nuclear,0.653,counter_naxal_lwe,4.9,30,19.9,0.663,61.7,0.236,71.5,36.2,2.0,2.0,0.0,2.0,1.0,1.0,1,0.0,0.0,0.0,0.031,-0.087,0,28.2,-0.366,0
PID102374,CRPF,Constable/GD,13.0,True,with_family,joint,0.0,law_order_vip_duty,7.2,30,27.2,0.907,50.9,0.299,84.0,20.0,0.0,0.0,0.0,3.0,2.0,1.0,0,0.0,0.0,0.0,0.341,-0.081,0,42.7,-0.641,0
PID102375,CRPF,Constable/GD,13.3,True,with_family,joint,0.0,law_order_vip_duty,31.6,28,14.0,0.5,52.1,0.115,88.3,20.6,1.0,1.0,0.0,3.0,2.0,1.0,0,0.0,1.0,-1.0,0.474,0.117,0,51.2,0.446,0
PID102376,CRPF,ASI/SI,18.5,True,separated_hardship_posting,nuclear,2.04,law_order_vip_duty,15.3,30,21.7,0.723,53.1,0.197,81.0,22.1,0.0,1.0,-1.0,3.0,2.0,1.0,0,0.0,0.0,0.0,0.279,-0.045,0,47.9,-0.466,0
PID102377,CRPF,Head Constable,7.9,True,separated_hardship_posting,joint,0.508,counter_naxal_lwe,6.1,28,14.5,0.518,60.0,0.284,65.2,35.3,5.0,5.0,0.0,3.0,1.0,2.0,1,2.0,5.0,-3.0,0.217,0.089,1,50.1,0.554,0
PID102378,CRPF,Constable/GD,15.2,False,not_applicable_unmarried,n/a,0.0,peace_training_static,9.9,29,29.0,1.0,45.5,0.077,88.7,11.6,0.0,0.0,0.0,3.0,2.0,1.0,3,0.0,2.0,-2.0,0.0,-0.052,0,27.8,-0.668,0
PID102379,CRPF,Head Constable,10.6,True,with_family,nuclear,0.0,counter_insurgency_jk_ne,20.1,31,14.2,0.458,58.7,0.433,61.2,41.4,1.0,0.0,1.0,2.0,1.0,1.0,0,1.0,0.0,1.0,0.238,0.163,0,40.8,0.79,0
PID102380,CRPF,ASI/SI,8.6,True,separated_hardship_posting,nuclear,3.427,law_order_vip_duty,25.7,29,12.8,0.441,54.0,0.214,71.7,20.7,3.0,2.0,1.0,3.0,4.0,-1.0,0,2.0,2.0,0.0,0.389,-0.047,0,15.8,-0.25,0
PID102381,CRPF,Constable/GD,10.8,False,not_applicable_unmarried,n/a,0.0,counter_naxal_lwe,4.9,31,19.5,0.629,61.7,0.372,62.9,38.7,0.0,2.0,-2.0,1.0,1.0,0.0,1,1.0,3.0,-2.0,0.048,-0.016,0,13.8,-0.632,0
PID102382,CRPF,Constable/GD,11.7,False,not_applicable_unmarried,n/a,0.0,law_order_vip_duty,1.1,28,23.9,0.854,48.5,0.267,63.2,28.6,0.0,1.0,-1.0,3.0,3.0,0.0,0,5.0,2.0,3.0,0.043,-0.05,0,65.2,-0.854,0
PID102383,CRPF,Constable/GD,5.1,False,not_applicable_unmarried,n/a,0.0,peace_training_static,12.7,30,21.6,0.72,46.3,0.081,86.6,12.0,2.0,2.0,0.0,1.0,1.0,0.0,1,7.0,7.0,0.0,0.161,-0.056,0,41.4,-0.554,0
PID102384,CRPF,Constable/GD,5.4,False,not_applicable_unmarried,n/a,0.0,counter_naxal_lwe,5.7,32,17.2,0.538,64.7,0.415,56.6,38.8,2.0,0.0,2.0,4.0,1.0,3.0,0,4.0,2.0,2.0,0.712,0.086,0,49.1,1.042,0
PID102385,CRPF,Head Constable,16.3,False,not_applicable_unmarried,n/a,0.0,law_order_vip_duty,1.5,30,27.1,0.903,46.7,0.243,97.9,18.2,2.0,4.0,-2.0,2.0,2.0,0.0,0,1.0,2.0,-1.0,0.385,-0.015,0,49.2,-0.962,0
PID102386,CRPF,Inspector+,9.1,True,separated_hardship_posting,joint,0.925,law_order_vip_duty,11.1,32,20.8,0.65,46.7,0.265,82.1,19.0,0.0,0.0,0.0,2.0,3.0,-1.0,1,0.0,0.0,0.0,0.183,-0.107,0,39.2,-0.838,0
PID102387,CRPF,Constable/GD,12.8,False,not_applicable_unmarried,n/a,0.0,counter_naxal_lwe,2.2,29,16.3,0.562,59.4,0.307,66.6,32.1,1.0,0.0,1.0,3.0,1.0,2.0,0,3.0,1.0,2.0,0.196,0.101,0,59.7,0.691,0
PID102388,CRPF,Head Constable,16.1,True,with_family,joint,0.0,counter_naxal_lwe,1.9,28,16.9,0.604,61.2,0.377,56.6,40.5,0.0,0.0,0.0,3.0,3.0,0.0,2,1.0,1.0,0.0,0.498,0.02,0,37.6,-0.186,0
PID102389,CRPF,Constable/GD,10.8,True,with_family,nuclear,0.0,law_order_vip_duty,17.6,30,18.2,0.607,43.2,0.219,98.0,11.2,3.0,0.0,3.0,1.0,3.0,-2.0,1,1.0,3.0,-2.0,0.311,0.007,0,7.4,-0.194,0
PID102390,CRPF,Head Constable,15.3,True,separated_hardship_posting,nuclear,1.173,counter_naxal_lwe,8.8,29,14.3,0.493,64.3,0.418,51.7,38.4,1.0,1.0,0.0,4.0,2.0,2.0,0,4.0,2.0,2.0,0.418,0.208,1,42.3,0.942,0
PID102391,CRPF,Head Constable,11.7,True,separated_hardship_posting,joint,0.65,counter_naxal_lwe,7.8,31,12.0,0.387,61.3,0.318,76.0,39.4,4.0,1.0,3.0,4.0,1.0,3.0,1,2.0,2.0,0.0,0.24,0.086,0,53.7,1.379,0
PID102392,CRPF,Constable/GD,12.0,True,with_family,nuclear,0.0,peace_training_static,3.1,29,25.6,0.883,36.6,0.242,85.9,15.7,3.0,4.0,-1.0,1.0,1.0,0.0,1,3.0,2.0,1.0,0.39,0.072,0,18.5,-0.521,0
PID102393,CRPF,Constable/GD,20.9,True,with_family,nuclear,0.0,law_order_vip_duty,13.1,31,20.9,0.674,47.5,0.24,87.8,22.4,0.0,0.0,0.0,2.0,3.0,-1.0,1,5.0,5.0,0.0,0.327,-0.057,0,35.5,-0.716,0
PID102394,CRPF,Head Constable,10.2,True,separated_hardship_posting,nuclear,1.12,law_order_vip_duty,8.4,28,21.6,0.771,50.8,0.212,79.3,28.4,1.0,0.0,1.0,2.0,1.0,1.0,0,0.0,0.0,0.0,0.199,0.057,0,56.3,0.091,0
PID102395,CRPF,Inspector+,16.4,True,separated_hardship_posting,nuclear,1.147,law_order_vip_duty,8.6,29,23.7,0.817,44.9,0.205,83.0,11.5,0.0,1.0,-1.0,1.0,2.0,-1.0,0,0.0,1.0,-1.0,0.006,-0.101,0,53.0,-1.176,0
PID102396,CRPF,Constable/GD,4.5,True,separated_hardship_posting,nuclear,0.36,counter_insurgency_jk_ne,2.7,29,21.6,0.745,61.9,0.3,70.0,44.1,3.0,0.0,3.0,2.0,1.0,1.0,2,0.0,1.0,-1.0,0.191,0.07,0,37.7,0.471,0
PID102397,CRPF,Constable/GD,12.5,False,not_applicable_unmarried,n/a,0.0,law_order_vip_duty,37.5,31,30.2,0.974,52.7,0.182,86.7,23.1,1.0,3.0,-2.0,1.0,1.0,0.0,1,3.0,2.0,1.0,0.0,-0.024,0,28.1,-1.073,0
PID102398,CRPF,Constable/GD,23.8,True,separated_hardship_posting,joint,1.092,counter_naxal_lwe,13.1,29,16.6,0.572,64.7,0.39,56.1,43.8,1.0,1.0,0.0,2.0,1.0,1.0,1,6.0,0.0,6.0,0.941,0.068,0,39.6,0.211,0
PID102399,CRPF,Head Constable,34.9,True,with_family,joint,0.0,counter_naxal_lwe,2.7,30,15.6,0.52,57.9,0.349,66.2,39.6,2.0,0.0,2.0,3.0,2.0,1.0,1,5.0,3.0,2.0,0.164,0.037,0,43.3,0.49,0
PID102400,CRPF,Head Constable,4.7,True,with_family,nuclear,0.0,law_order_vip_duty,6.2,29,20.6,0.71,53.6,0.337,69.1,33.9,0.0,0.0,0.0,3.0,2.0,1.0,1,1.0,1.0,0.0,0.249,0.029,0,50.8,-0.072,0
PID102401,CRPF,Head Constable,9.1,False,not_applicable_unmarried,n/a,0.0,peace_training_static,24.2,31,25.0,0.806,43.4,0.094,93.8,15.5,2.0,1.0,1.0,2.0,3.0,-1.0,0,3.0,3.0,0.0,0.11,0.007,0,37.5,-0.529,0
PID102402,CRPF,Head Constable,6.2,True,separated_hardship_posting,nuclear,3.4,counter_insurgency_jk_ne,25.5,29,18.7,0.645,57.2,0.293,62.8,41.7,5.0,2.0,3.0,3.0,2.0,1.0,1,0.0,0.0,0.0,0.2,0.085,0,63.0,0.637,0
PID102403,CRPF,ASI/SI,10.4,True,with_family,joint,0.0,peace_training_static,7.7,31,26.4,0.852,47.4,0.094,71.9,14.0,2.0,5.0,-3.0,1.0,2.0,-1.0,0,3.0,2.0,1.0,0.151,0.04,0,43.1,-1.101,0
PID102404,CRPF,ASI/SI,17.9,True,with_family,nuclear,0.0,law_order_vip_duty,39.3,28,22.6,0.807,51.7,0.332,62.6,33.0,6.0,1.0,5.0,5.0,2.0,3.0,0,2.0,2.0,0.0,0.248,-0.015,0,34.4,0.875,0
PID102405,CRPF,Constable/GD,21.3,False,not_applicable_unmarried,n/a,0.0,counter_insurgency_jk_ne,10.0,31,15.8,0.51,61.2,0.213,66.8,38.0,0.0,1.0,-1.0,2.0,1.0,1.0,2,2.0,2.0,0.0,0.532,0.223,1,31.3,0.601,0
PID102406,CRPF,Head Constable,21.7,False,not_applicable_unmarried,n/a,0.0,counter_insurgency_jk_ne,5.8,31,17.2,0.555,58.6,0.306,60.9,39.2,0.0,0.0,0.0,3.0,3.0,0.0,0,0.0,0.0,0.0,0.297,-0.004,0,26.8,-0.197,0
PID102407,CRPF,Constable/GD,4.4,False,not_applicable_unmarried,n/a,0.0,counter_naxal_lwe,2.5,28,16.7,0.596,60.1,0.369,62.4,39.5,4.0,1.0,3.0,4.0,2.0,2.0,0,7.0,4.0,3.0,0.384,0.054,0,55.0,0.816,0
PID102408,CRPF,Constable/GD,11.5,False,not_applicable_unmarried,n/a,0.0,law_order_vip_duty,6.9,28,20.6,0.736,55.4,0.152,73.9,35.6,2.0,2.0,0.0,3.0,2.0,1.0,0,3.0,0.0,3.0,0.041,0.012,0,36.6,-0.155,0
PID102409,CRPF,ASI/SI,7.9,True,with_family,nuclear,0.0,counter_naxal_lwe,31.6,29,10.2,0.352,66.2,0.509,46.6,52.3,1.0,1.0,0.0,4.0,2.0,2.0,0,0.0,0.0,0.0,0.627,0.274,4,0.0,1.313,0
PID102410,CRPF,Head Constable,10.1,True,separated_hardship_posting,nuclear,3.467,counter_insurgency_jk_ne,26.0,32,19.2,0.6,58.4,0.244,66.1,42.9,2.0,2.0,0.0,3.0,2.0,1.0,0,3.0,1.0,2.0,0.365,0.116,1,33.8,0.322,0
PID102411,CRPF,Inspector+,8.5,True,with_family,nuclear,0.0,counter_naxal_lwe,25.3,29,13.5,0.466,67.3,0.352,61.7,40.9,7.0,4.0,3.0,3.0,3.0,0.0,1,3.0,0.0,3.0,0.548,0.122,0,58.1,0.75,1
PID102412,CRPF,Constable/GD,4.6,True,with_family,joint,0.0,peace_training_static,2.6,30,30.0,1.0,45.1,0.221,87.0,13.2,0.0,1.0,-1.0,3.0,3.0,0.0,0,4.0,6.0,-2.0,0.155,0.006,0,32.7,-0.861,0
PID102413,CRPF,Constable/GD,21.4,False,not_applicable_unmarried,n/a,0.0,counter_naxal_lwe,12.6,30,19.4,0.647,61.5,0.327,72.7,42.4,2.0,2.0,0.0,3.0,2.0,1.0,0,4.0,2.0,2.0,0.229,0.082,1,19.4,0.164,0
PID102414,CRPF,Constable/GD,7.2,False,not_applicable_unmarried,n/a,0.0,counter_insurgency_jk_ne,23.3,29,10.6,0.366,58.0,0.309,68.5,30.3,0.0,1.0,-1.0,3.0,1.0,2.0,1,6.0,4.0,2.0,0.64,0.136,0,32.5,0.724,0
PID102415,CRPF,Constable/GD,7.9,True,with_family,nuclear,0.0,counter_naxal_lwe,27.0,30,18.9,0.63,61.5,0.329,51.7,40.3,0.0,1.0,-1.0,3.0,3.0,0.0,1,0.0,1.0,-1.0,0.452,0.067,4,48.4,-0.229,0
PID102416,CRPF,Constable/GD,23.8,True,with_family,nuclear,0.0,counter_naxal_lwe,8.5,28,16.6,0.593,60.8,0.347,57.0,45.1,1.0,0.0,1.0,5.0,3.0,2.0,2,0.0,0.0,0.0,0.166,0.104,0,35.9,0.662,0
PID102417,CRPF,Constable/GD,4.0,True,separated_hardship_posting,nuclear,1.587,counter_naxal_lwe,11.9,31,12.6,0.406,59.1,0.415,63.1,32.6,0.0,0.0,0.0,3.0,2.0,1.0,1,1.0,4.0,-3.0,0.446,0.071,0,25.6,0.422,0
PID102418,CRPF,Constable/GD,14.3,True,separated_hardship_posting,nuclear,0.133,law_order_vip_duty,1.0,28,23.6,0.843,48.0,0.195,84.9,23.3,1.0,1.0,0.0,3.0,3.0,0.0,0,0.0,4.0,-4.0,0.129,0.034,0,48.3,-0.431,0
PID102419,CRPF,ASI/SI,19.2,True,separated_hardship_posting,nuclear,2.747,law_order_vip_duty,20.6,30,18.7,0.623,52.4,0.061,80.4,26.8,1.0,0.0,1.0,3.0,2.0,1.0,1,4.0,2.0,2.0,0.256,0.064,0,56.8,0.293,0
PID102420,CRPF,Constable/GD,22.8,True,separated_hardship_posting,nuclear,2.24,counter_insurgency_jk_ne,16.8,29,20.8,0.717,62.8,0.298,58.2,50.3,2.0,1.0,1.0,2.0,1.0,1.0,0,3.0,1.0,2.0,0.282,-0.037,0,61.5,-0.126,0
PID102421,CRPF,Constable/GD,13.8,True,with_family,nuclear,0.0,peace_training_static,19.8,30,25.1,0.837,49.3,0.124,81.2,19.6,1.0,0.0,1.0,3.0,2.0,1.0,1,11.0,3.0,8.0,0.391,0.082,0,42.6,0.086,0
PID102422,CRPF,Head Constable,16.6,True,separated_hardship_posting,joint,0.108,counter_naxal_lwe,1.3,30,11.9,0.397,63.6,0.362,58.7,43.2,1.0,0.0,1.0,3.0,1.0,2.0,1,2.0,1.0,1.0,0.528,0.174,1,36.9,1.11,1
PID102423,CRPF,Constable/GD,19.2,True,with_family,nuclear,0.0,peace_training_static,39.4,31,31.0,1.0,51.0,0.109,83.2,16.9,1.0,0.0,1.0,1.0,1.0,0.0,2,2.0,2.0,0.0,0.201,-0.003,0,46.1,-0.578,0
PID102424,CRPF,ASI/SI,10.5,False,not_applicable_unmarried,n/a,0.0,counter_naxal_lwe,3.7,31,12.4,0.4,62.1,0.298,57.2,43.7,0.0,0.0,0.0,2.0,1.0,1.0,0,3.0,3.0,0.0,0.495,0.241,0,58.4,0.942,0
PID102425,CRPF,Head Constable,6.5,True,with_family,joint,0.0,peace_training_static,6.4,29,23.7,0.817,42.0,0.105,95.1,7.1,2.0,0.0,2.0,2.0,3.0,-1.0,0,0.0,2.0,-2.0,0.145,0.087,0,55.1,-0.146,0
PID102426,CRPF,Constable/GD,24.8,True,separated_hardship_posting,nuclear,1.347,peace_training_static,10.1,30,25.2,0.84,44.6,0.226,87.3,12.8,1.0,1.0,0.0,3.0,2.0,1.0,0,0.0,0.0,0.0,0.212,-0.041,0,38.5,-0.442,0
PID102427,CRPF,Head Constable,15.6,True,with_family,joint,0.0,peace_training_static,13.1,29,24.7,0.852,45.8,0.117,88.3,20.3,2.0,0.0,2.0,3.0,2.0,1.0,0,7.0,4.0,3.0,0.13,0.09,0,25.3,0.249,0
PID102428,CRPF,Head Constable,11.5,False,not_applicable_unmarried,n/a,0.0,counter_naxal_lwe,11.1,29,18.0,0.621,60.0,0.389,58.3,41.3,6.0,4.0,2.0,3.0,1.0,2.0,0,2.0,0.0,2.0,0.339,0.088,2,43.3,0.735,1
PID102429,CRPF,Head Constable,4.7,True,with_family,nuclear,0.0,counter_insurgency_jk_ne,4.1,29,17.6,0.607,60.4,0.238,72.1,42.2,0.0,0.0,0.0,3.0,2.0,1.0,0,0.0,0.0,0.0,0.272,0.001,0,39.4,-0.033,0
PID102430,CRPF,ASI/SI,2.2,False,not_applicable_unmarried,n/a,0.0,peace_training_static,21.9,30,30.0,1.0,49.7,0.103,93.2,15.2,4.0,3.0,1.0,2.0,2.0,0.0,0,0.0,0.0,0.0,0.271,-0.055,0,46.4,-0.736,0
PID102431,CRPF,Head Constable,14.1,True,separated_hardship_posting,nuclear,0.413,counter_insurgency_jk_ne,3.1,31,19.7,0.635,51.1,0.24,75.5,24.9,1.0,1.0,0.0,3.0,3.0,0.0,1,2.0,5.0,-3.0,0.506,0.063,0,23.2,-0.093,0
PID102432,CRPF,Head Constable,2.1,True,separated_hardship_posting,nuclear,0.267,counter_naxal_lwe,2.0,31,12.0,0.387,61.4,0.428,55.6,48.4,0.0,0.0,0.0,5.0,2.0,3.0,1,9.0,9.0,0.0,0.431,0.201,1,29.8,1.264,0
PID102433,CRPF,Constable/GD,11.5,True,separated_hardship_posting,nuclear,1.053,counter_insurgency_jk_ne,7.9,28,18.4,0.657,46.4,0.207,87.5,18.4,1.0,0.0,1.0,3.0,2.0,1.0,0,1.0,0.0,1.0,0.0,-0.098,0,52.8,-0.238,0
PID102434,CRPF,Head Constable,7.4,False,not_applicable_unmarried,n/a,0.0,counter_naxal_lwe,1.7,28,16.1,0.575,61.6,0.372,54.3,44.0,0.0,0.0,0.0,3.0,3.0,0.0,2,1.0,0.0,1.0,0.954,0.219,2,42.4,0.449,0
PID102435,CRPF,Inspector+,8.5,False,not_applicable_unmarried,n/a,0.0,counter_insurgency_jk_ne,38.0,29,15.5,0.534,57.6,0.32,60.2,40.4,3.0,0.0,3.0,4.0,2.0,2.0,1,1.0,1.0,0.0,0.306,0.182,1,22.0,1.277,0
PID102436,CRPF,Head Constable,21.8,False,not_applicable_unmarried,n/a,0.0,counter_naxal_lwe,13.3,30,22.7,0.757,69.1,0.367,49.4,56.9,0.0,0.0,0.0,5.0,3.0,2.0,1,5.0,0.0,5.0,0.567,0.166,0,59.3,0.497,0
PID102437,CRPF,Head Constable,7.4,False,not_applicable_unmarried,n/a,0.0,law_order_vip_duty,4.0,29,23.6,0.814,57.9,0.079,79.0,34.2,0.0,0.0,0.0,3.0,3.0,0.0,2,2.0,2.0,0.0,0.425,-0.019,0,35.2,-0.558,0
PID102438,CRPF,Constable/GD,11.8,True,separated_hardship_posting,nuclear,0.587,counter_insurgency_jk_ne,4.4,32,22.0,0.688,61.7,0.179,63.7,37.0,0.0,0.0,0.0,4.0,2.0,2.0,0,1.0,1.0,0.0,0.349,0.098,1,45.3,0.376,0
PID102439,CRPF,Head Constable,7.4,True,with_family,nuclear,0.0,counter_naxal_lwe,20.2,30,19.4,0.647,58.2,0.357,65.6,34.0,0.0,0.0,0.0,4.0,2.0,2.0,0,1.0,2.0,-1.0,0.36,-0.088,1,32.4,-0.135,0
PID102440,CRPF,Inspector+,13.4,True,with_family,nuclear,0.0,counter_naxal_lwe,4.2,32,16.3,0.509,57.9,0.295,56.5,34.6,1.0,0.0,1.0,2.0,2.0,0.0,1,1.0,0.0,1.0,0.135,-0.028,0,43.7,-0.06,0
PID102441,CRPF,Constable/GD,12.4,True,with_family,nuclear,0.0,peace_training_static,8.6,32,30.7,0.959,41.6,0.081,98.7,16.2,0.0,0.0,0.0,2.0,1.0,1.0,0,2.0,3.0,-1.0,0.428,-0.01,0,59.3,-0.491,0
PID102442,CRPF,Constable/GD,11.5,True,separated_hardship_posting,nuclear,3.027,counter_insurgency_jk_ne,22.7,28,17.7,0.632,64.1,0.275,71.1,30.7,3.0,0.0,3.0,2.0,3.0,-1.0,0,3.0,2.0,1.0,0.072,0.006,0,59.4,-0.014,0
PID102443,CRPF,Constable/GD,19.3,False,not_applicable_unmarried,n/a,0.0,law_order_vip_duty,7.8,32,22.3,0.697,48.4,0.157,79.0,12.6,2.0,1.0,1.0,2.0,1.0,1.0,1,4.0,4.0,0.0,0.132,0.007,0,62.9,0.03,0
PID102444,CRPF,Constable/GD,4.0,False,not_applicable_unmarried,n/a,0.0,law_order_vip_duty,8.1,28,17.3,0.618,50.5,0.146,85.3,18.9,1.0,0.0,1.0,2.0,3.0,-1.0,0,1.0,4.0,-3.0,0.0,-0.02,0,32.5,-0.382,0
PID102445,CRPF,Head Constable,3.3,False,not_applicable_unmarried,n/a,0.0,law_order_vip_duty,4.1,28,21.1,0.754,48.4,0.22,80.7,16.9,4.0,2.0,2.0,3.0,1.0,2.0,1,4.0,1.0,3.0,0.17,0.008,0,49.4,0.331,0
PID102446,CRPF,Constable/GD,5.3,True,separated_hardship_posting,nuclear,1.32,counter_insurgency_jk_ne,9.9,30,19.8,0.66,53.0,0.186,78.9,28.2,1.0,0.0,1.0,4.0,3.0,1.0,0,2.0,2.0,0.0,0.078,-0.171,0,14.6,-0.46,0
PID102447,CRPF,Constable/GD,12.4,False,not_applicable_unmarried,n/a,0.0,law_order_vip_duty,9.9,30,22.5,0.75,53.3,0.19,76.3,28.9,4.0,6.0,-2.0,1.0,3.0,-2.0,0,1.0,0.0,1.0,0.397,0.034,0,44.6,-1.055,0
PID102448,CRPF,Head Constable,14.7,False,not_applicable_unmarried,n/a,0.0,counter_naxal_lwe,43.4,31,16.5,0.532,62.6,0.31,60.9,39.5,0.0,0.0,0.0,3.0,1.0,2.0,0,1.0,1.0,0.0,0.151,-0.073,0,67.4,0.049,0
PID102449,CRPF,Head Constable,1.2,False,not_applicable_unmarried,n/a,0.0,counter_insurgency_jk_ne,16.5,28,16.9,0.604,49.1,0.299,73.0,32.5,0.0,3.0,-3.0,2.0,2.0,0.0,0,1.0,0.0,1.0,0.213,0.124,0,21.5,-0.336,0
PID102450,CRPF,Head Constable,14.6,True,with_family,joint,0.0,counter_naxal_lwe,14.1,28,14.5,0.518,56.8,0.493,55.2,37.7,2.0,3.0,-1.0,1.0,3.0,-2.0,0,2.0,1.0,1.0,0.6,0.127,0,27.2,-0.342,0
PID102451,CRPF,Head Constable,27.1,True,with_family,nuclear,0.0,peace_training_static,1.0,31,31.0,1.0,47.0,0.061,96.5,6.2,0.0,0.0,0.0,2.0,2.0,0.0,0,0.0,0.0,0.0,0.468,0.037,0,37.5,-0.612,0
PID102452,CRPF,Head Constable,9.3,False,not_applicable_unmarried,n/a,0.0,counter_insurgency_jk_ne,13.3,30,18.8,0.627,57.7,0.324,57.5,46.3,0.0,1.0,-1.0,5.0,3.0,2.0,0,3.0,2.0,1.0,0.701,0.103,0,36.0,0.31,0
PID102453,CRPF,Head Constable,25.1,False,not_applicable_unmarried,n/a,0.0,counter_naxal_lwe,2.5,29,14.5,0.5,60.4,0.363,62.9,34.5,0.0,0.0,0.0,3.0,2.0,1.0,0,0.0,2.0,-2.0,0.448,0.145,1,52.1,0.529,1
PID102454,CRPF,Head Constable,14.0,True,separated_hardship_posting,nuclear,1.48,law_order_vip_duty,11.1,28,15.6,0.557,54.4,0.254,73.6,30.7,1.0,0.0,1.0,3.0,3.0,0.0,0,1.0,2.0,-1.0,0.75,0.129,2,51.1,0.353,0
PID102455,CRPF,Constable/GD,23.6,True,separated_hardship_posting,nuclear,0.133,counter_naxal_lwe,1.0,29,15.4,0.531,56.2,0.337,68.4,42.4,0.0,0.0,0.0,4.0,3.0,1.0,2,0.0,3.0,-3.0,0.134,-0.007,1,9.2,0.034,0
PID102456,CRPF,Head Constable,21.2,True,with_family,nuclear,0.0,counter_insurgency_jk_ne,1.4,29,15.7,0.541,55.6,0.386,71.4,21.7,0.0,1.0,-1.0,2.0,2.0,0.0,2,0.0,0.0,0.0,0.158,-0.146,0,24.1,-0.764,0
PID102457,CRPF,Constable/GD,9.3,True,with_family,joint,0.0,peace_training_static,24.2,30,25.2,0.84,48.1,0.161,82.4,15.8,0.0,0.0,0.0,1.0,1.0,0.0,2,2.0,0.0,2.0,0.142,0.074,0,37.5,-0.309,0
PID102458,CRPF,Constable/GD,17.9,False,not_applicable_unmarried,n/a,0.0,law_order_vip_duty,7.3,32,26.8,0.838,49.4,0.262,83.1,26.4,0.0,0.0,0.0,3.0,2.0,1.0,0,0.0,0.0,0.0,0.213,-0.047,0,31.2,-0.456,0
PID102459,CRPF,Constable/GD,9.2,True,with_family,nuclear,0.0,law_order_vip_duty,8.4,30,22.7,0.757,53.3,0.135,91.9,18.3,2.0,2.0,0.0,2.0,1.0,1.0,1,0.0,3.0,-3.0,0.675,-0.02,0,45.2,-0.279,0
PID102460,CRPF,ASI/SI,26.8,True,separated_hardship_posting,nuclear,2.92,counter_insurgency_jk_ne,21.9,30,13.0,0.433,53.4,0.306,72.1,30.2,4.0,4.0,0.0,3.0,2.0,1.0,0,7.0,5.0,2.0,0.487,0.127,0,45.9,0.558,0
PID102461,CRPF,Head Constable,9.8,False,not_applicable_unmarried,n/a,0.0,counter_insurgency_jk_ne,18.9,32,21.1,0.659,54.7,0.269,60.9,33.8,0.0,1.0,-1.0,2.0,2.0,0.0,1,2.0,0.0,2.0,0.763,0.13,0,6.1,-0.076,0
PID102462,CRPF,Constable/GD,15.1,True,separated_hardship_posting,nuclear,1.573,counter_naxal_lwe,11.8,28,10.7,0.382,54.9,0.298,70.8,33.0,0.0,0.0,0.0,4.0,3.0,1.0,0,4.0,3.0,1.0,0.187,0.167,0,35.2,0.74,0
PID102463,CRPF,Head Constable,29.5,True,with_family,joint,0.0,law_order_vip_duty,5.8,28,23.1,0.825,43.8,0.182,87.1,8.5,2.0,0.0,2.0,3.0,3.0,0.0,0,1.0,1.0,0.0,0.557,0.094,0,27.1,0.078,0
PID102464,CRPF,Constable/GD,15.5,True,separated_hardship_posting,nuclear,1.453,counter_insurgency_jk_ne,10.9,32,17.8,0.556,56.1,0.297,72.8,36.0,1.0,1.0,0.0,3.0,1.0,2.0,1,2.0,3.0,-1.0,0.183,0.099,0,41.6,0.537,0
PID102465,CRPF,Head Constable,8.7,True,with_family,joint,0.0,counter_naxal_lwe,17.8,32,17.9,0.559,63.8,0.377,46.8,50.2,4.0,3.0,1.0,2.0,1.0,1.0,2,5.0,2.0,3.0,0.344,0.084,0,49.9,0.428,0
PID102466,CRPF,ASI/SI,4.9,False,not_applicable_unmarried,n/a,0.0,counter_naxal_lwe,30.9,30,16.4,0.547,61.5,0.409,61.9,38.1,5.0,3.0,2.0,4.0,2.0,2.0,0,3.0,1.0,2.0,0.33,0.152,0,36.7,1.017,1
PID102467,CRPF,Head Constable,4.0,False,not_applicable_unmarried,n/a,0.0,counter_naxal_lwe,14.6,29,15.5,0.534,66.6,0.406,52.0,49.1,3.0,0.0,3.0,4.0,3.0,1.0,1,1.0,0.0,1.0,0.69,-0.007,0,20.7,0.495,0
PID102468,CRPF,Head Constable,14.6,False,not_applicable_unmarried,n/a,0.0,counter_naxal_lwe,1.0,28,16.0,0.571,60.4,0.368,67.7,32.9,0.0,1.0,-1.0,1.0,1.0,0.0,1,1.0,3.0,-2.0,0.273,0.148,0,59.7,0.085,0
PID102469,CRPF,Constable/GD,10.8,True,with_family,nuclear,0.0,counter_naxal_lwe,26.4,28,15.6,0.557,53.5,0.353,67.9,33.5,1.0,1.0,0.0,3.0,2.0,1.0,0,2.0,1.0,1.0,0.221,0.017,0,28.2,0.076,0
PID102470,CRPF,Constable/GD,5.4,False,not_applicable_unmarried,n/a,0.0,counter_insurgency_jk_ne,1.0,32,24.8,0.775,59.4,0.281,72.6,37.6,0.0,2.0,-2.0,2.0,1.0,1.0,2,2.0,2.0,0.0,0.309,0.065,0,32.1,-0.35,0
PID102471,CRPF,ASI/SI,16.9,True,separated_hardship_posting,nuclear,2.573,counter_insurgency_jk_ne,19.3,31,19.3,0.623,53.7,0.285,64.5,32.5,2.0,0.0,2.0,3.0,3.0,0.0,1,4.0,3.0,1.0,0.135,0.002,0,11.4,0.046,0
PID102472,CRPF,Head Constable,16.8,False,not_applicable_unmarried,n/a,0.0,counter_insurgency_jk_ne,8.7,32,19.9,0.622,58.5,0.253,69.6,36.9,2.0,2.0,0.0,3.0,2.0,1.0,1,5.0,5.0,0.0,0.273,-0.066,0,48.0,-0.253,0
PID102473,CRPF,Constable/GD,10.7,True,separated_hardship_posting,joint,1.233,counter_naxal_lwe,14.8,30,14.4,0.48,52.9,0.324,67.0,31.8,0.0,1.0,-1.0,3.0,2.0,1.0,0,4.0,3.0,1.0,0.372,0.112,0,40.2,0.303,0
PID102474,CRPF,Constable/GD,24.1,True,separated_hardship_posting,nuclear,0.213,counter_insurgency_jk_ne,1.6,31,19.7,0.635,56.9,0.321,65.6,39.3,0.0,0.0,0.0,3.0,3.0,0.0,0,1.0,2.0,-1.0,0.373,0.096,0,47.4,0.007,0
PID102475,CRPF,Constable/GD,3.5,True,with_family,joint,0.0,peace_training_static,8.2,32,25.7,0.803,48.8,0.212,98.2,15.2,5.0,1.0,4.0,3.0,1.0,2.0,3,0.0,0.0,0.0,0.129,-0.061,0,27.9,0.374,0
PID102476,CRPF,Constable/GD,8.9,False,not_applicable_unmarried,n/a,0.0,counter_naxal_lwe,7.5,29,19.4,0.669,64.3,0.341,53.9,50.1,0.0,0.0,0.0,4.0,2.0,2.0,1,4.0,2.0,2.0,0.426,0.167,0,49.7,0.607,1
PID102477,CRPF,Constable/GD,15.4,False,not_applicable_unmarried,n/a,0.0,counter_naxal_lwe,6.0,30,12.0,0.4,61.0,0.302,62.6,33.5,2.0,0.0,2.0,3.0,1.0,2.0,0,5.0,3.0,2.0,0.926,0.134,1,61.2,1.141,0
PID102478,CRPF,Constable/GD,5.8,True,separated_hardship_posting,joint,0.55,counter_insurgency_jk_ne,6.6,29,14.9,0.514,57.8,0.358,59.2,32.2,0.0,2.0,-2.0,3.0,3.0,0.0,2,5.0,0.0,5.0,0.374,0.027,0,5.7,-0.364,0
PID102479,CRPF,ASI/SI,17.8,True,with_family,joint,0.0,counter_naxal_lwe,17.3,30,11.6,0.387,60.0,0.23,67.0,36.0,0.0,0.0,0.0,3.0,2.0,1.0,1,0.0,1.0,-1.0,0.852,0.166,0,46.7,0.731,0
PID102480,CRPF,Constable/GD,20.7,False,not_applicable_unmarried,n/a,0.0,counter_naxal_lwe,15.1,29,17.2,0.593,60.8,0.413,59.7,47.2,0.0,0.0,0.0,5.0,2.0,3.0,0,5.0,1.0,4.0,0.418,0.121,1,18.0,0.773,0
PID102481,CRPF,Constable/GD,1.6,True,with_family,joint,0.0,counter_insurgency_jk_ne,3.8,29,16.1,0.555,60.5,0.214,64.5,34.9,8.0,6.0,2.0,3.0,1.0,2.0,1,4.0,0.0,4.0,0.108,0.032,0,46.8,0.645,0
PID102482,CRPF,Constable/GD,24.6,True,with_family,nuclear,0.0,counter_insurgency_jk_ne,5.7,29,19.5,0.672,55.0,0.339,79.4,33.9,2.0,1.0,1.0,3.0,1.0,2.0,0,0.0,0.0,0.0,0.068,0.036,0,56.1,0.361,0
PID102483,CRPF,Constable/GD,14.9,False,not_applicable_unmarried,n/a,0.0,peace_training_static,8.7,32,25.9,0.809,43.4,0.091,99.6,7.9,2.0,6.0,-4.0,2.0,2.0,0.0,0,9.0,3.0,6.0,0.036,-0.024,0,24.5,-1.184,0
PID102484,CRPF,ASI/SI,8.3,True,with_family,nuclear,0.0,peace_training_static,5.1,29,27.7,0.955,39.7,0.139,88.8,0.0,1.0,1.0,0.0,1.0,3.0,-2.0,0,4.0,2.0,2.0,0.773,-0.047,0,27.8,-1.239,0
PID102485,CRPF,Constable/GD,4.3,False,not_applicable_unmarried,n/a,0.0,counter_insurgency_jk_ne,48.0,31,20.3,0.655,60.6,0.425,65.2,54.1,3.0,4.0,-1.0,4.0,2.0,2.0,0,0.0,1.0,-1.0,0.405,0.028,0,42.0,0.051,0
PID102486,CRPF,Head Constable,19.1,True,separated_hardship_posting,nuclear,0.44,counter_insurgency_jk_ne,3.3,30,18.6,0.62,56.7,0.25,68.7,26.1,0.0,0.0,0.0,4.0,2.0,2.0,1,11.0,9.0,2.0,0.237,0.027,0,39.8,0.244,0
PID102487,CRPF,ASI/SI,5.2,False,not_applicable_unmarried,n/a,0.0,peace_training_static,5.7,31,28.0,0.903,40.9,0.06,89.2,0.7,1.0,1.0,0.0,1.0,1.0,0.0,0,2.0,2.0,0.0,0.148,-0.05,0,19.5,-0.759,0
PID102488,CRPF,Constable/GD,14.9,True,with_family,nuclear,0.0,counter_insurgency_jk_ne,19.7,28,17.2,0.614,61.3,0.305,60.1,46.7,0.0,0.0,0.0,3.0,4.0,-1.0,2,4.0,5.0,-1.0,0.447,0.143,0,31.5,-0.04,1
PID102489,CRPF,Head Constable,5.3,False,not_applicable_unmarried,n/a,0.0,peace_training_static,47.9,31,25.2,0.813,45.6,0.212,77.8,17.7,1.0,0.0,1.0,2.0,1.0,1.0,0,1.0,0.0,1.0,0.025,0.005,0,28.4,-0.117,0
PID102490,CRPF,Inspector+,11.3,True,with_family,nuclear,0.0,law_order_vip_duty,6.1,31,20.0,0.645,48.8,0.231,86.7,15.4,0.0,1.0,-1.0,1.0,2.0,-1.0,0,0.0,4.0,-4.0,0.51,0.01,0,36.6,-0.633,0
PID102491,CRPF,Constable/GD,18.6,False,not_applicable_unmarried,n/a,0.0,counter_naxal_lwe,7.5,28,17.0,0.607,65.4,0.353,52.7,46.0,1.0,0.0,1.0,4.0,3.0,1.0,0,6.0,8.0,-2.0,0.649,0.181,0,66.3,0.663,0
PID102492,CRPF,Constable/GD,8.3,False,not_applicable_unmarried,n/a,0.0,counter_naxal_lwe,20.6,29,14.8,0.51,60.4,0.36,70.9,34.5,1.0,0.0,1.0,4.0,2.0,2.0,0,0.0,0.0,0.0,0.297,0.076,0,42.4,0.677,0
PID102493,CRPF,ASI/SI,24.5,True,with_family,nuclear,0.0,counter_naxal_lwe,1.0,32,19.0,0.594,55.5,0.29,72.2,27.5,5.0,1.0,4.0,4.0,2.0,2.0,0,1.0,2.0,-1.0,0.017,-0.035,0,23.9,0.705,0
PID102494,CRPF,ASI/SI,15.6,True,separated_hardship_posting,nuclear,0.293,peace_training_static,2.2,29,29.0,1.0,49.6,0.131,81.8,22.2,1.0,1.0,0.0,1.0,2.0,-1.0,0,0.0,1.0,-1.0,0.257,0.011,0,44.1,-0.905,0
PID102495,CRPF,Constable/GD,5.8,True,separated_hardship_posting,joint,1.708,counter_naxal_lwe,20.5,30,15.1,0.503,58.4,0.326,63.7,35.2,4.0,1.0,3.0,5.0,3.0,2.0,3,5.0,3.0,2.0,0.189,0.129,0,36.1,1.154,0
PID102496,CRPF,Head Constable,4.5,True,separated_hardship_posting,joint,0.267,law_order_vip_duty,3.2,32,22.2,0.694,63.9,0.299,72.3,35.0,3.0,2.0,1.0,3.0,3.0,0.0,1,3.0,8.0,-5.0,0.306,0.067,0,61.6,0.003,0
PID102497,CRPF,Constable/GD,6.9,True,with_family,nuclear,0.0,counter_insurgency_jk_ne,8.3,32,18.2,0.569,56.0,0.348,68.5,30.9,0.0,0.0,0.0,2.0,2.0,0.0,2,0.0,1.0,-1.0,0.4,0.007,0,33.3,-0.184,0
PID102498,CRPF,ASI/SI,11.0,True,with_family,joint,0.0,peace_training_static,43.9,29,26.2,0.903,37.7,0.041,95.3,1.6,0.0,3.0,-3.0,1.0,1.0,0.0,3,1.0,2.0,-1.0,0.652,0.197,0,35.5,-0.475,0
PID102499,CRPF,Constable/GD,25.8,True,with_family,nuclear,0.0,law_order_vip_duty,2.4,31,25.1,0.81,58.8,0.203,76.3,27.5,3.0,0.0,3.0,3.0,1.0,2.0,1,1.0,2.0,-1.0,0.195,-0.085,0,56.7,0.14,0
PID102500,CRPF,Constable/GD,28.4,False,not_applicable_unmarried,n/a,0.0,counter_naxal_lwe,4.1,32,17.5,0.547,61.6,0.382,64.5,40.9,1.0,0.0,1.0,4.0,2.0,2.0,2,1.0,1.0,0.0,0.149,0.076,1,27.3,0.633,1
PID102501,CRPF,Head Constable,8.1,True,with_family,nuclear,0.0,counter_naxal_lwe,38.4,30,22.7,0.757,62.8,0.291,57.4,44.4,0.0,0.0,0.0,3.0,2.0,1.0,2,0.0,1.0,-1.0,0.622,0.038,0,22.1,-0.101,0
PID102502,CRPF,Inspector+,8.0,True,with_family,nuclear,0.0,counter_insurgency_jk_ne,26.9,32,20.5,0.641,59.3,0.235,69.4,32.0,0.0,0.0,0.0,2.0,2.0,0.0,1,2.0,0.0,2.0,0.295,0.077,0,44.1,-0.06,0
PID102503,CRPF,ASI/SI,17.1,True,with_family,nuclear,0.0,peace_training_static,6.2,31,30.2,0.974,40.3,0.092,85.1,2.5,0.0,0.0,0.0,1.0,3.0,-2.0,0,2.0,1.0,1.0,0.178,0.048,0,42.5,-0.977,0
PID102504,CRPF,Constable/GD,17.0,True,with_family,nuclear,0.0,law_order_vip_duty,6.7,31,23.1,0.745,43.1,0.241,86.7,10.2,1.0,0.0,1.0,2.0,2.0,0.0,1,2.0,2.0,0.0,0.38,0.14,0,20.1,0.161,0
PID102505,CRPF,Constable/GD,22.4,True,separated_hardship_posting,nuclear,0.267,counter_insurgency_jk_ne,2.0,31,21.6,0.697,65.6,0.362,59.2,54.2,1.0,0.0,1.0,4.0,3.0,1.0,0,0.0,0.0,0.0,0.681,0.192,0,10.2,0.588,0
PID102506,CRPF,ASI/SI,22.7,False,not_applicable_unmarried,n/a,0.0,peace_training_static,16.2,28,24.6,0.879,39.5,0.134,97.3,15.6,3.0,1.0,2.0,3.0,2.0,1.0,0,7.0,10.0,-3.0,0.251,0.002,0,44.8,-0.051,0
PID102507,CRPF,ASI/SI,6.6,True,with_family,nuclear,0.0,counter_insurgency_jk_ne,1.0,28,14.9,0.532,64.3,0.448,49.4,51.2,5.0,0.0,5.0,5.0,4.0,1.0,0,1.0,1.0,0.0,0.488,0.253,0,44.7,1.588,0
PID102508,CRPF,Constable/GD,3.9,True,with_family,nuclear,0.0,counter_naxal_lwe,34.4,32,20.3,0.634,63.9,0.309,56.9,48.1,2.0,0.0,2.0,4.0,1.0,3.0,2,4.0,4.0,0.0,0.189,0.103,0,48.1,0.978,0
PID102509,CRPF,Head Constable,15.7,True,with_family,nuclear,0.0,peace_training_static,5.8,31,27.7,0.894,46.5,0.164,87.8,9.9,0.0,0.0,0.0,2.0,2.0,0.0,2,0.0,0.0,0.0,0.0,-0.047,0,55.1,-0.739,0
PID102510,CRPF,Constable/GD,12.8,True,separated_hardship_posting,nuclear,0.133,counter_insurgency_jk_ne,1.0,32,19.9,0.622,55.9,0.233,80.7,25.1,0.0,0.0,0.0,1.0,2.0,-1.0,0,1.0,1.0,0.0,0.241,0.134,0,41.5,-0.078,0
PID102511,CRPF,Constable/GD,2.6,False,not_applicable_unmarried,n/a,0.0,peace_training_static,14.1,30,29.9,0.997,55.0,0.217,75.4,30.3,6.0,3.0,3.0,5.0,3.0,2.0,1,0.0,0.0,0.0,0.075,0.001,0,37.7,0.172,0
PID102512,CRPF,Constable/GD,3.9,True,with_family,nuclear,0.0,counter_insurgency_jk_ne,18.0,29,17.8,0.614,55.0,0.382,64.9,23.8,4.0,8.0,-4.0,1.0,1.0,0.0,0,0.0,0.0,0.0,0.0,-0.025,0,50.8,-0.951,0
PID102513,CRPF,Constable/GD,15.3,True,with_family,nuclear,0.0,law_order_vip_duty,6.0,32,23.6,0.738,49.1,0.263,85.3,24.7,1.0,0.0,1.0,4.0,2.0,2.0,0,1.0,0.0,1.0,0.185,0.153,0,41.5,0.634,0
PID102514,CRPF,Constable/GD,10.4,True,with_family,joint,0.0,counter_naxal_lwe,11.8,32,16.0,0.5,64.5,0.246,64.0,38.6,0.0,0.0,0.0,2.0,2.0,0.0,0,1.0,0.0,1.0,0.598,0.151,0,17.6,0.334,0
PID102515,CRPF,ASI/SI,15.5,True,with_family,nuclear,0.0,counter_insurgency_jk_ne,8.8,32,22.4,0.7,55.1,0.342,70.8,27.6,0.0,0.0,0.0,3.0,1.0,2.0,0,4.0,7.0,-3.0,0.493,0.051,0,43.5,0.22,0
PID102516,CRPF,Constable/GD,5.5,True,separated_hardship_posting,nuclear,2.987,counter_naxal_lwe,22.4,32,16.6,0.519,57.7,0.301,73.3,35.7,0.0,0.0,0.0,2.0,1.0,1.0,0,0.0,0.0,0.0,0.45,-0.035,0,49.8,-0.036,0
PID102517,CRPF,Constable/GD,16.1,True,with_family,nuclear,0.0,law_order_vip_duty,7.3,28,20.8,0.743,51.6,0.247,76.8,32.3,3.0,3.0,0.0,2.0,1.0,1.0,1,0.0,1.0,-1.0,0.582,0.115,0,26.3,0.147,0
PID102518,CRPF,Constable/GD,13.7,False,not_applicable_unmarried,n/a,0.0,counter_naxal_lwe,33.2,32,18.5,0.578,64.5,0.263,56.9,42.2,0.0,0.0,0.0,4.0,3.0,1.0,0,2.0,3.0,-1.0,0.212,-0.018,0,65.7,-0.054,0
PID102519,CRPF,Constable/GD,16.8,True,with_family,nuclear,0.0,counter_naxal_lwe,17.2,28,16.2,0.579,69.3,0.366,52.2,54.4,7.0,3.0,4.0,3.0,2.0,1.0,0,6.0,1.0,5.0,0.773,0.299,8,35.2,1.517,1
PID102520,CRPF,Constable/GD,8.5,True,separated_hardship_posting,nuclear,1.307,counter_naxal_lwe,9.8,31,20.1,0.648,70.1,0.329,60.4,52.8,0.0,0.0,0.0,4.0,2.0,2.0,1,1.0,0.0,1.0,0.209,0.075,1,56.1,0.355,0
PID102521,CRPF,Head Constable,7.4,False,not_applicable_unmarried,n/a,0.0,counter_insurgency_jk_ne,3.5,28,16.6,0.593,50.6,0.253,89.6,22.2,0.0,1.0,-1.0,2.0,3.0,-1.0,1,4.0,2.0,2.0,0.0,-0.081,0,25.3,-0.845,0
PID102522,CRPF,Constable/GD,4.3,True,separated_hardship_posting,joint,0.225,counter_insurgency_jk_ne,2.7,28,20.9,0.746,62.0,0.336,55.0,38.8,2.0,0.0,2.0,4.0,3.0,1.0,0,1.0,2.0,-1.0,0.571,0.138,0,52.4,0.52,0
PID102523,CRPF,Head Constable,9.4,True,separated_hardship_posting,nuclear,2.8,law_order_vip_duty,21.0,31,22.5,0.726,47.9,0.217,92.5,17.6,0.0,1.0,-1.0,2.0,3.0,-1.0,0,2.0,2.0,0.0,0.0,-0.061,0,60.6,-0.945,0
PID102524,CRPF,ASI/SI,20.2,False,not_applicable_unmarried,n/a,0.0,law_order_vip_duty,3.0,29,22.9,0.79,48.1,0.208,80.6,20.3,0.0,4.0,-4.0,1.0,2.0,-1.0,0,5.0,4.0,1.0,0.182,0.041,0,28.0,-1.177,0
PID102525,CRPF,Constable/GD,23.3,False,not_applicable_unmarried,n/a,0.0,counter_insurgency_jk_ne,7.3,32,18.6,0.581,55.6,0.344,69.2,20.3,0.0,0.0,0.0,1.0,2.0,-1.0,1,6.0,2.0,4.0,0.0,-0.045,0,44.4,-0.568,0
PID102526,CRPF,ASI/SI,5.2,False,not_applicable_unmarried,n/a,0.0,counter_insurgency_jk_ne,4.0,29,23.7,0.817,55.4,0.414,76.7,38.3,0.0,1.0,-1.0,2.0,3.0,-1.0,0,1.0,0.0,1.0,0.44,0.125,0,36.4,-0.495,0
PID102527,CRPF,ASI/SI,11.0,False,not_applicable_unmarried,n/a,0.0,counter_naxal_lwe,6.1,31,16.0,0.516,57.5,0.367,63.6,30.5,0.0,0.0,0.0,3.0,2.0,1.0,0,1.0,2.0,-1.0,0.141,0.017,0,24.6,0.126,0
PID102528,CRPF,ASI/SI,26.0,True,with_family,joint,0.0,counter_insurgency_jk_ne,1.0,31,17.8,0.574,48.5,0.192,81.3,19.8,1.0,2.0,-1.0,2.0,2.0,0.0,0,0.0,0.0,0.0,0.119,0.02,0,41.7,-0.304,0
PID102529,CRPF,Head Constable,27.9,False,not_applicable_unmarried,n/a,0.0,peace_training_static,2.7,32,29.1,0.909,51.6,0.027,82.3,24.7,3.0,0.0,3.0,4.0,2.0,2.0,0,6.0,2.0,4.0,0.0,-0.1,0,35.1,-0.025,0
PID102530,CRPF,Head Constable,9.2,True,with_family,nuclear,0.0,counter_insurgency_jk_ne,12.0,32,18.4,0.575,61.4,0.304,64.5,38.7,5.0,2.0,3.0,4.0,2.0,2.0,1,0.0,1.0,-1.0,0.497,0.091,1,36.1,0.954,0
PID102531,CRPF,Head Constable,21.2,True,with_family,nuclear,0.0,peace_training_static,15.0,30,27.9,0.93,45.7,0.182,88.3,9.0,1.0,4.0,-3.0,2.0,4.0,-2.0,1,1.0,2.0,-1.0,0.505,0.117,0,22.5,-1.176,0
PID102532,CRPF,Head Constable,19.2,False,not_applicable_unmarried,n/a,0.0,counter_naxal_lwe,24.8,29,19.6,0.676,57.9,0.358,61.9,41.4,0.0,0.0,0.0,4.0,2.0,2.0,0,2.0,0.0,2.0,0.618,0.22,1,52.8,0.757,0
PID102533,CRPF,Constable/GD,18.4,False,not_applicable_unmarried,n/a,0.0,law_order_vip_duty,3.1,30,22.9,0.763,56.7,0.251,80.3,36.5,1.0,0.0,1.0,4.0,2.0,2.0,0,2.0,3.0,-1.0,0.613,0.119,1,33.7,0.503,0
PID102534,CRPF,Inspector+,3.5,False,not_applicable_unmarried,n/a,0.0,law_order_vip_duty,1.0,31,23.8,0.768,51.5,0.216,74.2,19.1,0.0,0.0,0.0,3.0,2.0,1.0,0,1.0,1.0,0.0,0.59,0.145,0,35.6,0.208,0
PID102535,CRPF,Head Constable,7.8,True,separated_hardship_posting,nuclear,0.293,law_order_vip_duty,2.2,32,23.3,0.728,49.5,0.278,81.4,10.9,2.0,0.0,2.0,3.0,3.0,0.0,0,0.0,0.0,0.0,0.102,0.017,0,24.3,-0.037,0
PID102536,CRPF,Head Constable,10.3,False,not_applicable_unmarried,n/a,0.0,law_order_vip_duty,7.8,28,19.5,0.696,45.2,0.257,84.2,22.9,1.0,2.0,-1.0,1.0,1.0,0.0,0,0.0,0.0,0.0,0.17,-0.005,0,56.2,-0.527,0
PID102537,CRPF,Constable/GD,10.1,True,separated_hardship_posting,nuclear,0.293,counter_naxal_lwe,2.2,28,15.7,0.561,63.9,0.289,69.6,45.0,0.0,1.0,-1.0,2.0,2.0,0.0,1,1.0,3.0,-2.0,0.479,0.078,0,20.3,-0.113,0
PID102538,CRPF,Constable/GD,10.9,False,not_applicable_unmarried,n/a,0.0,law_order_vip_duty,7.0,30,22.5,0.75,50.5,0.247,73.7,26.6,0.0,3.0,-3.0,1.0,1.0,0.0,0,2.0,0.0,2.0,0.526,-0.09,0,15.9,-1.156,0
PID102539,CRPF,Constable/GD,29.6,False,not_applicable_unmarried,n/a,0.0,counter_insurgency_jk_ne,18.1,30,21.5,0.717,58.8,0.207,74.5,22.8,1.0,0.0,1.0,2.0,1.0,1.0,0,2.0,1.0,1.0,0.083,0.046,1,42.1,0.126,0
PID102540,CRPF,Constable/GD,9.3,True,with_family,nuclear,0.0,counter_insurgency_jk_ne,21.5,32,16.3,0.509,58.5,0.327,81.1,36.4,0.0,0.0,0.0,3.0,1.0,2.0,0,4.0,1.0,3.0,0.239,0.131,0,32.6,0.693,0
PID102541,CRPF,Constable/GD,14.1,False,not_applicable_unmarried,n/a,0.0,counter_naxal_lwe,11.7,29,20.3,0.7,64.3,0.333,51.3,52.2,3.0,1.0,2.0,5.0,2.0,3.0,0,0.0,2.0,-2.0,0.147,0.127,2,49.4,0.972,0
PID102542,CRPF,Constable/GD,13.8,True,with_family,nuclear,0.0,counter_naxal_lwe,8.3,28,15.0,0.536,62.7,0.36,55.2,56.0,1.0,1.0,0.0,4.0,2.0,2.0,0,2.0,1.0,1.0,0.386,0.251,1,63.3,1.02,0
PID102543,CRPF,Constable/GD,11.0,True,with_family,nuclear,0.0,peace_training_static,7.5,28,25.6,0.914,44.6,0.139,100.0,7.5,0.0,0.0,0.0,1.0,2.0,-1.0,0,1.0,0.0,1.0,0.099,-0.09,0,59.3,-1.106,0
PID102544,CRPF,Constable/GD,5.4,False,not_applicable_unmarried,n/a,0.0,counter_naxal_lwe,9.6,32,14.4,0.45,64.0,0.367,58.1,46.8,0.0,0.0,0.0,3.0,1.0,2.0,1,1.0,0.0,1.0,0.449,0.153,2,54.4,0.829,1
PID102545,CRPF,Constable/GD,11.9,True,separated_hardship_posting,nuclear,0.933,counter_insurgency_jk_ne,7.0,31,20.3,0.655,61.6,0.385,61.5,32.5,2.0,3.0,-1.0,3.0,1.0,2.0,0,1.0,0.0,1.0,0.838,0.094,0,26.3,0.249,0
PID102546,CRPF,Inspector+,2.5,True,separated_hardship_posting,joint,0.083,counter_naxal_lwe,1.0,32,14.7,0.459,68.0,0.352,53.1,55.8,1.0,1.0,0.0,4.0,1.0,3.0,0,1.0,2.0,-1.0,0.55,0.102,1,55.7,0.879,0
PID102547,CRPF,Constable/GD,14.9,True,with_family,nuclear,0.0,law_order_vip_duty,6.8,29,22.9,0.79,47.3,0.231,92.7,20.9,2.0,1.0,1.0,2.0,2.0,0.0,2,2.0,0.0,2.0,0.0,-0.02,0,33.2,-0.377,0
PID102548,CRPF,Constable/GD,2.2,True,separated_hardship_posting,nuclear,0.467,law_order_vip_duty,3.5,28,21.8,0.779,56.2,0.3,60.5,37.5,2.0,2.0,0.0,3.0,1.0,2.0,2,0.0,1.0,-1.0,0.272,0.071,1,22.9,0.183,0
PID102549,CRPF,Constable/GD,14.1,True,with_family,nuclear,0.0,peace_training_static,1.0,30,26.0,0.867,39.4,0.234,98.1,13.4,0.0,0.0,0.0,1.0,2.0,-1.0,0,3.0,3.0,0.0,0.19,-0.072,0,48.1,-0.994,0
PID102550,CRPF,Constable/GD,7.6,True,separated_hardship_posting,nuclear,0.387,counter_insurgency_jk_ne,2.9,28,10.6,0.379,61.9,0.299,55.1,38.7,2.0,3.0,-1.0,2.0,3.0,-1.0,0,2.0,3.0,-1.0,0.459,0.143,0,33.5,0.091,0
PID102551,CRPF,Constable/GD,6.0,True,with_family,nuclear,0.0,counter_naxal_lwe,10.4,28,21.9,0.782,59.4,0.319,56.5,39.2,0.0,0.0,0.0,4.0,1.0,3.0,1,1.0,0.0,1.0,0.012,-0.106,0,37.6,-0.14,0
PID102552,CRPF,Head Constable,17.2,True,separated_hardship_posting,joint,0.083,counter_naxal_lwe,1.0,32,14.4,0.45,65.2,0.322,52.9,46.3,0.0,0.0,0.0,2.0,1.0,1.0,1,0.0,2.0,-2.0,0.287,0.102,1,50.1,0.463,0
PID102553,CRPF,Inspector+,8.7,True,separated_hardship_posting,joint,0.092,counter_naxal_lwe,1.1,29,16.8,0.579,67.8,0.377,53.6,56.8,2.0,2.0,0.0,4.0,2.0,2.0,1,1.0,0.0,1.0,0.631,0.377,6,51.7,1.347,0
PID102554,CRPF,Constable/GD,11.5,True,separated_hardship_posting,nuclear,0.547,law_order_vip_duty,4.1,28,18.8,0.671,52.7,0.208,73.4,31.5,1.0,0.0,1.0,3.0,2.0,1.0,1,10.0,3.0,7.0,0.0,-0.051,0,35.4,-0.114,0
PID102555,CRPF,Head Constable,3.6,True,with_family,nuclear,0.0,peace_training_static,9.2,29,29.0,1.0,45.8,0.015,88.4,10.9,0.0,1.0,-1.0,2.0,3.0,-1.0,1,2.0,3.0,-1.0,0.294,0.04,0,42.0,-0.972,0
PID102556,CRPF,Constable/GD,24.2,False,not_applicable_unmarried,n/a,0.0,counter_naxal_lwe,8.8,29,14.8,0.51,61.6,0.417,54.0,47.4,2.0,1.0,1.0,3.0,1.0,2.0,1,1.0,1.0,0.0,0.199,0.179,1,53.8,0.989,0
PID102557,CRPF,Constable/GD,12.2,True,separated_hardship_posting,nuclear,1.053,counter_insurgency_jk_ne,7.9,32,16.9,0.528,56.1,0.349,62.9,39.0,0.0,1.0,-1.0,4.0,2.0,2.0,1,2.0,0.0,2.0,0.79,0.049,0,29.1,0.267,0
PID102558,CRPF,Constable/GD,12.2,True,separated_hardship_posting,nuclear,1.453,law_order_vip_duty,10.9,31,25.0,0.806,56.5,0.289,64.7,32.7,0.0,0.0,0.0,2.0,1.0,1.0,0,4.0,3.0,1.0,0.303,0.04,0,16.2,-0.155,0
PID102559,CRPF,Constable/GD,21.5,True,separated_hardship_posting,joint,0.083,counter_insurgency_jk_ne,1.0,30,14.2,0.473,57.6,0.381,66.8,44.5,3.0,4.0,-1.0,3.0,2.0,1.0,0,6.0,6.0,0.0,0.114,-0.045,1,32.6,-0.163,1
PID102560,CRPF,Head Constable,15.1,True,separated_hardship_posting,nuclear,0.16,law_order_vip_duty,1.2,30,21.3,0.71,43.3,0.231,83.3,12.2,2.0,4.0,-2.0,2.0,3.0,-1.0,1,2.0,1.0,1.0,0.28,0.15,2,35.1,-0.444,0
PID102561,CRPF,Head Constable,1.4,False,not_applicable_unmarried,n/a,0.0,counter_insurgency_jk_ne,26.1,31,20.7,0.668,61.5,0.316,47.7,46.7,6.0,1.0,5.0,5.0,2.0,3.0,0,3.0,4.0,-1.0,0.273,0.037,1,38.0,1.2,1
PID102562,CRPF,Head Constable,25.5,True,separated_hardship_posting,nuclear,0.467,counter_naxal_lwe,3.5,28,19.9,0.711,65.3,0.41,55.5,46.3,1.0,0.0,1.0,3.0,3.0,0.0,0,6.0,3.0,3.0,0.434,-0.024,0,73.9,-0.292,0
PID102563,CRPF,Constable/GD,9.1,True,separated_hardship_posting,nuclear,2.0,counter_insurgency_jk_ne,15.0,30,15.1,0.503,58.2,0.227,75.4,36.3,0.0,0.0,0.0,4.0,3.0,1.0,1,5.0,0.0,5.0,0.101,0.017,0,29.1,0.142,1
PID102564,CRPF,Head Constable,24.7,False,not_applicable_unmarried,n/a,0.0,counter_insurgency_jk_ne,1.0,29,15.6,0.538,54.8,0.279,70.9,30.3,0.0,0.0,0.0,2.0,1.0,1.0,1,0.0,0.0,0.0,0.457,-0.067,1,37.5,-0.153,0
PID102565,CRPF,Constable/GD,8.9,True,separated_hardship_posting,joint,0.467,law_order_vip_duty,5.6,28,22.1,0.789,47.4,0.216,75.7,30.5,0.0,0.0,0.0,3.0,3.0,0.0,0,0.0,0.0,0.0,0.152,-0.016,0,27.1,-0.517,0
PID102566,CRPF,Constable/GD,7.7,False,not_applicable_unmarried,n/a,0.0,counter_naxal_lwe,6.9,30,10.5,0.35,58.9,0.405,67.5,39.0,4.0,0.0,4.0,4.0,2.0,2.0,1,3.0,0.0,3.0,0.389,0.198,0,43.5,1.702,0
PID102567,CRPF,Constable/GD,14.5,True,with_family,joint,0.0,counter_insurgency_jk_ne,11.1,31,22.7,0.732,58.8,0.268,60.4,41.9,2.0,0.0,2.0,5.0,4.0,1.0,0,5.0,3.0,2.0,0.177,-0.013,0,47.8,0.082,1
PID102568,CRPF,Head Constable,32.8,True,with_family,nuclear,0.0,peace_training_static,21.7,31,24.9,0.803,38.6,0.077,95.0,0.4,1.0,2.0,-1.0,1.0,2.0,-1.0,1,3.0,0.0,3.0,0.059,-0.029,0,51.2,-0.942,0
PID102569,CRPF,Inspector+,21.2,False,not_applicable_unmarried,n/a,0.0,counter_insurgency_jk_ne,5.7,28,15.5,0.554,59.7,0.274,67.2,35.0,6.0,5.0,1.0,3.0,3.0,0.0,0,0.0,0.0,0.0,0.722,0.18,3,43.8,0.513,0
PID102570,CRPF,Constable/GD,15.4,True,separated_hardship_posting,nuclear,0.24,counter_naxal_lwe,1.8,29,16.7,0.576,62.3,0.378,66.8,42.2,3.0,3.0,0.0,3.0,2.0,1.0,0,1.0,0.0,1.0,0.381,0.064,0,41.4,0.194,0
PID102571,CRPF,Head Constable,14.4,True,with_family,nuclear,0.0,peace_training_static,6.9,29,26.3,0.907,51.1,0.116,86.6,19.9,0.0,0.0,0.0,2.0,1.0,1.0,0,2.0,1.0,1.0,0.305,0.049,0,3.6,-0.249,0
PID102572,CRPF,Head Constable,11.8,False,not_applicable_unmarried,n/a,0.0,counter_naxal_lwe,1.0,28,12.5,0.446,64.8,0.263,63.6,38.6,4.0,2.0,2.0,3.0,2.0,1.0,0,0.0,0.0,0.0,0.281,-0.028,0,50.7,0.383,0
PID102573,CRPF,ASI/SI,24.1,True,with_family,nuclear,0.0,law_order_vip_duty,17.7,30,27.7,0.923,49.1,0.145,89.8,13.4,2.0,1.0,1.0,2.0,1.0,1.0,1,1.0,2.0,-1.0,0.225,0.038,0,60.6,-0.149,0
PID102574,CRPF,Constable/GD,17.5,False,not_applicable_unmarried,n/a,0.0,counter_naxal_lwe,6.7,30,8.8,0.293,55.2,0.358,62.0,36.2,1.0,4.0,-3.0,3.0,2.0,1.0,3,1.0,1.0,0.0,0.558,0.159,2,28.3,0.359,0
PID102575,CRPF,Head Constable,4.2,True,with_family,nuclear,0.0,peace_training_static,1.2,31,24.5,0.79,42.7,0.13,100.0,8.7,1.0,0.0,1.0,3.0,2.0,1.0,2,8.0,6.0,2.0,0.251,-0.003,0,27.0,-0.112,0
PID102576,CRPF,Head Constable,6.0,True,with_family,joint,0.0,counter_naxal_lwe,3.2,31,15.1,0.487,67.5,0.352,37.3,54.2,2.0,0.0,2.0,4.0,1.0,3.0,3,1.0,1.0,0.0,0.219,0.063,1,23.6,1.035,1
PID102577,CRPF,ASI/SI,15.7,False,not_applicable_unmarried,n/a,0.0,counter_insurgency_jk_ne,11.8,32,16.4,0.512,59.2,0.272,76.6,32.7,2.0,0.0,2.0,5.0,2.0,3.0,1,3.0,0.0,3.0,0.411,0.091,0,49.3,1.09,0
PID102578,CRPF,Constable/GD,5.3,True,with_family,joint,0.0,peace_training_static,10.5,30,30.0,1.0,48.4,0.167,79.0,12.2,1.0,1.0,0.0,2.0,2.0,0.0,0,1.0,0.0,1.0,0.261,0.016,0,23.1,-0.676,0
PID102579,CRPF,ASI/SI,12.1,True,separated_hardship_posting,nuclear,0.213,counter_insurgency_jk_ne,1.6,29,12.4,0.428,55.5,0.322,72.4,34.9,4.0,4.0,0.0,3.0,1.0,2.0,0,5.0,1.0,4.0,0.651,0.158,2,38.1,0.87,0
PID102580,CRPF,Constable/GD,18.3,False,not_applicable_unmarried,n/a,0.0,counter_naxal_lwe,1.0,30,21.2,0.707,63.9,0.37,67.6,47.9,1.0,1.0,0.0,3.0,1.0,2.0,1,4.0,2.0,2.0,0.607,0.188,3,17.7,0.625,0
PID102581,CRPF,ASI/SI,14.5,True,with_family,nuclear,0.0,counter_naxal_lwe,18.4,31,16.2,0.523,55.9,0.372,71.0,39.5,2.0,1.0,1.0,3.0,1.0,2.0,0,1.0,0.0,1.0,0.23,-0.015,0,46.2,0.388,0
PID102582,CRPF,Constable/GD,4.7,True,with_family,nuclear,0.0,counter_naxal_lwe,1.0,29,11.9,0.41,65.7,0.446,56.1,51.4,0.0,0.0,0.0,5.0,3.0,2.0,0,4.0,1.0,3.0,0.509,0.215,0,33.5,1.064,0
PID102583,CRPF,Constable/GD,6.2,False,not_applicable_unmarried,n/a,0.0,counter_naxal_lwe,4.9,30,10.2,0.34,57.4,0.289,74.5,29.8,5.0,0.0,5.0,4.0,2.0,2.0,0,2.0,5.0,-3.0,0.106,0.059,0,43.2,1.448,0
PID102584,CRPF,Constable/GD,14.8,True,separated_hardship_posting,joint,0.375,counter_insurgency_jk_ne,4.5,32,18.6,0.581,50.1,0.275,69.0,24.7,3.0,2.0,1.0,3.0,2.0,1.0,1,3.0,6.0,-3.0,0.507,0.145,0,27.2,0.588,0
PID102585,CRPF,Constable/GD,30.8,True,separated_hardship_posting,nuclear,0.6,counter_insurgency_jk_ne,4.5,31,16.5,0.532,67.0,0.28,51.1,49.0,1.0,2.0,-1.0,4.0,1.0,3.0,1,3.0,5.0,-2.0,0.352,0.132,2,29.3,0.727,0
PID102586,CRPF,Constable/GD,10.7,False,not_applicable_unmarried,n/a,0.0,peace_training_static,3.5,31,28.6,0.923,46.5,0.195,86.7,15.7,0.0,0.0,0.0,2.0,2.0,0.0,0,2.0,0.0,2.0,0.45,0.097,1,31.4,-0.34,0
PID102587,CRPF,Constable/GD,18.6,True,separated_hardship_posting,joint,0.858,law_order_vip_duty,10.3,32,22.6,0.706,52.4,0.198,77.3,20.1,2.0,0.0,2.0,2.0,2.0,0.0,2,0.0,2.0,-2.0,0.16,-0.061,0,27.2,-0.243,0
PID102588,CRPF,Constable/GD,14.6,False,not_applicable_unmarried,n/a,0.0,peace_training_static,19.9,28,28.0,1.0,38.5,0.072,95.2,0.0,0.0,1.0,-1.0,1.0,1.0,0.0,0,1.0,1.0,0.0,0.236,-0.022,0,26.5,-0.944,0
PID102589,CRPF,Constable/GD,7.5,False,not_applicable_unmarried,n/a,0.0,counter_insurgency_jk_ne,9.9,30,17.6,0.587,60.5,0.294,73.1,33.7,0.0,1.0,-1.0,1.0,1.0,0.0,0,2.0,2.0,0.0,0.397,-0.091,0,20.8,-0.653,0
PID102590,CRPF,Head Constable,18.8,True,with_family,nuclear,0.0,counter_insurgency_jk_ne,6.2,29,16.1,0.555,61.5,0.306,71.0,37.0,2.0,0.0,2.0,3.0,1.0,2.0,0,0.0,0.0,0.0,0.319,0.139,1,47.1,0.968,0
PID102591,CRPF,ASI/SI,3.5,True,separated_hardship_posting,nuclear,1.933,counter_insurgency_jk_ne,14.5,29,20.3,0.7,57.2,0.372,60.7,40.1,2.0,0.0,2.0,3.0,2.0,1.0,1,2.0,8.0,-6.0,0.413,-0.099,0,44.5,-0.138,0
PID102592,CRPF,Head Constable,18.0,False,not_applicable_unmarried,n/a,0.0,counter_naxal_lwe,3.2,31,17.7,0.571,65.6,0.327,61.4,43.6,0.0,0.0,0.0,3.0,3.0,0.0,2,0.0,0.0,0.0,0.237,0.105,0,33.7,0.11,0
PID102593,CRPF,Constable/GD,15.1,False,not_applicable_unmarried,n/a,0.0,counter_naxal_lwe,4.6,31,19.4,0.626,66.7,0.309,48.9,48.1,1.0,0.0,1.0,3.0,3.0,0.0,1,2.0,3.0,-1.0,0.376,0.176,0,51.3,0.412,0
PID102594,CRPF,Constable/GD,8.0,True,with_family,nuclear,0.0,peace_training_static,7.0,30,30.0,1.0,48.1,0.065,79.0,16.0,1.0,2.0,-1.0,2.0,2.0,0.0,0,3.0,1.0,2.0,0.194,0.019,0,62.2,-0.823,0
PID102595,CRPF,ASI/SI,5.6,True,with_family,joint,0.0,law_order_vip_duty,21.6,30,21.6,0.72,43.3,0.199,83.1,21.4,1.0,0.0,1.0,2.0,2.0,0.0,0,1.0,1.0,0.0,0.178,-0.169,0,29.4,-0.741,0
PID102596,CRPF,Constable/GD,8.4,True,separated_hardship_posting,joint,0.083,counter_naxal_lwe,1.0,30,16.6,0.553,57.4,0.504,60.4,42.0,0.0,0.0,0.0,4.0,2.0,2.0,0,6.0,6.0,0.0,0.103,0.076,0,43.1,0.472,0
PID102597,CRPF,Constable/GD,7.2,False,not_applicable_unmarried,n/a,0.0,counter_insurgency_jk_ne,1.8,32,21.7,0.678,64.7,0.323,56.0,38.2,3.0,3.0,0.0,4.0,2.0,2.0,0,0.0,0.0,0.0,0.354,0.136,1,43.2,0.502,0
PID102598,CRPF,ASI/SI,9.7,False,not_applicable_unmarried,n/a,0.0,counter_naxal_lwe,7.6,28,8.0,0.286,62.3,0.386,62.7,40.3,11.0,7.0,4.0,5.0,3.0,2.0,1,4.0,4.0,0.0,0.68,0.235,1,30.4,1.89,0
PID102599,CRPF,Inspector+,9.0,False,not_applicable_unmarried,n/a,0.0,counter_insurgency_jk_ne,1.0,30,17.7,0.59,58.3,0.3,67.8,44.8,0.0,0.0,0.0,2.0,2.0,0.0,0,1.0,0.0,1.0,0.455,0.085,2,20.5,0.027,0
PID102600,CRPF,Constable/GD,8.0,True,separated_hardship_posting,nuclear,1.4,counter_naxal_lwe,10.5,28,14.7,0.525,58.7,0.358,71.8,44.1,1.0,0.0,1.0,4.0,2.0,2.0,1,7.0,3.0,4.0,0.129,0.042,0,76.7,0.557,1
PID102601,CRPF,Head Constable,3.4,False,not_applicable_unmarried,n/a,0.0,peace_training_static,1.0,32,29.9,0.934,43.5,0.167,92.7,15.1,1.0,2.0,-1.0,1.0,1.0,0.0,1,2.0,0.0,2.0,0.114,0.035,0,45.1,-0.695,0
PID102602,CRPF,Constable/GD,5.1,True,separated_hardship_posting,nuclear,0.587,counter_insurgency_jk_ne,4.4,29,15.0,0.517,62.8,0.334,55.3,48.0,0.0,1.0,-1.0,2.0,2.0,0.0,3,2.0,1.0,1.0,0.377,0.113,1,40.5,0.047,0
PID102603,CRPF,Head Constable,20.4,True,separated_hardship_posting,nuclear,1.96,counter_insurgency_jk_ne,14.7,28,20.1,0.718,64.0,0.321,66.2,46.2,0.0,3.0,-3.0,3.0,1.0,2.0,2,8.0,8.0,0.0,0.436,-0.009,0,44.9,-0.445,0
PID102604,CRPF,Constable/GD,8.1,True,with_family,nuclear,0.0,law_order_vip_duty,10.5,32,21.8,0.681,55.2,0.221,69.3,28.7,0.0,0.0,0.0,2.0,1.0,1.0,1,1.0,1.0,0.0,0.558,-0.019,0,76.4,-0.183,0
PID102605,CRPF,Constable/GD,9.8,True,separated_hardship_posting,nuclear,1.587,peace_training_static,11.9,31,26.5,0.855,48.2,0.099,89.5,18.3,4.0,2.0,2.0,3.0,2.0,1.0,1,4.0,2.0,2.0,0.895,0.054,0,36.7,0.137,0
PID102606,CRPF,Head Constable,8.7,True,with_family,joint,0.0,peace_training_static,17.6,32,26.8,0.838,48.5,0.145,81.9,22.1,1.0,2.0,-1.0,1.0,2.0,-1.0,0,0.0,0.0,0.0,0.528,-0.052,0,40.7,-1.055,0
PID102607,CRPF,Constable/GD,24.4,True,with_family,nuclear,0.0,counter_insurgency_jk_ne,15.6,29,21.1,0.728,57.7,0.305,76.3,37.4,3.0,0.0,3.0,5.0,2.0,3.0,1,1.0,3.0,-2.0,0.171,0.013,0,40.9,0.746,0
PID102608,CRPF,Head Constable,7.1,True,separated_hardship_posting,nuclear,2.6,counter_naxal_lwe,19.5,29,9.7,0.334,57.2,0.478,66.3,37.4,0.0,0.0,0.0,3.0,2.0,1.0,1,5.0,4.0,1.0,0.377,0.134,0,56.4,0.698,0
PID102609,CRPF,Constable/GD,6.7,False,not_applicable_unmarried,n/a,0.0,law_order_vip_duty,12.3,31,28.6,0.923,46.3,0.283,77.6,18.9,0.0,0.0,0.0,2.0,2.0,0.0,0,1.0,3.0,-2.0,0.0,-0.025,0,44.1,-0.707,0
PID102610,CRPF,ASI/SI,15.3,True,with_family,nuclear,0.0,peace_training_static,1.8,32,32.0,1.0,51.3,0.08,82.1,15.2,1.0,0.0,1.0,2.0,2.0,0.0,1,10.0,9.0,1.0,0.406,-0.025,0,16.7,-0.645,0
PID102611,CRPF,ASI/SI,12.7,True,with_family,joint,0.0,peace_training_static,2.6,32,27.1,0.847,45.9,0.05,100.0,12.5,2.0,0.0,2.0,3.0,3.0,0.0,1,0.0,0.0,0.0,0.394,0.005,0,13.5,-0.215,0
PID102612,CRPF,Constable/GD,15.6,True,separated_hardship_posting,nuclear,1.827,counter_insurgency_jk_ne,13.7,29,20.5,0.707,59.9,0.276,59.5,40.3,0.0,2.0,-2.0,3.0,4.0,-1.0,0,1.0,4.0,-3.0,0.346,0.048,0,55.5,-0.747,0
PID102613,CRPF,Head Constable,15.0,True,separated_hardship_posting,joint,2.133,law_order_vip_duty,25.6,31,23.6,0.761,52.8,0.155,75.4,25.9,0.0,0.0,0.0,2.0,2.0,0.0,0,4.0,1.0,3.0,0.766,0.087,0,43.7,-0.172,0
PID102614,CRPF,Constable/GD,19.0,True,with_family,nuclear,0.0,counter_naxal_lwe,5.9,32,22.6,0.706,63.0,0.323,57.8,46.6,3.0,2.0,1.0,4.0,2.0,2.0,1,6.0,2.0,4.0,0.398,0.09,1,35.0,0.483,0
PID102615,CRPF,Constable/GD,4.6,False,not_applicable_unmarried,n/a,0.0,counter_naxal_lwe,8.9,31,19.9,0.642,63.4,0.292,55.6,36.7,2.0,3.0,-1.0,2.0,2.0,0.0,0,1.0,2.0,-1.0,0.113,-0.04,0,28.1,-0.567,0
PID102616,CRPF,Constable/GD,14.5,True,with_family,nuclear,0.0,counter_naxal_lwe,19.9,31,23.6,0.761,64.8,0.33,53.2,51.4,6.0,2.0,4.0,5.0,2.0,3.0,0,1.0,2.0,-1.0,0.888,0.128,2,66.2,1.207,1
PID102617,CRPF,ASI/SI,6.8,True,separated_hardship_posting,nuclear,1.827,counter_naxal_lwe,13.7,28,10.7,0.382,58.9,0.331,65.3,35.2,0.0,0.0,0.0,2.0,2.0,0.0,1,2.0,1.0,1.0,0.509,0.08,0,43.5,0.262,0
PID102618,CRPF,ASI/SI,2.6,False,not_applicable_unmarried,n/a,0.0,counter_insurgency_jk_ne,16.9,31,19.2,0.619,62.7,0.309,65.5,38.9,0.0,1.0,-1.0,3.0,2.0,1.0,2,2.0,3.0,-1.0,0.236,-0.011,0,47.8,-0.237,0
PID102619,CRPF,ASI/SI,15.0,True,with_family,nuclear,0.0,counter_naxal_lwe,1.9,28,10.2,0.364,59.0,0.338,56.0,36.4,1.0,0.0,1.0,3.0,1.0,2.0,1,1.0,0.0,1.0,0.571,0.274,4,52.3,1.453,1
PID102620,CRPF,ASI/SI,14.5,False,not_applicable_unmarried,n/a,0.0,law_order_vip_duty,1.4,30,20.9,0.697,53.0,0.166,76.1,24.7,5.0,1.0,4.0,4.0,3.0,1.0,0,2.0,0.0,2.0,0.223,0.026,0,46.4,0.55,0
PID102621,CRPF,Inspector+,11.2,True,with_family,nuclear,0.0,law_order_vip_duty,26.6,30,29.2,0.973,47.3,0.293,75.4,22.1,2.0,1.0,1.0,3.0,1.0,2.0,0,5.0,6.0,-1.0,0.308,-0.016,0,33.3,-0.159,0
PID102622,CRPF,Constable/GD,19.2,False,not_applicable_unmarried,n/a,0.0,counter_naxal_lwe,4.1,28,16.8,0.6,61.3,0.374,54.6,37.4,1.0,1.0,0.0,3.0,2.0,1.0,1,1.0,4.0,-3.0,0.395,0.018,0,37.0,0.028,0
PID102623,CRPF,ASI/SI,6.8,True,separated_hardship_posting,nuclear,0.36,law_order_vip_duty,2.7,30,25.5,0.85,49.4,0.187,88.2,9.2,6.0,2.0,4.0,3.0,3.0,0.0,0,4.0,3.0,1.0,0.279,0.072,0,49.7,0.29,0
PID102624,CRPF,Head Constable,16.3,True,with_family,nuclear,0.0,counter_naxal_lwe,1.0,29,17.5,0.603,62.1,0.297,59.2,40.7,1.0,1.0,0.0,3.0,2.0,1.0,1,2.0,3.0,-1.0,0.342,0.195,0,53.3,0.556,0
PID102625,CRPF,Constable/GD,10.3,True,with_family,joint,0.0,counter_naxal_lwe,1.0,28,16.8,0.6,64.9,0.262,53.9,48.9,3.0,0.0,3.0,4.0,2.0,2.0,0,0.0,1.0,-1.0,0.366,0.207,4,55.9,1.272,1
PID102626,CRPF,Head Constable,10.8,True,with_family,nuclear,0.0,peace_training_static,9.9,31,26.3,0.848,46.3,0.028,97.2,11.6,6.0,3.0,3.0,2.0,1.0,1.0,3,1.0,0.0,1.0,0.432,0.073,0,28.0,0.357,0
PID102627,CRPF,Constable/GD,2.9,False,not_applicable_unmarried,n/a,0.0,counter_naxal_lwe,37.7,31,14.9,0.481,69.8,0.413,58.2,58.3,1.0,1.0,0.0,3.0,3.0,0.0,1,8.0,3.0,5.0,0.727,0.251,3,42.7,0.66,0
PID102628,CRPF,Constable/GD,19.3,True,separated_hardship_posting,nuclear,0.667,counter_naxal_lwe,5.0,32,16.0,0.5,65.2,0.406,57.5,47.6,5.0,2.0,3.0,5.0,2.0,3.0,0,3.0,2.0,1.0,0.403,0.031,0,27.9,1.077,0
PID102629,CRPF,Constable/GD,14.2,True,separated_hardship_posting,nuclear,2.8,law_order_vip_duty,21.0,31,15.1,0.487,51.1,0.185,74.7,21.5,0.0,0.0,0.0,3.0,4.0,-1.0,0,1.0,0.0,1.0,0.299,-0.017,1,38.2,-0.371,0
PID102630,CRPF,Constable/GD,16.0,False,not_applicable_unmarried,n/a,0.0,counter_naxal_lwe,20.4,28,15.2,0.543,61.7,0.432,57.2,45.3,6.0,1.0,5.0,4.0,2.0,2.0,1,0.0,2.0,-2.0,0.289,0.17,0,36.2,1.54,0
PID102631,CRPF,Constable/GD,6.2,False,not_applicable_unmarried,n/a,0.0,counter_insurgency_jk_ne,5.5,28,17.5,0.625,59.5,0.337,61.1,43.8,4.0,1.0,3.0,4.0,2.0,2.0,0,0.0,1.0,-1.0,0.445,0.05,1,39.9,0.769,1
PID102632,CRPF,ASI/SI,13.2,True,with_family,joint,0.0,law_order_vip_duty,6.1,32,22.1,0.691,54.8,0.232,74.1,36.6,2.0,2.0,0.0,4.0,2.0,2.0,1,2.0,0.0,2.0,0.361,-0.038,0,53.8,-0.037,0
PID102633,CRPF,Head Constable,10.3,True,separated_hardship_posting,joint,0.558,law_order_vip_duty,6.7,28,20.6,0.736,47.1,0.272,85.6,16.7,1.0,0.0,1.0,3.0,1.0,2.0,0,2.0,2.0,0.0,0.335,-0.019,0,27.2,0.12,0
PID102634,CRPF,Constable/GD,14.6,False,not_applicable_unmarried,n/a,0.0,counter_insurgency_jk_ne,27.1,29,19.0,0.655,60.5,0.337,63.8,38.8,0.0,2.0,-2.0,2.0,2.0,0.0,0,3.0,1.0,2.0,0.3,-0.046,0,69.4,-0.755,0
PID102635,CRPF,Constable/GD,12.9,False,not_applicable_unmarried,n/a,0.0,peace_training_static,3.3,29,28.8,0.993,41.2,0.129,93.5,6.9,1.0,1.0,0.0,1.0,3.0,-2.0,0,2.0,0.0,2.0,0.076,-0.146,0,58.7,-1.584,0
PID102636,CRPF,Constable/GD,27.0,False,not_applicable_unmarried,n/a,0.0,counter_naxal_lwe,1.1,28,11.8,0.421,64.2,0.336,56.9,44.3,1.0,1.0,0.0,1.0,1.0,0.0,0,2.0,3.0,-1.0,0.544,0.149,1,15.8,0.425,0
PID102637,CRPF,Constable/GD,22.5,False,not_applicable_unmarried,n/a,0.0,counter_insurgency_jk_ne,2.9,31,16.2,0.523,62.4,0.294,67.6,36.9,0.0,0.0,0.0,2.0,3.0,-1.0,0,2.0,2.0,0.0,0.264,0.127,1,44.6,0.02,0
PID102638,CRPF,ASI/SI,9.6,True,with_family,nuclear,0.0,counter_naxal_lwe,10.6,31,19.3,0.623,63.2,0.254,66.5,39.1,6.0,5.0,1.0,4.0,3.0,1.0,0,0.0,2.0,-2.0,0.114,0.071,0,22.5,0.314,0
PID102639,CRPF,Constable/GD,14.9,True,separated_hardship_posting,joint,0.925,counter_naxal_lwe,11.1,32,19.4,0.606,52.7,0.302,62.9,27.4,1.0,1.0,0.0,4.0,3.0,1.0,1,0.0,2.0,-2.0,0.593,0.159,0,45.2,0.446,0
PID102640,CRPF,Head Constable,9.1,True,with_family,nuclear,0.0,peace_training_static,17.6,30,30.0,1.0,38.9,0.228,80.2,15.4,0.0,0.0,0.0,2.0,3.0,-1.0,3,7.0,1.0,6.0,0.153,0.071,0,18.5,-0.724,0
PID102641,CRPF,Head Constable,18.9,True,separated_hardship_posting,nuclear,1.293,law_order_vip_duty,9.7,30,26.4,0.88,54.3,0.17,75.5,33.2,0.0,0.0,0.0,3.0,2.0,1.0,1,1.0,0.0,1.0,0.313,0.035,0,57.2,-0.259,0
PID102642,CRPF,Head Constable,10.5,False,not_applicable_unmarried,n/a,0.0,counter_naxal_lwe,1.0,29,23.2,0.8,52.2,0.239,82.8,22.5,1.0,0.0,1.0,3.0,3.0,0.0,0,0.0,3.0,-3.0,0.218,0.074,0,57.9,-0.105,0
PID102643,CRPF,ASI/SI,8.4,True,with_family,nuclear,0.0,counter_insurgency_jk_ne,34.6,28,15.9,0.568,60.4,0.354,70.4,47.2,1.0,0.0,1.0,4.0,3.0,1.0,0,7.0,2.0,5.0,0.316,-0.044,0,32.8,0.034,0
PID102644,CRPF,Constable/GD,13.1,True,with_family,nuclear,0.0,counter_naxal_lwe,46.5,32,22.3,0.697,65.9,0.365,61.5,46.5,2.0,1.0,1.0,4.0,3.0,1.0,0,1.0,1.0,0.0,0.377,-0.065,0,42.4,-0.187,0
PID102645,CRPF,ASI/SI,21.6,True,with_family,nuclear,0.0,law_order_vip_duty,7.6,32,21.2,0.662,56.5,0.238,71.4,27.7,1.0,3.0,-2.0,2.0,2.0,0.0,1,0.0,0.0,0.0,0.165,0.031,0,20.7,-0.531,0
PID102646,CRPF,Head Constable,19.7,True,separated_hardship_posting,nuclear,0.6,counter_naxal_lwe,4.5,32,24.8,0.775,61.0,0.341,72.0,42.1,0.0,0.0,0.0,3.0,3.0,0.0,3,6.0,2.0,4.0,0.26,0.132,2,31.4,-0.054,0
PID102647,CRPF,Head Constable,8.7,True,with_family,nuclear,0.0,peace_training_static,1.4,28,26.6,0.95,47.8,0.175,80.1,13.6,2.0,1.0,1.0,1.0,2.0,-1.0,0,1.0,1.0,0.0,0.0,-0.067,0,37.3,-0.926,0
PID102648,CRPF,Head Constable,25.7,True,with_family,nuclear,0.0,counter_naxal_lwe,1.0,30,18.1,0.603,62.8,0.442,55.2,50.9,1.0,0.0,1.0,4.0,2.0,2.0,0,1.0,0.0,1.0,0.073,-0.001,0,16.2,0.335,0
PID102649,CRPF,ASI/SI,6.4,False,not_applicable_unmarried,n/a,0.0,counter_naxal_lwe,1.3,31,20.0,0.645,56.1,0.319,61.0,37.1,0.0,0.0,0.0,2.0,1.0,1.0,0,5.0,4.0,1.0,0.185,0.102,1,64.2,0.226,0
PID102650,CRPF,Inspector+,7.7,True,with_family,joint,0.0,peace_training_static,28.4,32,24.7,0.772,49.0,0.158,81.7,16.5,0.0,0.0,0.0,1.0,2.0,-1.0,0,2.0,0.0,2.0,0.54,0.001,0,41.7,-0.66,0
PID102651,CRPF,Constable/GD,18.5,True,with_family,nuclear,0.0,peace_training_static,34.5,30,23.8,0.793,51.6,0.187,74.6,21.3,2.0,0.0,2.0,3.0,2.0,1.0,1,1.0,1.0,0.0,0.107,0.014,0,58.3,0.09,0
PID102652,CRPF,ASI/SI,2.6,True,separated_hardship_posting,joint,0.217,counter_naxal_lwe,2.6,28,15.7,0.561,64.8,0.315,69.3,38.1,6.0,4.0,2.0,4.0,1.0,3.0,0,7.0,4.0,3.0,0.299,0.039,0,36.9,0.874,0
PID102653,CRPF,Head Constable,11.5,True,separated_hardship_posting,nuclear,0.467,counter_insurgency_jk_ne,3.5,32,20.2,0.631,56.0,0.391,74.8,39.6,2.0,2.0,0.0,4.0,2.0,2.0,0,2.0,1.0,1.0,0.593,-0.011,0,29.2,0.117,0
PID102654,CRPF,Constable/GD,9.6,False,not_applicable_unmarried,n/a,0.0,peace_training_static,11.7,28,28.0,1.0,49.0,0.187,83.0,18.0,4.0,2.0,2.0,3.0,2.0,1.0,0,2.0,1.0,1.0,0.105,-0.04,0,41.1,-0.324,0
PID102655,CRPF,ASI/SI,26.5,True,with_family,joint,0.0,law_order_vip_duty,7.9,31,20.4,0.658,57.2,0.145,78.1,29.0,2.0,0.0,2.0,4.0,3.0,1.0,0,6.0,5.0,1.0,0.084,-0.013,0,53.9,0.173,0
PID102656,CRPF,Constable/GD,5.7,False,not_applicable_unmarried,n/a,0.0,law_order_vip_duty,43.9,29,26.4,0.91,56.7,0.316,65.4,35.2,0.0,0.0,0.0,2.0,2.0,0.0,1,1.0,0.0,1.0,0.126,-0.115,0,29.5,-0.963,0
PID102657,CRPF,Head Constable,6.1,True,with_family,nuclear,0.0,law_order_vip_duty,8.7,28,20.2,0.721,56.1,0.149,61.1,29.6,3.0,3.0,0.0,1.0,2.0,-1.0,0,2.0,0.0,2.0,0.142,-0.116,0,43.5,-0.95,0
PID102658,CRPF,Constable/GD,28.5,True,with_family,nuclear,0.0,peace_training_static,4.3,30,26.2,0.873,39.6,0.079,92.3,5.9,4.0,0.0,4.0,2.0,2.0,0.0,0,3.0,3.0,0.0,0.041,-0.034,0,30.8,-0.057,0
PID102659,CRPF,Constable/GD,9.6,True,separated_hardship_posting,joint,2.642,counter_insurgency_jk_ne,31.7,29,16.9,0.583,59.6,0.341,69.3,40.5,2.0,5.0,-3.0,3.0,2.0,1.0,1,1.0,5.0,-4.0,0.585,0.223,0,7.6,0.202,0
PID102660,CRPF,ASI/SI,21.1,False,not_applicable_unmarried,n/a,0.0,counter_naxal_lwe,1.1,30,15.6,0.52,64.6,0.412,59.1,48.4,1.0,1.0,0.0,4.0,2.0,2.0,0,2.0,1.0,1.0,0.659,0.059,0,34.2,0.461,0
PID102661,CRPF,Constable/GD,8.7,False,not_applicable_unmarried,n/a,0.0,counter_insurgency_jk_ne,1.4,28,18.3,0.654,62.2,0.306,61.0,40.7,1.0,2.0,-1.0,3.0,2.0,1.0,0,0.0,2.0,-2.0,0.183,0.073,0,41.6,-0.028,0
PID102662,CRPF,Constable/GD,7.5,True,with_family,nuclear,0.0,law_order_vip_duty,3.8,31,22.1,0.713,54.1,0.182,81.6,19.0,3.0,3.0,0.0,3.0,2.0,1.0,1,3.0,4.0,-1.0,0.211,-0.019,0,39.7,-0.22,0
PID102663,CRPF,Constable/GD,21.7,True,with_family,joint,0.0,counter_insurgency_jk_ne,9.0,29,13.2,0.455,64.2,0.284,59.2,40.5,0.0,1.0,-1.0,2.0,2.0,0.0,1,1.0,2.0,-1.0,0.248,0.043,0,35.3,-0.09,0
PID102664,CRPF,Constable/GD,32.3,True,with_family,nuclear,0.0,counter_naxal_lwe,42.6,28,14.6,0.521,54.7,0.327,63.9,32.3,6.0,6.0,0.0,3.0,3.0,0.0,0,1.0,0.0,1.0,0.283,0.033,0,41.0,-0.045,0
PID102665,CRPF,ASI/SI,22.6,True,separated_hardship_posting,nuclear,1.6,law_order_vip_duty,12.0,29,23.1,0.797,54.2,0.27,78.0,28.2,2.0,2.0,0.0,2.0,2.0,0.0,1,2.0,1.0,1.0,0.568,0.0,1,29.9,-0.479,0
PID102666,CRPF,ASI/SI,8.4,True,separated_hardship_posting,joint,0.225,counter_insurgency_jk_ne,2.7,28,12.6,0.45,59.9,0.276,63.4,29.1,1.0,1.0,0.0,2.0,2.0,0.0,0,2.0,0.0,2.0,0.808,0.093,0,47.0,0.22,0
PID102667,CRPF,Constable/GD,11.2,False,not_applicable_unmarried,n/a,0.0,peace_training_static,16.7,30,28.7,0.957,49.6,0.081,92.4,17.2,0.0,0.0,0.0,1.0,3.0,-2.0,0,0.0,1.0,-1.0,0.018,-0.037,0,32.9,-1.211,0
PID102668,CRPF,Head Constable,6.3,True,separated_hardship_posting,nuclear,0.467,counter_naxal_lwe,3.5,30,20.0,0.667,68.2,0.261,46.6,51.6,0.0,0.0,0.0,4.0,3.0,1.0,1,4.0,1.0,3.0,0.251,0.186,2,51.9,0.453,0
PID102669,CRPF,Constable/GD,7.0,False,not_applicable_unmarried,n/a,0.0,law_order_vip_duty,6.8,31,27.7,0.894,48.4,0.184,80.0,16.2,1.0,4.0,-3.0,3.0,3.0,0.0,0,0.0,2.0,-2.0,0.399,-0.043,0,18.8,-1.187,0
PID102670,CRPF,Head Constable,6.8,False,not_applicable_unmarried,n/a,0.0,counter_insurgency_jk_ne,22.1,32,20.2,0.631,64.0,0.293,65.5,37.4,0.0,1.0,-1.0,1.0,2.0,-1.0,1,1.0,1.0,0.0,0.017,-0.038,0,40.8,-0.761,0
PID102671,CRPF,Constable/GD,8.9,True,separated_hardship_posting,nuclear,0.133,counter_naxal_lwe,1.0,28,10.0,0.357,65.3,0.282,63.9,39.9,0.0,1.0,-1.0,2.0,3.0,-1.0,0,1.0,0.0,1.0,0.651,0.317,0,46.9,0.639,0
PID102672,CRPF,Constable/GD,12.3,True,separated_hardship_posting,nuclear,2.333,counter_insurgency_jk_ne,17.5,28,18.7,0.668,57.3,0.195,71.8,24.0,2.0,3.0,-1.0,3.0,2.0,1.0,2,7.0,1.0,6.0,0.356,0.004,0,58.2,-0.252,0
PID102673,CRPF,Constable/GD,11.5,False,not_applicable_unmarried,n/a,0.0,counter_naxal_lwe,10.1,30,19.4,0.647,58.4,0.409,65.1,38.1,1.0,0.0,1.0,3.0,2.0,1.0,1,0.0,0.0,0.0,0.342,-0.027,0,31.5,-0.01,0
PID102674,CRPF,Head Constable,17.0,True,with_family,joint,0.0,law_order_vip_duty,9.6,28,18.9,0.675,52.8,0.16,80.4,21.9,0.0,1.0,-1.0,4.0,2.0,2.0,0,0.0,0.0,0.0,0.69,0.108,0,57.0,0.268,0
PID102675,CRPF,Constable/GD,12.7,True,separated_hardship_posting,joint,1.208,law_order_vip_duty,14.5,32,23.8,0.744,53.1,0.141,71.0,29.5,0.0,0.0,0.0,3.0,2.0,1.0,3,0.0,2.0,-2.0,0.0,-0.091,0,46.0,-0.475,0
PID102676,CRPF,Constable/GD,16.1,False,not_applicable_unmarried,n/a,0.0,counter_naxal_lwe,4.0,32,19.1,0.597,63.4,0.444,54.3,51.0,2.0,0.0,2.0,4.0,2.0,2.0,1,5.0,8.0,-3.0,0.221,0.158,0,65.4,0.975,0
PID102677,CRPF,ASI/SI,17.6,True,separated_hardship_posting,nuclear,0.133,counter_insurgency_jk_ne,1.0,30,23.4,0.78,55.5,0.351,70.3,40.0,2.0,5.0,-3.0,1.0,1.0,0.0,0,0.0,3.0,-3.0,0.102,-0.129,0,17.4,-1.31,0
PID102678,CRPF,Head Constable,8.5,False,not_applicable_unmarried,n/a,0.0,peace_training_static,1.0,32,28.0,0.875,48.4,0.182,86.5,18.0,0.0,0.0,0.0,1.0,1.0,0.0,2,0.0,2.0,-2.0,0.009,-0.178,0,43.0,-1.109,0
PID102679,CRPF,Constable/GD,10.4,True,with_family,joint,0.0,counter_naxal_lwe,24.9,30,19.2,0.64,60.4,0.38,62.0,37.2,2.0,3.0,-1.0,4.0,2.0,2.0,0,2.0,4.0,-2.0,0.35,-0.005,0,38.9,-0.031,0
PID102680,CRPF,ASI/SI,35.0,True,with_family,nuclear,0.0,peace_training_static,14.2,30,27.9,0.93,50.9,0.199,76.7,31.6,2.0,8.0,-6.0,1.0,2.0,-1.0,1,0.0,1.0,-1.0,0.0,-0.048,0,41.9,-1.924,0
PID102681,CRPF,ASI/SI,8.0,True,with_family,nuclear,0.0,counter_naxal_lwe,4.1,31,17.6,0.568,68.8,0.403,44.2,53.9,2.0,1.0,1.0,3.0,1.0,2.0,0,4.0,1.0,3.0,0.335,0.315,2,52.5,1.329,1
PID102682,CRPF,Constable/GD,16.7,True,separated_hardship_posting,nuclear,0.827,counter_naxal_lwe,6.2,30,20.5,0.683,58.7,0.329,70.8,28.6,1.0,3.0,-2.0,3.0,3.0,0.0,1,1.0,0.0,1.0,0.311,-0.047,1,60.3,-0.791,0
PID102683,CRPF,Head Constable,4.9,True,separated_hardship_posting,nuclear,2.693,counter_insurgency_jk_ne,20.2,31,16.1,0.519,58.2,0.236,74.4,33.2,1.0,0.0,1.0,3.0,2.0,1.0,0,0.0,0.0,0.0,0.26,0.033,0,44.3,0.325,1
PID102684,CRPF,Constable/GD,17.9,True,separated_hardship_posting,nuclear,0.467,counter_naxal_lwe,3.5,29,16.6,0.572,65.9,0.273,66.5,35.1,6.0,4.0,2.0,5.0,3.0,2.0,1,0.0,2.0,-2.0,0.457,0.052,0,15.3,0.684,0
PID102685,CRPF,Head Constable,7.2,True,with_family,nuclear,0.0,peace_training_static,5.3,30,27.1,0.903,47.1,0.112,81.2,14.9,0.0,1.0,-1.0,2.0,1.0,1.0,0,0.0,1.0,-1.0,0.022,0.002,0,33.7,-0.541,0
PID102686,CRPF,Constable/GD,11.8,True,separated_hardship_posting,nuclear,1.72,law_order_vip_duty,12.9,32,19.5,0.609,46.6,0.154,87.3,12.2,1.0,2.0,-1.0,2.0,2.0,0.0,0,0.0,0.0,0.0,0.702,0.006,0,86.7,-0.389,0
PID102687,CRPF,Head Constable,4.3,True,separated_hardship_posting,nuclear,0.627,law_order_vip_duty,4.7,32,27.7,0.866,55.5,0.172,71.9,30.7,5.0,1.0,4.0,5.0,3.0,2.0,1,7.0,1.0,6.0,0.331,0.065,0,25.1,0.678,1
PID102688,CRPF,Constable/GD,11.1,True,separated_hardship_posting,nuclear,0.72,law_order_vip_duty,5.4,28,23.5,0.839,49.6,0.211,81.3,25.6,2.0,3.0,-1.0,1.0,3.0,-2.0,0,5.0,8.0,-3.0,0.253,0.078,0,42.1,-0.878,0
PID102689,CRPF,Constable/GD,11.2,True,separated_hardship_posting,nuclear,4.093,law_order_vip_duty,30.7,28,21.1,0.754,52.8,0.304,91.2,22.8,2.0,4.0,-2.0,2.0,4.0,-2.0,1,1.0,1.0,0.0,0.369,-0.013,0,50.3,-1.201,0
PID102690,CRPF,ASI/SI,10.2,True,with_family,joint,0.0,law_order_vip_duty,4.4,30,21.7,0.723,48.0,0.129,91.5,12.2,2.0,2.0,0.0,2.0,2.0,0.0,0,1.0,1.0,0.0,0.132,0.021,0,54.3,-0.326,0
PID102691,CRPF,Constable/GD,14.7,True,with_family,joint,0.0,law_order_vip_duty,6.6,28,21.0,0.75,55.2,0.222,69.9,33.5,0.0,0.0,0.0,2.0,2.0,0.0,0,4.0,0.0,4.0,0.477,0.095,0,30.3,-0.136,0
PID102692,CRPF,ASI/SI,20.7,True,with_family,joint,0.0,peace_training_static,9.7,31,30.0,0.968,44.3,0.045,92.0,3.9,1.0,2.0,-1.0,1.0,3.0,-2.0,3,2.0,2.0,0.0,0.042,-0.017,0,61.0,-1.319,0
PID102693,CRPF,Inspector+,6.1,True,with_family,nuclear,0.0,counter_insurgency_jk_ne,1.6,30,18.2,0.607,61.6,0.267,63.4,39.6,1.0,1.0,0.0,3.0,2.0,1.0,1,5.0,5.0,0.0,0.197,0.037,0,57.7,0.077,0
PID102694,CRPF,ASI/SI,10.3,True,with_family,nuclear,0.0,counter_naxal_lwe,15.5,32,15.6,0.488,61.1,0.406,61.3,46.1,2.0,0.0,2.0,3.0,1.0,2.0,0,1.0,3.0,-2.0,0.498,0.104,0,45.9,0.943,0
PID102695,CRPF,Constable/GD,4.5,False,not_applicable_unmarried,n/a,0.0,counter_insurgency_jk_ne,1.0,28,15.2,0.543,56.1,0.249,63.2,29.2,1.0,3.0,-2.0,2.0,2.0,0.0,0,2.0,0.0,2.0,0.118,-0.031,0,25.6,-0.575,0
PID102696,CRPF,ASI/SI,3.1,True,with_family,nuclear,0.0,counter_insurgency_jk_ne,11.2,28,16.8,0.6,59.6,0.284,69.0,34.8,1.0,0.0,1.0,2.0,2.0,0.0,0,1.0,4.0,-3.0,0.412,0.075,1,31.0,0.138,0
PID102697,CRPF,Constable/GD,12.6,True,with_family,nuclear,0.0,counter_naxal_lwe,1.0,29,13.2,0.455,57.7,0.358,53.5,41.0,4.0,1.0,3.0,4.0,2.0,2.0,1,0.0,1.0,-1.0,0.471,0.244,1,29.4,1.559,0
PID102698,CRPF,Constable/GD,5.8,False,not_applicable_unmarried,n/a,0.0,counter_insurgency_jk_ne,33.0,28,17.8,0.636,65.2,0.342,48.6,55.5,2.0,0.0,2.0,4.0,1.0,3.0,0,2.0,2.0,0.0,0.271,0.114,0,35.7,1.009,1
PID102699,CRPF,ASI/SI,11.4,True,with_family,nuclear,0.0,counter_insurgency_jk_ne,41.1,28,14.4,0.514,58.7,0.267,80.8,25.9,0.0,0.0,0.0,1.0,1.0,0.0,2,0.0,1.0,-1.0,0.561,0.081,1,60.0,0.106,0
PID102700,CRPF,Head Constable,12.9,True,with_family,nuclear,0.0,counter_naxal_lwe,20.4,31,14.2,0.458,59.7,0.426,59.1,42.4,0.0,0.0,0.0,2.0,2.0,0.0,0,1.0,3.0,-2.0,0.314,0.222,1,43.7,0.601,0
PID102701,CRPF,Constable/GD,3.6,True,with_family,joint,0.0,peace_training_static,3.4,31,31.0,1.0,44.4,0.093,100.0,14.1,1.0,1.0,0.0,2.0,2.0,0.0,1,1.0,0.0,1.0,0.162,0.113,1,48.6,-0.384,0
PID102702,CRPF,Constable/GD,14.0,True,with_family,nuclear,0.0,law_order_vip_duty,14.6,31,29.1,0.939,52.1,0.249,71.9,31.7,5.0,9.0,-4.0,2.0,2.0,0.0,1,1.0,6.0,-5.0,0.092,0.065,0,41.6,-1.071,0
PID102703,CRPF,ASI/SI,20.1,True,separated_hardship_posting,joint,1.35,counter_naxal_lwe,16.2,30,16.9,0.563,66.0,0.339,45.2,49.1,1.0,0.0,1.0,4.0,3.0,1.0,0,0.0,2.0,-2.0,0.473,0.165,0,62.1,0.669,0
PID102704,CRPF,Head Constable,15.8,True,separated_hardship_posting,nuclear,0.973,peace_training_static,7.3,29,28.7,0.99,42.4,0.164,84.5,10.9,0.0,0.0,0.0,2.0,2.0,0.0,0,5.0,1.0,4.0,0.08,-0.037,0,15.8,-0.825,0
PID102705,CRPF,Constable/GD,6.2,True,with_family,nuclear,0.0,peace_training_static,6.5,32,31.9,0.997,44.5,0.242,100.0,14.2,5.0,3.0,2.0,3.0,1.0,2.0,0,2.0,1.0,1.0,0.004,-0.058,0,0.0,-0.161,0
PID102706,CRPF,ASI/SI,11.0,True,with_family,joint,0.0,peace_training_static,2.0,32,28.6,0.894,45.8,0.103,81.0,16.2,1.0,0.0,1.0,2.0,4.0,-2.0,0,2.0,0.0,2.0,0.253,0.015,0,38.5,-0.823,0
PID102707,CRPF,Constable/GD,11.8,True,separated_hardship_posting,joint,1.592,counter_naxal_lwe,19.1,29,16.8,0.579,68.2,0.349,65.7,54.8,4.0,3.0,1.0,5.0,1.0,4.0,2,0.0,0.0,0.0,0.252,0.2,5,38.9,1.397,1
PID102708,CRPF,Constable/GD,10.5,True,separated_hardship_posting,joint,0.667,counter_naxal_lwe,8.0,32,16.8,0.525,66.0,0.324,60.5,51.8,0.0,2.0,-2.0,4.0,2.0,2.0,0,1.0,0.0,1.0,0.144,0.032,0,38.4,0.065,0
PID102709,CRPF,Head Constable,4.7,True,separated_hardship_posting,nuclear,1.547,counter_insurgency_jk_ne,11.6,31,22.4,0.723,64.4,0.265,63.3,35.2,1.0,0.0,1.0,3.0,1.0,2.0,0,0.0,4.0,-4.0,0.367,0.063,0,28.7,0.381,0
PID102710,CRPF,Inspector+,6.8,True,with_family,nuclear,0.0,law_order_vip_duty,2.3,29,25.6,0.883,52.1,0.178,75.1,16.0,1.0,1.0,0.0,2.0,2.0,0.0,2,0.0,2.0,-2.0,0.521,-0.09,0,19.5,-0.855,0
PID102711,CRPF,Constable/GD,9.9,True,separated_hardship_posting,nuclear,0.133,law_order_vip_duty,1.0,29,26.4,0.91,57.7,0.219,66.4,30.4,3.0,1.0,2.0,4.0,1.0,3.0,0,1.0,1.0,0.0,0.103,0.068,0,37.5,0.537,1
PID102712,CRPF,Constable/GD,12.8,True,with_family,nuclear,0.0,law_order_vip_duty,1.0,30,23.3,0.777,57.1,0.173,77.7,19.0,1.0,1.0,0.0,1.0,2.0,-1.0,2,1.0,1.0,0.0,0.189,-0.014,0,33.6,-0.712,0
PID102713,CRPF,Constable/GD,8.0,True,with_family,nuclear,0.0,law_order_vip_duty,19.9,28,27.5,0.982,54.8,0.175,84.6,30.8,0.0,1.0,-1.0,2.0,2.0,0.0,0,0.0,1.0,-1.0,0.114,0.035,0,42.6,-0.75,0
PID102714,CRPF,ASI/SI,2.9,True,with_family,nuclear,0.0,peace_training_static,22.6,29,25.9,0.893,49.1,0.0,91.2,4.0,2.0,3.0,-1.0,2.0,3.0,-1.0,0,1.0,1.0,0.0,0.667,0.069,0,49.5,-0.754,0
PID102715,CRPF,Constable/GD,8.3,False,not_applicable_unmarried,n/a,0.0,counter_insurgency_jk_ne,15.5,31,24.7,0.797,55.6,0.383,72.0,32.9,1.0,0.0,1.0,1.0,1.0,0.0,0,1.0,3.0,-2.0,0.108,0.039,0,56.7,-0.209,0
PID102716,CRPF,Constable/GD,27.0,False,not_applicable_unmarried,n/a,0.0,peace_training_static,16.2,30,25.6,0.853,53.3,0.219,74.1,22.3,2.0,1.0,1.0,2.0,2.0,0.0,1,0.0,1.0,-1.0,0.032,-0.045,0,51.5,-0.527,0
PID102717,CRPF,Inspector+,14.1,True,with_family,nuclear,0.0,peace_training_static,17.9,28,21.3,0.761,45.0,0.159,100.0,1.9,1.0,4.0,-3.0,2.0,3.0,-1.0,0,1.0,0.0,1.0,0.377,0.119,0,38.8,-0.754,0
PID102718,CRPF,Constable/GD,12.6,True,with_family,nuclear,0.0,counter_naxal_lwe,14.7,28,21.5,0.768,64.2,0.298,62.9,48.9,0.0,2.0,-2.0,4.0,1.0,3.0,0,4.0,4.0,0.0,0.131,0.046,1,46.0,0.026,0
PID102719,CRPF,Head Constable,6.8,True,with_family,nuclear,0.0,peace_training_static,10.7,31,29.9,0.965,48.7,0.044,100.0,7.3,1.0,0.0,1.0,2.0,2.0,0.0,1,1.0,9.0,-8.0,0.133,-0.061,0,21.6,-0.711,0
PID102720,CRPF,Constable/GD,8.6,False,not_applicable_unmarried,n/a,0.0,counter_naxal_lwe,19.1,32,19.2,0.6,56.5,0.256,65.8,42.6,1.0,1.0,0.0,3.0,2.0,1.0,1,1.0,1.0,0.0,0.537,0.126,1,26.6,0.353,0
PID102721,CRPF,ASI/SI,2.7,True,separated_hardship_posting,nuclear,1.413,counter_naxal_lwe,10.6,31,16.0,0.516,61.8,0.388,60.2,50.9,2.0,1.0,1.0,4.0,2.0,2.0,0,4.0,4.0,0.0,0.466,0.102,0,64.8,0.748,0
PID102722,CRPF,Constable/GD,6.5,True,with_family,nuclear,0.0,peace_training_static,12.5,28,22.7,0.811,46.8,0.196,91.1,15.0,1.0,0.0,1.0,1.0,1.0,0.0,1,2.0,1.0,1.0,0.137,-0.103,0,54.8,-0.653,0
PID102723,CRPF,Constable/GD,13.7,False,not_applicable_unmarried,n/a,0.0,counter_insurgency_jk_ne,1.0,31,16.3,0.526,57.5,0.31,69.2,24.4,1.0,1.0,0.0,1.0,2.0,-1.0,0,2.0,2.0,0.0,0.295,-0.035,0,17.3,-0.47,0
PID102724,CRPF,Constable/GD,12.6,True,with_family,nuclear,0.0,counter_insurgency_jk_ne,1.9,29,17.8,0.614,57.8,0.351,69.5,34.7,1.0,0.0,1.0,3.0,2.0,1.0,1,0.0,0.0,0.0,0.118,0.042,0,28.8,0.236,0
PID102725,CRPF,Head Constable,7.5,False,not_applicable_unmarried,n/a,0.0,peace_training_static,1.3,30,26.5,0.883,52.0,0.147,75.1,34.3,0.0,0.0,0.0,3.0,2.0,1.0,0,2.0,5.0,-3.0,0.186,-0.056,0,67.0,-0.537,0
PID102726,CRPF,Head Constable,10.5,True,with_family,nuclear,0.0,counter_naxal_lwe,14.7,30,10.7,0.357,58.7,0.304,64.8,39.2,1.0,2.0,-1.0,3.0,1.0,2.0,1,2.0,2.0,0.0,0.227,0.134,0,27.7,0.729,0
PID102727,CRPF,Constable/GD,11.5,True,separated_hardship_posting,nuclear,2.893,counter_naxal_lwe,21.7,32,22.7,0.709,56.9,0.411,59.7,38.9,0.0,0.0,0.0,4.0,2.0,2.0,0,4.0,2.0,2.0,0.207,-0.146,0,11.6,-0.387,0
PID102728,CRPF,Constable/GD,7.8,False,not_applicable_unmarried,n/a,0.0,counter_naxal_lwe,1.0,32,16.3,0.509,59.7,0.407,61.5,38.9,0.0,1.0,-1.0,3.0,3.0,0.0,1,1.0,3.0,-2.0,0.923,0.204,1,31.6,0.328,0
PID102729,CRPF,ASI/SI,14.5,True,separated_hardship_posting,nuclear,0.133,counter_insurgency_jk_ne,1.0,28,20.5,0.732,61.0,0.241,66.1,41.6,0.0,0.0,0.0,4.0,2.0,2.0,1,2.0,3.0,-1.0,0.281,0.042,0,32.0,0.154,0
PID102730,CRPF,Constable/GD,12.5,True,separated_hardship_posting,nuclear,4.467,counter_naxal_lwe,33.5,28,13.3,0.475,65.4,0.398,53.0,51.5,2.0,0.0,2.0,3.0,3.0,0.0,1,0.0,0.0,0.0,0.363,0.12,1,56.5,0.58,1
PID102731,CRPF,Constable/GD,8.8,False,not_applicable_unmarried,n/a,0.0,counter_naxal_lwe,27.6,32,18.1,0.566,64.4,0.341,63.3,45.8,3.0,1.0,2.0,3.0,3.0,0.0,1,0.0,2.0,-2.0,0.298,0.224,1,52.4,0.784,0
PID102732,CRPF,Head Constable,4.9,False,not_applicable_unmarried,n/a,0.0,peace_training_static,3.8,29,29.0,1.0,49.6,0.104,78.9,23.9,8.0,9.0,-1.0,1.0,1.0,0.0,1,1.0,0.0,1.0,0.225,-0.114,0,32.5,-1.222,0
PID102733,CRPF,Constable/GD,8.4,True,with_family,joint,0.0,counter_naxal_lwe,4.8,28,17.9,0.639,63.0,0.373,46.9,53.4,0.0,1.0,-1.0,3.0,1.0,2.0,0,1.0,0.0,1.0,0.781,0.055,2,38.8,0.151,0
PID102734,CRPF,Constable/GD,8.0,False,not_applicable_unmarried,n/a,0.0,counter_insurgency_jk_ne,7.6,28,16.0,0.571,55.9,0.322,66.2,36.6,1.0,4.0,-3.0,1.0,2.0,-1.0,0,2.0,2.0,0.0,0.184,0.026,0,44.2,-0.804,0
PID102735,CRPF,Constable/GD,7.5,True,with_family,nuclear,0.0,counter_naxal_lwe,9.9,30,18.0,0.6,58.2,0.403,76.8,28.6,0.0,0.0,0.0,2.0,2.0,0.0,1,2.0,1.0,1.0,0.268,-0.043,0,50.8,-0.371,0
PID102736,CRPF,Constable/GD,3.7,True,with_family,joint,0.0,counter_insurgency_jk_ne,32.6,32,21.2,0.662,53.0,0.249,78.8,21.2,0.0,2.0,-2.0,1.0,2.0,-1.0,0,0.0,2.0,-2.0,0.457,-0.038,0,34.3,-0.952,0
PID102737,CRPF,Constable/GD,23.1,False,not_applicable_unmarried,n/a,0.0,law_order_vip_duty,1.7,32,23.6,0.738,51.1,0.254,72.6,22.7,2.0,1.0,1.0,1.0,2.0,-1.0,0,0.0,1.0,-1.0,0.165,0.048,0,44.3,-0.322,0
PID102738,CRPF,Head Constable,22.5,True,separated_hardship_posting,joint,0.4,counter_insurgency_jk_ne,4.8,31,15.3,0.494,61.2,0.23,70.2,35.8,1.0,2.0,-1.0,2.0,2.0,0.0,0,3.0,0.0,3.0,0.66,0.165,2,61.4,0.23,0
PID102739,CRPF,Head Constable,10.2,False,not_applicable_unmarried,n/a,0.0,counter_naxal_lwe,17.6,29,14.1,0.486,62.9,0.339,60.4,51.0,3.0,0.0,3.0,4.0,1.0,3.0,0,1.0,0.0,1.0,1.0,0.245,3,37.8,1.738,1
PID102740,CRPF,Constable/GD,12.7,True,with_family,joint,0.0,counter_naxal_lwe,21.2,31,15.9,0.513,62.1,0.343,64.3,52.1,0.0,0.0,0.0,4.0,1.0,3.0,0,3.0,0.0,3.0,0.451,0.283,1,42.1,1.358,0
PID102741,CRPF,ASI/SI,14.4,True,with_family,joint,0.0,counter_naxal_lwe,1.0,32,17.7,0.553,57.8,0.408,69.4,40.1,1.0,0.0,1.0,2.0,1.0,1.0,0,2.0,2.0,0.0,0.61,0.035,0,49.1,0.288,0
PID102742,CRPF,Constable/GD,10.3,True,separated_hardship_posting,joint,0.667,counter_naxal_lwe,8.0,30,21.3,0.71,72.3,0.351,51.6,58.4,0.0,0.0,0.0,4.0,1.0,3.0,1,0.0,1.0,-1.0,0.319,0.168,1,31.4,0.774,0
PID102743,CRPF,Head Constable,13.3,True,with_family,nuclear,0.0,counter_insurgency_jk_ne,6.3,30,20.7,0.69,54.7,0.284,73.2,22.7,0.0,0.0,0.0,2.0,1.0,1.0,0,0.0,3.0,-3.0,0.148,-0.058,0,26.7,-0.312,0
PID102744,CRPF,Constable/GD,15.5,False,not_applicable_unmarried,n/a,0.0,counter_naxal_lwe,7.1,30,14.1,0.47,62.5,0.436,66.7,42.3,3.0,0.0,3.0,3.0,2.0,1.0,0,0.0,0.0,0.0,0.148,0.074,1,45.9,0.817,0
PID102745,CRPF,Head Constable,12.2,True,separated_hardship_posting,nuclear,1.053,counter_naxal_lwe,7.9,32,23.1,0.722,66.0,0.324,61.7,43.1,3.0,2.0,1.0,5.0,3.0,2.0,0,0.0,1.0,-1.0,0.199,-0.073,0,48.7,-0.027,0
PID102746,CRPF,Constable/GD,17.1,True,with_family,nuclear,0.0,counter_naxal_lwe,1.0,31,16.8,0.542,62.2,0.322,63.9,38.2,1.0,1.0,0.0,3.0,2.0,1.0,1,0.0,1.0,-1.0,0.234,0.21,1,38.8,0.675,0
PID102747,CRPF,Constable/GD,7.4,True,with_family,joint,0.0,peace_training_static,4.7,28,27.2,0.971,42.8,0.007,96.9,6.7,1.0,1.0,0.0,2.0,2.0,0.0,0,1.0,1.0,0.0,0.364,0.102,0,30.5,-0.383,0
PID102748,CRPF,Constable/GD,11.0,True,separated_hardship_posting,nuclear,0.133,counter_insurgency_jk_ne,1.0,32,16.4,0.512,61.2,0.287,61.8,37.6,1.0,0.0,1.0,3.0,2.0,1.0,0,0.0,2.0,-2.0,0.373,0.278,4,33.0,1.07,1
PID102749,CRPF,Constable/GD,35.0,True,with_family,joint,0.0,counter_insurgency_jk_ne,7.0,30,16.6,0.553,52.6,0.244,68.9,18.5,1.0,1.0,0.0,1.0,4.0,-3.0,1,1.0,3.0,-2.0,0.485,0.066,0,43.9,-0.627,0
PID102750,CRPF,Constable/GD,19.3,True,separated_hardship_posting,nuclear,1.147,law_order_vip_duty,8.6,30,25.6,0.853,59.0,0.205,74.9,36.1,0.0,1.0,-1.0,2.0,1.0,1.0,0,0.0,1.0,-1.0,0.056,0.036,1,22.4,-0.378,1
PID102751,CRPF,Head Constable,12.4,True,with_family,nuclear,0.0,counter_insurgency_jk_ne,15.0,28,14.2,0.507,59.1,0.314,74.1,41.4,1.0,4.0,-3.0,1.0,1.0,0.0,0,1.0,0.0,1.0,0.436,0.08,1,55.7,-0.351,0
PID102752,CRPF,ASI/SI,6.1,True,with_family,nuclear,0.0,counter_naxal_lwe,8.6,31,17.2,0.555,61.0,0.285,68.1,39.4,3.0,5.0,-2.0,1.0,2.0,-1.0,0,2.0,6.0,-4.0,0.737,0.181,1,63.5,-0.164,0
PID102753,CRPF,Constable/GD,11.3,True,separated_hardship_posting,nuclear,2.84,counter_insurgency_jk_ne,21.3,28,18.2,0.65,52.3,0.251,79.8,24.3,2.0,2.0,0.0,2.0,1.0,1.0,1,2.0,3.0,-1.0,0.3,0.035,1,17.5,0.018,0
PID102754,CRPF,ASI/SI,18.6,True,with_family,nuclear,0.0,counter_insurgency_jk_ne,4.4,28,13.7,0.489,53.4,0.204,71.8,22.4,2.0,2.0,0.0,2.0,2.0,0.0,1,2.0,1.0,1.0,0.0,-0.02,0,48.3,-0.167,0
PID102755,CRPF,Head Constable,16.5,True,separated_hardship_posting,nuclear,0.267,counter_naxal_lwe,2.0,31,11.7,0.377,61.8,0.319,59.7,37.8,3.0,0.0,3.0,5.0,2.0,3.0,1,1.0,1.0,0.0,0.651,0.154,0,51.9,1.596,0
PID102756,CRPF,ASI/SI,3.1,True,separated_hardship_posting,joint,0.225,counter_naxal_lwe,2.7,29,18.7,0.645,69.6,0.293,48.0,57.4,0.0,0.0,0.0,3.0,1.0,2.0,0,0.0,0.0,0.0,0.568,0.046,0,53.1,0.269,0
PID102757,CRPF,Head Constable,3.8,True,with_family,joint,0.0,peace_training_static,8.6,31,31.0,1.0,46.9,0.249,81.0,15.5,0.0,1.0,-1.0,1.0,3.0,-2.0,1,0.0,0.0,0.0,0.219,0.03,0,15.2,-1.217,0
PID102758,CRPF,Head Constable,3.9,True,with_family,joint,0.0,law_order_vip_duty,2.7,29,23.1,0.797,53.4,0.31,78.8,38.4,3.0,2.0,1.0,2.0,2.0,0.0,1,5.0,2.0,3.0,0.128,0.076,0,35.1,-0.097,0
PID102759,CRPF,Constable/GD,14.5,True,with_family,nuclear,0.0,counter_naxal_lwe,21.6,31,19.0,0.613,63.5,0.431,52.7,53.5,0.0,2.0,-2.0,4.0,4.0,0.0,0,5.0,7.0,-2.0,0.247,0.118,0,31.5,-0.21,0
PID102760,CRPF,Head Constable,4.0,False,not_applicable_unmarried,n/a,0.0,peace_training_static,36.2,31,25.2,0.813,55.5,0.042,80.8,23.6,1.0,0.0,1.0,3.0,3.0,0.0,0,4.0,2.0,2.0,0.387,-0.059,0,36.3,-0.523,0
PID102761,CRPF,ASI/SI,5.9,True,separated_hardship_posting,nuclear,0.48,counter_naxal_lwe,3.6,31,21.5,0.694,60.2,0.339,68.4,52.3,4.0,0.0,4.0,4.0,1.0,3.0,1,4.0,6.0,-2.0,0.494,0.264,3,21.5,1.7,0
PID102762,CRPF,Constable/GD,10.1,False,not_applicable_unmarried,n/a,0.0,counter_naxal_lwe,38.0,31,15.9,0.513,68.3,0.278,65.0,52.4,0.0,0.0,0.0,3.0,1.0,2.0,0,2.0,2.0,0.0,0.409,0.197,1,65.9,0.886,0
PID102763,CRPF,Constable/GD,20.3,True,with_family,nuclear,0.0,counter_naxal_lwe,8.5,31,20.5,0.661,60.4,0.461,49.2,45.2,1.0,0.0,1.0,3.0,3.0,0.0,0,0.0,0.0,0.0,0.486,0.129,0,46.5,0.229,0
PID102764,CRPF,Constable/GD,14.9,True,separated_hardship_posting,joint,0.25,peace_training_static,3.0,29,27.9,0.962,43.2,0.17,86.8,6.6,1.0,1.0,0.0,2.0,2.0,0.0,0,0.0,0.0,0.0,0.238,0.029,0,24.8,-0.59,0
PID102765,CRPF,ASI/SI,9.4,False,not_applicable_unmarried,n/a,0.0,counter_naxal_lwe,2.7,30,18.4,0.613,61.7,0.287,60.2,38.6,2.0,2.0,0.0,3.0,1.0,2.0,0,5.0,3.0,2.0,0.324,0.144,1,31.7,0.604,0
PID102766,CRPF,Constable/GD,17.3,True,separated_hardship_posting,joint,0.658,law_order_vip_duty,7.9,28,22.8,0.814,51.7,0.242,72.2,25.7,0.0,2.0,-2.0,2.0,3.0,-1.0,0,3.0,2.0,1.0,0.286,0.06,1,61.0,-0.842,0
PID102767,CRPF,Head Constable,31.3,True,separated_hardship_posting,nuclear,0.733,law_order_vip_duty,5.5,29,23.4,0.807,54.2,0.131,76.8,20.5,3.0,4.0,-1.0,2.0,3.0,-1.0,0,4.0,5.0,-1.0,0.261,-0.016,0,38.5,-0.906,0
PID102768,CRPF,ASI/SI,11.4,True,separated_hardship_posting,nuclear,5.573,counter_insurgency_jk_ne,41.8,30,18.9,0.63,48.7,0.292,67.1,20.3,1.0,1.0,0.0,1.0,3.0,-2.0,1,1.0,0.0,1.0,0.578,-0.131,0,59.2,-1.099,0
PID102769,CRPF,Inspector+,4.7,True,with_family,nuclear,0.0,counter_naxal_lwe,9.5,31,20.0,0.645,62.6,0.339,59.4,44.6,1.0,0.0,1.0,3.0,2.0,1.0,0,4.0,2.0,2.0,0.253,0.04,0,50.1,0.192,0
PID102770,CRPF,Constable/GD,6.1,True,with_family,joint,0.0,counter_naxal_lwe,7.2,32,15.4,0.481,59.6,0.394,62.9,45.6,2.0,0.0,2.0,3.0,2.0,1.0,3,0.0,1.0,-1.0,0.875,0.157,0,19.6,0.899,0
PID102771,CRPF,Head Constable,6.0,False,not_applicable_unmarried,n/a,0.0,law_order_vip_duty,4.2,31,22.5,0.726,49.1,0.279,72.6,33.8,0.0,2.0,-2.0,3.0,2.0,1.0,1,1.0,0.0,1.0,0.237,0.088,1,25.2,-0.222,0
PID102772,CRPF,ASI/SI,6.9,True,with_family,joint,0.0,counter_insurgency_jk_ne,22.1,28,21.2,0.757,52.8,0.301,71.0,29.8,3.0,1.0,2.0,3.0,1.0,2.0,1,2.0,2.0,0.0,0.424,0.126,0,22.4,0.685,0
PID102773,CRPF,Constable/GD,9.0,True,separated_hardship_posting,nuclear,3.653,counter_insurgency_jk_ne,27.4,29,17.9,0.617,56.5,0.287,70.5,35.9,1.0,3.0,-2.0,3.0,3.0,0.0,0,0.0,0.0,0.0,0.111,0.029,0,47.0,-0.483,0
PID102774,CRPF,Head Constable,13.0,True,with_family,joint,0.0,counter_naxal_lwe,13.2,30,15.5,0.517,59.9,0.156,72.6,22.6,1.0,2.0,-1.0,2.0,2.0,0.0,0,0.0,1.0,-1.0,0.313,0.167,0,68.6,0.209,0
PID102775,CRPF,Constable/GD,4.2,True,separated_hardship_posting,nuclear,2.813,law_order_vip_duty,21.1,30,25.6,0.853,50.3,0.314,66.3,32.7,0.0,1.0,-1.0,3.0,3.0,0.0,1,0.0,0.0,0.0,0.465,0.044,0,42.6,-0.568,0
PID102776,CRPF,Head Constable,4.8,False,not_applicable_unmarried,n/a,0.0,law_order_vip_duty,6.8,32,26.5,0.828,45.4,0.181,91.0,8.2,0.0,1.0,-1.0,1.0,2.0,-1.0,2,0.0,0.0,0.0,0.4,0.022,0,38.4,-0.82,0
PID102777,CRPF,Constable/GD,15.4,True,separated_hardship_posting,joint,1.017,counter_insurgency_jk_ne,12.2,28,12.9,0.461,58.4,0.306,71.9,36.5,0.0,3.0,-3.0,1.0,1.0,0.0,0,0.0,3.0,-3.0,0.239,0.132,0,48.1,-0.139,0
PID102778,CRPF,Constable/GD,8.1,False,not_applicable_unmarried,n/a,0.0,counter_insurgency_jk_ne,16.8,30,20.2,0.673,54.8,0.436,61.8,37.6,0.0,2.0,-2.0,3.0,1.0,2.0,1,0.0,0.0,0.0,0.121,0.101,0,38.9,0.094,0
PID102779,CRPF,Constable/GD,6.5,True,with_family,nuclear,0.0,counter_naxal_lwe,5.9,31,17.5,0.565,55.5,0.278,81.9,27.5,0.0,0.0,0.0,3.0,3.0,0.0,1,6.0,1.0,5.0,0.562,0.03,0,34.9,-0.109,0
PID102780,CRPF,Constable/GD,9.6,True,with_family,nuclear,0.0,counter_naxal_lwe,48.0,30,18.6,0.62,59.8,0.351,66.9,31.6,4.0,2.0,2.0,4.0,4.0,0.0,0,7.0,1.0,6.0,0.343,0.03,0,42.9,0.135,0
PID102781,CRPF,Constable/GD,22.2,True,separated_hardship_posting,joint,0.633,counter_naxal_lwe,7.6,29,16.0,0.552,58.9,0.38,65.9,35.5,1.0,1.0,0.0,3.0,3.0,0.0,1,4.0,5.0,-1.0,0.366,0.147,0,51.4,0.261,0
PID102782,CRPF,Head Constable,16.6,False,not_applicable_unmarried,n/a,0.0,law_order_vip_duty,3.1,28,22.4,0.8,52.2,0.286,79.2,21.5,2.0,0.0,2.0,4.0,2.0,2.0,2,1.0,0.0,1.0,0.434,0.096,0,32.4,0.543,1
PID102783,CRPF,Constable/GD,16.0,True,with_family,joint,0.0,counter_naxal_lwe,8.8,31,11.6,0.374,59.8,0.35,58.0,38.3,0.0,0.0,0.0,3.0,2.0,1.0,1,0.0,0.0,0.0,0.386,0.154,0,25.0,0.71,0
PID102784,CRPF,Constable/GD,26.4,True,with_family,nuclear,0.0,counter_naxal_lwe,10.7,31,14.4,0.465,56.2,0.421,63.2,44.3,4.0,2.0,2.0,4.0,2.0,2.0,1,6.0,2.0,4.0,0.432,0.146,2,54.2,1.097,0
PID102785,CRPF,Head Constable,13.3,False,not_applicable_unmarried,n/a,0.0,counter_naxal_lwe,27.0,31,19.3,0.623,58.4,0.325,70.5,34.2,3.0,1.0,2.0,3.0,3.0,0.0,0,0.0,3.0,-3.0,0.37,-0.026,0,6.7,-0.039,0
PID102786,CRPF,Head Constable,27.8,True,with_family,nuclear,0.0,counter_naxal_lwe,9.2,32,25.5,0.797,55.1,0.383,63.3,32.7,3.0,4.0,-1.0,3.0,2.0,1.0,1,0.0,0.0,0.0,0.276,-0.025,0,20.1,-0.494,0
PID102787,CRPF,Constable/GD,29.0,True,with_family,nuclear,0.0,counter_insurgency_jk_ne,1.9,32,20.3,0.634,62.5,0.325,60.1,46.0,2.0,3.0,-1.0,2.0,1.0,1.0,0,1.0,1.0,0.0,0.234,0.191,2,40.1,0.354,0
PID102788,CRPF,ASI/SI,4.3,False,not_applicable_unmarried,n/a,0.0,law_order_vip_duty,2.4,28,18.9,0.675,57.2,0.215,76.1,31.6,0.0,3.0,-3.0,2.0,4.0,-2.0,1,6.0,4.0,2.0,0.332,0.011,0,53.3,-1.188,0
PID102789,CRPF,Constable/GD,3.5,True,with_family,joint,0.0,counter_insurgency_jk_ne,14.6,30,18.4,0.613,63.7,0.319,63.0,53.2,1.0,1.0,0.0,2.0,1.0,1.0,0,2.0,0.0,2.0,0.482,0.219,2,43.0,0.616,1
PID102790,CRPF,ASI/SI,5.8,True,separated_hardship_posting,nuclear,0.587,counter_insurgency_jk_ne,4.4,29,14.7,0.507,55.6,0.248,73.0,35.2,0.0,0.0,0.0,4.0,2.0,2.0,0,7.0,3.0,4.0,0.362,0.032,0,31.4,0.394,0
PID102791,CRPF,Constable/GD,21.0,True,with_family,nuclear,0.0,counter_insurgency_jk_ne,5.1,32,22.9,0.716,63.2,0.282,63.6,31.3,0.0,0.0,0.0,3.0,2.0,1.0,0,0.0,1.0,-1.0,0.267,0.027,0,52.1,-0.086,0
PID102792,CRPF,Head Constable,9.7,False,not_applicable_unmarried,n/a,0.0,law_order_vip_duty,9.6,28,21.1,0.754,53.6,0.143,78.3,27.6,1.0,1.0,0.0,1.0,2.0,-1.0,0,0.0,0.0,0.0,0.188,0.049,0,28.2,-0.492,0
PID102793,CRPF,Inspector+,9.0,True,with_family,joint,0.0,peace_training_static,4.7,31,31.0,1.0,42.7,0.094,98.4,9.4,0.0,0.0,0.0,1.0,1.0,0.0,0,4.0,2.0,2.0,0.197,0.137,1,50.0,-0.312,0
PID102794,CRPF,ASI/SI,17.6,False,not_applicable_unmarried,n/a,0.0,peace_training_static,1.0,29,25.6,0.883,43.5,0.188,100.0,17.5,2.0,2.0,0.0,1.0,1.0,0.0,0,2.0,0.0,2.0,0.0,-0.091,0,33.2,-0.859,0
PID102795,CRPF,Head Constable,7.8,False,not_applicable_unmarried,n/a,0.0,peace_training_static,1.0,28,28.0,1.0,45.3,0.145,90.1,11.3,1.0,1.0,0.0,1.0,2.0,-1.0,1,3.0,1.0,2.0,0.136,0.083,0,22.1,-0.689,0
PID102796,CRPF,Head Constable,12.4,True,with_family,joint,0.0,peace_training_static,1.4,30,22.1,0.737,46.4,0.138,95.1,17.4,2.0,4.0,-2.0,1.0,1.0,0.0,0,1.0,1.0,0.0,0.527,0.012,0,50.7,-0.678,0
PID102797,CRPF,Constable/GD,15.4,True,with_family,nuclear,0.0,peace_training_static,12.7,29,26.2,0.903,47.5,0.024,88.2,9.6,3.0,0.0,3.0,2.0,1.0,1.0,0,3.0,0.0,3.0,0.382,0.008,0,63.7,0.094,0
PID102798,CRPF,Head Constable,6.1,False,not_applicable_unmarried,n/a,0.0,counter_insurgency_jk_ne,17.5,31,20.2,0.652,58.0,0.319,63.4,38.6,0.0,1.0,-1.0,2.0,1.0,1.0,3,1.0,0.0,1.0,0.171,-0.102,0,34.0,-0.551,0
PID102799,CRPF,Head Constable,5.2,True,separated_hardship_posting,joint,1.05,law_order_vip_duty,12.6,29,20.9,0.721,50.6,0.216,75.0,18.3,1.0,2.0,-1.0,3.0,2.0,1.0,0,0.0,1.0,-1.0,0.239,-0.115,0,54.9,-0.675,0
PID102800,CRPF,Inspector+,11.4,True,separated_hardship_posting,nuclear,0.68,law_order_vip_duty,5.1,28,22.1,0.789,57.4,0.252,65.3,27.2,0.0,0.0,0.0,2.0,2.0,0.0,0,1.0,1.0,0.0,0.133,0.044,0,10.3,-0.336,0
PID102801,CRPF,Constable/GD,12.2,True,separated_hardship_posting,nuclear,0.32,counter_naxal_lwe,2.4,28,16.4,0.586,61.5,0.433,57.3,50.0,4.0,1.0,3.0,3.0,1.0,2.0,1,4.0,3.0,1.0,0.432,0.256,1,19.5,1.436,1
PID102802,CRPF,Constable/GD,16.8,False,not_applicable_unmarried,n/a,0.0,counter_naxal_lwe,5.1,28,18.5,0.661,61.3,0.325,68.9,39.3,2.0,2.0,0.0,3.0,2.0,1.0,0,3.0,0.0,3.0,0.416,0.07,0,25.2,0.11,0
PID102803,CRPF,Head Constable,5.7,True,separated_hardship_posting,nuclear,0.867,peace_training_static,6.5,30,28.9,0.963,45.1,0.101,96.4,2.7,1.0,0.0,1.0,1.0,1.0,0.0,0,0.0,0.0,0.0,0.529,0.124,0,37.3,-0.153,0
PID102804,CRPF,Constable/GD,7.1,True,with_family,nuclear,0.0,counter_insurgency_jk_ne,4.2,29,18.6,0.641,57.5,0.355,63.5,41.7,0.0,0.0,0.0,3.0,2.0,1.0,0,2.0,0.0,2.0,0.38,-0.155,0,46.9,-0.545,0
PID102805,CRPF,Constable/GD,28.8,True,with_family,nuclear,0.0,counter_naxal_lwe,22.7,28,18.0,0.643,56.6,0.314,67.2,20.9,1.0,0.0,1.0,1.0,1.0,0.0,0,1.0,4.0,-3.0,0.133,-0.131,0,21.4,-0.532,0
PID102806,CRPF,Constable/GD,19.0,True,with_family,joint,0.0,counter_insurgency_jk_ne,14.3,29,13.3,0.459,54.0,0.305,72.4,26.3,2.0,0.0,2.0,2.0,2.0,0.0,1,5.0,5.0,0.0,0.032,-0.086,0,25.7,-0.022,0
PID102807,CRPF,Head Constable,10.3,False,not_applicable_unmarried,n/a,0.0,counter_naxal_lwe,7.0,32,15.3,0.478,71.8,0.23,57.2,41.8,2.0,3.0,-1.0,3.0,2.0,1.0,0,3.0,0.0,3.0,0.338,0.216,0,51.8,0.617,0
PID102808,CRPF,Constable/GD,20.7,True,separated_hardship_posting,nuclear,0.133,counter_naxal_lwe,1.0,32,13.4,0.419,55.4,0.332,73.3,38.4,1.0,2.0,-1.0,3.0,1.0,2.0,1,5.0,3.0,2.0,0.434,0.177,1,26.9,0.786,0
PID102809,CRPF,Constable/GD,5.7,False,not_applicable_unmarried,n/a,0.0,counter_insurgency_jk_ne,6.2,29,19.0,0.655,59.1,0.378,61.5,38.3,0.0,0.0,0.0,4.0,2.0,2.0,0,1.0,2.0,-1.0,0.574,0.048,0,60.3,0.265,0
PID102810,CRPF,Constable/GD,9.6,False,not_applicable_unmarried,n/a,0.0,counter_insurgency_jk_ne,25.8,30,19.2,0.64,59.4,0.32,64.7,38.7,0.0,1.0,-1.0,3.0,3.0,0.0,0,3.0,2.0,1.0,0.17,0.132,0,28.6,-0.045,0
PID102811,CRPF,ASI/SI,1.0,True,with_family,nuclear,0.0,counter_insurgency_jk_ne,12.7,28,21.0,0.75,62.1,0.354,69.7,42.3,0.0,0.0,0.0,2.0,2.0,0.0,1,4.0,4.0,0.0,0.101,0.014,0,56.9,-0.381,0
PID102812,CRPF,Head Constable,12.2,False,not_applicable_unmarried,n/a,0.0,counter_naxal_lwe,7.6,30,17.6,0.587,63.5,0.407,56.2,51.2,0.0,0.0,0.0,3.0,1.0,2.0,1,4.0,7.0,-3.0,0.84,0.246,0,51.7,0.942,0
PID102813,CRPF,Constable/GD,8.9,False,not_applicable_unmarried,n/a,0.0,counter_insurgency_jk_ne,23.7,31,16.7,0.539,65.6,0.381,53.2,52.8,3.0,3.0,0.0,4.0,1.0,3.0,1,0.0,0.0,0.0,0.631,0.297,1,40.7,1.37,0
PID102814,CRPF,Constable/GD,9.1,False,not_applicable_unmarried,n/a,0.0,counter_naxal_lwe,8.3,28,15.8,0.564,63.0,0.329,61.0,47.1,0.0,0.0,0.0,4.0,3.0,1.0,0,1.0,3.0,-2.0,0.235,-0.012,0,42.8,-0.018,0
PID102815,CRPF,Head Constable,16.4,False,not_applicable_unmarried,n/a,0.0,counter_insurgency_jk_ne,4.7,32,13.6,0.425,63.4,0.357,60.4,43.2,2.0,2.0,0.0,3.0,2.0,1.0,0,4.0,1.0,3.0,0.838,0.216,1,41.4,0.835,0
PID102816,CRPF,Constable/GD,19.2,True,with_family,nuclear,0.0,law_order_vip_duty,1.4,32,22.8,0.712,56.2,0.355,58.7,41.8,1.0,1.0,0.0,3.0,2.0,1.0,0,2.0,1.0,1.0,0.228,0.102,1,56.5,0.145,0
PID102817,CRPF,Head Constable,8.4,False,not_applicable_unmarried,n/a,0.0,counter_naxal_lwe,1.0,32,10.6,0.331,68.2,0.348,52.4,47.9,3.0,0.0,3.0,3.0,2.0,1.0,1,1.0,3.0,-2.0,0.697,0.126,0,6.8,1.141,1
PID102818,CRPF,Constable/GD,4.5,True,with_family,nuclear,0.0,peace_training_static,4.0,29,27.1,0.934,46.1,0.041,94.2,6.9,0.0,7.0,-7.0,1.0,2.0,-1.0,0,0.0,3.0,-3.0,0.0,-0.074,0,34.4,-2.16,0
PID102819,CRPF,ASI/SI,3.9,False,not_applicable_unmarried,n/a,0.0,law_order_vip_duty,3.1,32,23.2,0.725,53.6,0.184,89.7,14.3,1.0,0.0,1.0,2.0,2.0,0.0,1,3.0,4.0,-1.0,0.126,-0.007,0,42.3,-0.259,0
PID102820,CRPF,Constable/GD,2.5,True,separated_hardship_posting,nuclear,0.133,counter_naxal_lwe,1.0,28,15.0,0.536,60.5,0.378,59.2,50.9,2.0,4.0,-2.0,3.0,3.0,0.0,1,6.0,7.0,-1.0,0.653,0.183,4,57.6,0.078,0
PID102821,CRPF,Head Constable,26.2,True,with_family,joint,0.0,counter_insurgency_jk_ne,8.7,32,16.4,0.512,58.6,0.2,76.1,26.0,2.0,1.0,1.0,2.0,3.0,-1.0,0,0.0,0.0,0.0,0.553,0.087,0,30.9,0.068,0
PID102822,CRPF,Constable/GD,16.4,False,not_applicable_unmarried,n/a,0.0,counter_naxal_lwe,24.4,28,13.4,0.479,62.9,0.304,63.7,48.7,2.0,1.0,1.0,3.0,3.0,0.0,0,0.0,0.0,0.0,0.949,0.276,2,8.2,0.892,1
PID102823,CRPF,Inspector+,14.4,True,separated_hardship_posting,nuclear,2.0,counter_naxal_lwe,15.0,29,18.0,0.621,53.7,0.33,78.7,31.9,3.0,2.0,1.0,3.0,3.0,0.0,0,2.0,3.0,-1.0,0.341,0.032,0,1.7,-0.017,0
PID102824,CRPF,Inspector+,7.7,True,with_family,nuclear,0.0,peace_training_static,1.2,32,24.5,0.766,45.4,0.127,85.3,14.0,0.0,0.0,0.0,2.0,2.0,0.0,0,0.0,0.0,0.0,0.049,0.018,0,40.6,-0.387,0
PID102825,CRPF,Head Constable,7.7,False,not_applicable_unmarried,n/a,0.0,law_order_vip_duty,1.0,30,24.0,0.8,55.6,0.328,76.3,33.6,0.0,1.0,-1.0,3.0,2.0,1.0,0,0.0,1.0,-1.0,0.925,0.196,3,19.8,0.168,0
PID102826,CRPF,Constable/GD,19.5,False,not_applicable_unmarried,n/a,0.0,law_order_vip_duty,10.4,29,19.3,0.666,46.6,0.261,90.7,11.6,0.0,0.0,0.0,3.0,3.0,0.0,0,0.0,4.0,-4.0,0.192,0.028,0,36.0,-0.237,0
PID102827,CRPF,Constable/GD,3.5,True,separated_hardship_posting,nuclear,1.92,law_order_vip_duty,14.4,29,16.7,0.576,48.1,0.153,93.6,22.5,1.0,2.0,-1.0,2.0,1.0,1.0,0,2.0,2.0,0.0,0.073,-0.044,0,20.3,-0.284,0
PID102828,CRPF,ASI/SI,8.6,False,not_applicable_unmarried,n/a,0.0,peace_training_static,16.9,29,29.0,1.0,50.6,0.352,82.8,23.9,0.0,0.0,0.0,2.0,2.0,0.0,0,3.0,0.0,3.0,0.202,0.058,0,34.1,-0.548,0
PID102829,CRPF,Head Constable,21.1,False,not_applicable_unmarried,n/a,0.0,peace_training_static,7.0,32,32.0,1.0,51.4,0.119,83.8,24.3,0.0,0.0,0.0,3.0,2.0,1.0,0,3.0,2.0,1.0,0.228,-0.036,0,68.8,-0.619,0
PID102830,CRPF,Constable/GD,8.6,False,not_applicable_unmarried,n/a,0.0,counter_naxal_lwe,2.0,30,14.9,0.497,59.5,0.249,72.1,31.7,0.0,0.0,0.0,4.0,3.0,1.0,0,0.0,2.0,-2.0,0.057,0.033,0,58.6,0.196,0
PID102831,CRPF,Constable/GD,15.9,True,with_family,nuclear,0.0,counter_naxal_lwe,11.8,28,13.8,0.493,62.7,0.288,61.0,34.4,0.0,0.0,0.0,3.0,1.0,2.0,1,0.0,2.0,-2.0,0.179,0.002,0,39.3,0.32,1
PID102832,CRPF,Constable/GD,10.5,True,separated_hardship_posting,nuclear,1.387,counter_insurgency_jk_ne,10.4,28,16.0,0.571,57.7,0.238,57.7,45.7,2.0,0.0,2.0,3.0,2.0,1.0,1,9.0,7.0,2.0,0.62,0.143,0,35.4,0.747,0
PID102833,CRPF,ASI/SI,1.3,False,not_applicable_unmarried,n/a,0.0,counter_naxal_lwe,23.1,30,14.1,0.47,66.7,0.269,61.4,42.0,6.0,1.0,5.0,5.0,2.0,3.0,2,1.0,3.0,-2.0,0.554,0.248,2,26.1,2.076,1
PID102834,CRPF,Head Constable,10.3,False,not_applicable_unmarried,n/a,0.0,counter_insurgency_jk_ne,6.0,28,14.9,0.532,55.9,0.331,68.3,36.4,1.0,3.0,-2.0,2.0,3.0,-1.0,1,3.0,2.0,1.0,0.163,0.12,0,47.9,-0.318,0
PID102835,CRPF,Head Constable,11.5,True,separated_hardship_posting,nuclear,0.373,counter_naxal_lwe,2.8,29,17.3,0.597,60.5,0.19,75.6,17.6,0.0,3.0,-3.0,2.0,3.0,-1.0,0,3.0,3.0,0.0,0.114,0.059,0,34.1,-0.735,0
PID102836,CRPF,Head Constable,9.8,True,separated_hardship_posting,nuclear,0.133,law_order_vip_duty,1.0,31,29.5,0.952,57.4,0.279,74.9,32.1,0.0,0.0,0.0,3.0,2.0,1.0,3,3.0,1.0,2.0,0.208,0.062,1,59.7,-0.265,0
PID102837,CRPF,Constable/GD,5.1,True,separated_hardship_posting,joint,0.242,counter_naxal_lwe,2.9,32,16.5,0.516,58.0,0.399,57.9,43.9,0.0,1.0,-1.0,4.0,1.0,3.0,0,0.0,1.0,-1.0,0.496,0.248,1,41.2,1.093,0
PID102838,CRPF,Constable/GD,9.9,False,not_applicable_unmarried,n/a,0.0,law_order_vip_duty,15.3,28,24.1,0.861,50.0,0.193,95.3,17.9,1.0,4.0,-3.0,1.0,2.0,-1.0,2,2.0,4.0,-2.0,0.272,-0.057,1,41.9,-1.404,0
PID102839,CRPF,Constable/GD,2.6,False,not_applicable_unmarried,n/a,0.0,counter_insurgency_jk_ne,7.0,29,18.5,0.638,58.5,0.355,67.8,37.1,5.0,6.0,-1.0,3.0,3.0,0.0,1,4.0,1.0,3.0,0.241,0.0,1,14.4,-0.441,0
PID102840,CRPF,Head Constable,8.5,True,separated_hardship_posting,nuclear,0.987,counter_naxal_lwe,7.4,29,10.9,0.376,68.1,0.284,50.0,48.7,2.0,4.0,-2.0,3.0,2.0,1.0,0,1.0,0.0,1.0,0.556,0.235,1,30.9,0.644,0
PID102841,CRPF,Constable/GD,16.7,True,with_family,nuclear,0.0,peace_training_static,9.8,32,28.7,0.897,41.2,0.069,89.1,10.4,4.0,4.0,0.0,2.0,3.0,-1.0,2,1.0,2.0,-1.0,0.213,0.004,1,67.5,-0.801,0
PID102842,CRPF,Constable/GD,25.4,True,separated_hardship_posting,nuclear,0.547,counter_insurgency_jk_ne,4.1,31,18.1,0.584,55.2,0.333,56.9,29.8,2.0,2.0,0.0,3.0,2.0,1.0,0,0.0,0.0,0.0,0.298,-0.033,0,16.4,-0.108,0
PID102843,CRPF,Constable/GD,23.1,False,not_applicable_unmarried,n/a,0.0,law_order_vip_duty,9.2,32,28.4,0.888,54.4,0.207,80.5,24.6,5.0,2.0,3.0,3.0,1.0,2.0,0,2.0,4.0,-2.0,0.086,0.02,0,35.7,0.363,0
PID102844,CRPF,Constable/GD,5.6,True,separated_hardship_posting,nuclear,1.293,peace_training_static,9.7,31,31.0,1.0,49.0,0.082,83.7,22.9,1.0,0.0,1.0,2.0,3.0,-1.0,1,0.0,0.0,0.0,0.33,-0.166,0,36.0,-1.283,0
PID102845,CRPF,Head Constable,4.0,True,separated_hardship_posting,joint,3.192,counter_naxal_lwe,38.3,28,16.5,0.589,62.8,0.343,56.2,37.1,0.0,2.0,-2.0,3.0,2.0,1.0,1,1.0,3.0,-2.0,0.61,0.147,2,43.2,0.119,0
PID102846,CRPF,Constable/GD,12.2,True,separated_hardship_posting,joint,0.983,counter_naxal_lwe,11.8,32,21.2,0.662,61.5,0.429,55.3,45.5,1.0,1.0,0.0,4.0,1.0,3.0,1,1.0,0.0,1.0,0.226,0.02,1,45.2,0.386,0
PID102847,CRPF,Constable/GD,11.1,False,not_applicable_unmarried,n/a,0.0,counter_naxal_lwe,8.1,31,16.6,0.535,62.5,0.427,56.4,41.2,0.0,0.0,0.0,3.0,2.0,1.0,0,1.0,0.0,1.0,0.195,-0.052,0,31.2,-0.105,0
PID102848,CRPF,Head Constable,15.3,True,separated_hardship_posting,nuclear,1.04,counter_naxal_lwe,7.8,31,20.4,0.658,56.0,0.376,70.8,36.4,0.0,0.0,0.0,4.0,2.0,2.0,1,1.0,1.0,0.0,0.483,0.119,0,52.3,0.474,1
PID102849,CRPF,Constable/GD,7.3,True,with_family,joint,0.0,peace_training_static,2.2,29,26.4,0.91,46.4,0.099,79.1,14.9,0.0,1.0,-1.0,2.0,2.0,0.0,1,2.0,2.0,0.0,0.125,0.011,0,29.9,-0.736,0
PID102850,CRPF,Constable/GD,11.3,True,with_family,joint,0.0,peace_training_static,11.4,31,31.0,1.0,51.9,0.151,74.5,18.4,2.0,3.0,-1.0,2.0,3.0,-1.0,3,1.0,0.0,1.0,0.254,0.044,0,47.9,-0.961,0
PID102851,CRPF,Constable/GD,10.9,False,not_applicable_unmarried,n/a,0.0,counter_naxal_lwe,3.7,30,20.1,0.67,56.7,0.298,72.5,33.0,0.0,1.0,-1.0,1.0,2.0,-1.0,0,5.0,6.0,-1.0,0.437,0.162,1,16.0,-0.206,0
PID102852,CRPF,ASI/SI,8.7,True,separated_hardship_posting,nuclear,0.573,law_order_vip_duty,4.3,29,23.9,0.824,48.9,0.29,75.0,24.4,0.0,1.0,-1.0,1.0,1.0,0.0,0,4.0,1.0,3.0,0.175,0.082,0,27.7,-0.42,0
PID102853,CRPF,Constable/GD,3.4,True,with_family,nuclear,0.0,peace_training_static,12.1,29,23.9,0.824,44.4,0.177,91.6,8.9,0.0,2.0,-2.0,1.0,2.0,-1.0,0,1.0,0.0,1.0,0.497,0.106,0,16.4,-0.715,0
PID102854,CRPF,Head Constable,16.5,True,with_family,nuclear,0.0,counter_naxal_lwe,9.6,31,15.8,0.51,60.7,0.466,55.6,44.2,2.0,1.0,1.0,3.0,2.0,1.0,1,2.0,2.0,0.0,0.588,0.163,1,43.2,0.728,0
PID102855,CRPF,ASI/SI,12.2,True,separated_hardship_posting,nuclear,0.4,counter_naxal_lwe,3.0,31,19.3,0.623,69.4,0.302,65.0,44.6,0.0,1.0,-1.0,3.0,2.0,1.0,2,0.0,0.0,0.0,0.445,0.27,0,43.8,0.603,0
PID102856,CRPF,Head Constable,17.2,False,not_applicable_unmarried,n/a,0.0,peace_training_static,13.0,29,28.8,0.993,42.3,0.064,96.2,0.0,0.0,2.0,-2.0,1.0,3.0,-2.0,1,3.0,4.0,-1.0,0.336,0.041,0,33.1,-1.327,0
PID102857,CRPF,Constable/GD,19.5,False,not_applicable_unmarried,n/a,0.0,law_order_vip_duty,15.4,29,22.2,0.766,47.5,0.253,89.0,22.6,2.0,2.0,0.0,2.0,2.0,0.0,1,1.0,3.0,-2.0,0.531,-0.107,0,43.1,-0.765,0
PID102858,CRPF,Head Constable,10.4,True,separated_hardship_posting,nuclear,0.333,counter_naxal_lwe,2.5,29,15.0,0.517,65.1,0.334,62.1,51.1,3.0,3.0,0.0,3.0,1.0,2.0,0,6.0,2.0,4.0,0.322,0.042,0,21.3,0.414,0
PID102859,CRPF,Constable/GD,16.6,False,not_applicable_unmarried,n/a,0.0,counter_insurgency_jk_ne,2.9,31,19.2,0.619,55.4,0.36,72.1,24.8,3.0,1.0,2.0,2.0,1.0,1.0,0,0.0,0.0,0.0,0.478,0.072,0,57.7,0.475,0
PID102860,CRPF,Constable/GD,25.7,True,with_family,nuclear,0.0,counter_naxal_lwe,12.3,29,15.1,0.521,65.2,0.429,50.6,57.0,4.0,3.0,1.0,3.0,2.0,1.0,2,0.0,0.0,0.0,0.382,0.127,0,52.6,0.605,0
PID102861,CRPF,Constable/GD,30.3,False,not_applicable_unmarried,n/a,0.0,law_order_vip_duty,4.5,31,22.4,0.723,51.2,0.322,81.8,27.7,1.0,0.0,1.0,4.0,3.0,1.0,0,1.0,2.0,-1.0,0.344,0.017,0,25.0,0.031,0
PID102862,CRPF,Constable/GD,13.1,True,with_family,nuclear,0.0,law_order_vip_duty,1.2,29,27.6,0.952,53.8,0.224,77.2,21.0,0.0,3.0,-3.0,1.0,2.0,-1.0,1,0.0,1.0,-1.0,0.398,0.053,0,21.2,-1.184,0
PID102863,CRPF,Constable/GD,13.7,True,separated_hardship_posting,nuclear,3.947,counter_naxal_lwe,29.6,29,14.5,0.5,55.7,0.403,60.9,36.9,0.0,2.0,-2.0,3.0,2.0,1.0,2,5.0,1.0,4.0,0.411,0.07,0,31.8,-0.005,0
PID102864,CRPF,Constable/GD,13.0,False,not_applicable_unmarried,n/a,0.0,law_order_vip_duty,3.4,28,22.5,0.804,53.8,0.189,64.6,25.1,2.0,1.0,1.0,3.0,1.0,2.0,1,1.0,3.0,-2.0,0.397,-0.087,0,42.6,-0.169,0
PID102865,CRPF,Constable/GD,15.0,False,not_applicable_unmarried,n/a,0.0,counter_insurgency_jk_ne,27.4,28,17.3,0.618,58.9,0.313,67.5,41.5,2.0,0.0,2.0,4.0,2.0,2.0,0,3.0,0.0,3.0,0.097,-0.01,0,40.9,0.442,0
PID102866,CRPF,Constable/GD,19.0,False,not_applicable_unmarried,n/a,0.0,law_order_vip_duty,6.2,28,17.3,0.618,51.0,0.217,88.3,16.1,5.0,4.0,1.0,3.0,2.0,1.0,1,0.0,0.0,0.0,0.234,-0.023,0,23.2,0.037,0
PID102867,CRPF,Head Constable,12.8,True,separated_hardship_posting,nuclear,1.013,law_order_vip_duty,7.6,28,17.2,0.614,47.1,0.214,78.2,29.7,1.0,2.0,-1.0,3.0,1.0,2.0,1,0.0,0.0,0.0,0.118,0.056,0,32.8,0.183,0
PID102868,CRPF,ASI/SI,29.4,False,not_applicable_unmarried,n/a,0.0,counter_insurgency_jk_ne,3.3,32,19.0,0.594,58.9,0.409,57.2,48.1,1.0,4.0,-3.0,1.0,2.0,-1.0,0,1.0,2.0,-1.0,0.413,0.024,0,44.1,-0.838,0
PID102869,CRPF,Constable/GD,27.1,False,not_applicable_unmarried,n/a,0.0,counter_naxal_lwe,31.0,29,10.1,0.348,64.9,0.269,60.0,37.4,1.0,2.0,-1.0,2.0,2.0,0.0,0,1.0,1.0,0.0,0.402,0.322,1,33.1,0.879,0
PID102870,CRPF,Head Constable,11.5,True,with_family,nuclear,0.0,counter_naxal_lwe,5.2,30,22.0,0.733,59.9,0.35,70.7,46.4,0.0,1.0,-1.0,3.0,2.0,1.0,1,0.0,1.0,-1.0,0.649,0.107,2,40.7,-0.018,0
PID102871,CRPF,Constable/GD,11.4,True,separated_hardship_posting,nuclear,0.333,law_order_vip_duty,2.5,32,22.9,0.716,50.0,0.223,69.1,28.3,0.0,0.0,0.0,4.0,1.0,3.0,1,1.0,4.0,-3.0,0.48,0.034,0,54.0,0.363,0
PID102872,CRPF,Constable/GD,8.3,True,with_family,nuclear,0.0,law_order_vip_duty,1.2,30,21.2,0.707,55.2,0.259,69.0,30.3,5.0,0.0,5.0,2.0,2.0,0.0,2,0.0,2.0,-2.0,0.124,-0.002,0,29.8,0.394,0
PID102873,CRPF,Constable/GD,15.4,True,with_family,joint,0.0,counter_naxal_lwe,16.7,29,19.6,0.676,68.8,0.284,50.9,53.6,2.0,3.0,-1.0,4.0,4.0,0.0,0,1.0,4.0,-3.0,0.331,0.132,1,52.7,-0.09,0
PID102874,CRPF,Constable/GD,9.2,False,not_applicable_unmarried,n/a,0.0,peace_training_static,11.9,31,27.5,0.887,49.8,0.102,88.5,20.6,3.0,3.0,0.0,3.0,2.0,1.0,0,3.0,0.0,3.0,0.537,0.034,1,38.6,-0.273,0
PID102875,CRPF,Constable/GD,8.1,True,with_family,joint,0.0,peace_training_static,1.7,31,29.9,0.965,46.9,0.084,88.2,8.7,2.0,2.0,0.0,2.0,2.0,0.0,0,0.0,1.0,-1.0,0.269,0.014,0,37.4,-0.639,0
PID102876,CRPF,Constable/GD,15.2,True,with_family,nuclear,0.0,counter_naxal_lwe,21.7,28,13.7,0.489,61.0,0.215,66.2,40.6,2.0,2.0,0.0,2.0,2.0,0.0,0,1.0,0.0,1.0,0.351,0.232,2,19.0,0.591,0
PID102877,CRPF,Constable/GD,5.4,True,with_family,joint,0.0,counter_naxal_lwe,5.5,32,17.7,0.553,61.9,0.42,58.0,43.3,0.0,1.0,-1.0,2.0,3.0,-1.0,0,1.0,2.0,-1.0,0.377,0.217,1,51.1,0.102,0
PID102878,CRPF,Constable/GD,19.2,False,not_applicable_unmarried,n/a,0.0,counter_insurgency_jk_ne,5.9,28,19.7,0.704,52.7,0.212,82.3,27.8,1.0,5.0,-4.0,2.0,3.0,-1.0,0,6.0,5.0,1.0,0.281,0.021,0,68.9,-1.133,0
PID102879,CRPF,Constable/GD,15.6,True,separated_hardship_posting,nuclear,1.64,counter_naxal_lwe,12.3,29,13.4,0.462,61.4,0.254,73.0,35.6,0.0,2.0,-2.0,3.0,2.0,1.0,0,8.0,9.0,-1.0,0.328,0.048,0,24.0,-0.024,0
PID102880,CRPF,Constable/GD,26.3,False,not_applicable_unmarried,n/a,0.0,peace_training_static,37.8,32,30.4,0.95,50.5,0.177,87.5,14.1,0.0,0.0,0.0,1.0,2.0,-1.0,1,0.0,0.0,0.0,0.291,-0.068,0,25.6,-1.083,0
PID102881,CRPF,Constable/GD,13.2,True,with_family,nuclear,0.0,law_order_vip_duty,7.7,30,15.3,0.51,52.2,0.2,82.0,26.1,1.0,0.0,1.0,3.0,3.0,0.0,1,2.0,4.0,-2.0,0.381,0.037,0,63.0,0.134,0
PID102882,CRPF,Constable/GD,17.0,True,with_family,nuclear,0.0,counter_naxal_lwe,13.5,30,20.3,0.677,59.5,0.332,73.6,34.6,0.0,0.0,0.0,2.0,1.0,1.0,0,0.0,0.0,0.0,0.152,0.004,0,49.4,-0.11,0
PID102883,CRPF,Constable/GD,1.8,False,not_applicable_unmarried,n/a,0.0,counter_insurgency_jk_ne,27.6,32,17.5,0.547,55.1,0.283,66.5,33.1,1.0,1.0,0.0,3.0,3.0,0.0,0,3.0,1.0,2.0,0.411,0.11,0,29.6,0.153,0
PID102884,CRPF,Constable/GD,18.2,True,separated_hardship_posting,nuclear,2.787,counter_naxal_lwe,20.9,30,16.2,0.54,61.9,0.414,61.7,46.4,3.0,3.0,0.0,4.0,3.0,1.0,1,2.0,0.0,2.0,0.369,0.273,2,65.1,0.868,1
PID102885,CRPF,Constable/GD,22.1,False,not_applicable_unmarried,n/a,0.0,counter_insurgency_jk_ne,13.3,31,18.3,0.59,53.1,0.267,89.0,31.5,2.0,2.0,0.0,2.0,2.0,0.0,1,1.0,8.0,-7.0,0.319,0.063,0,33.1,-0.038,0
PID102886,CRPF,Constable/GD,12.4,True,separated_hardship_posting,nuclear,1.533,counter_naxal_lwe,11.5,30,13.6,0.453,58.4,0.386,53.3,39.9,1.0,0.0,1.0,4.0,3.0,1.0,0,2.0,0.0,2.0,0.234,0.078,0,40.4,0.538,0
PID102887,CRPF,ASI/SI,8.3,True,with_family,nuclear,0.0,peace_training_static,18.1,28,22.0,0.786,52.1,0.052,81.4,14.3,0.0,0.0,0.0,2.0,3.0,-1.0,1,2.0,3.0,-1.0,0.052,-0.097,0,45.1,-0.97,0
PID102888,CRPF,Constable/GD,13.4,True,with_family,nuclear,0.0,law_order_vip_duty,4.8,29,23.3,0.803,47.9,0.24,75.5,29.6,0.0,0.0,0.0,2.0,2.0,0.0,0,0.0,1.0,-1.0,0.432,-0.007,0,51.4,-0.507,0
PID102889,CRPF,Constable/GD,19.2,False,not_applicable_unmarried,n/a,0.0,peace_training_static,9.8,31,29.6,0.955,42.8,0.174,91.7,10.2,1.0,0.0,1.0,1.0,1.0,0.0,1,3.0,1.0,2.0,0.144,0.025,0,46.6,-0.44,0
PID102890,CRPF,Constable/GD,20.6,True,separated_hardship_posting,nuclear,2.733,counter_naxal_lwe,20.5,29,13.3,0.459,63.2,0.434,65.7,42.6,3.0,1.0,2.0,4.0,3.0,1.0,1,1.0,1.0,0.0,0.255,0.066,0,71.0,0.651,0
PID102891,CRPF,Inspector+,3.4,True,separated_hardship_posting,nuclear,0.32,counter_insurgency_jk_ne,2.4,32,20.8,0.65,56.2,0.207,77.1,30.3,0.0,0.0,0.0,3.0,1.0,2.0,0,1.0,1.0,0.0,0.045,0.008,0,60.6,0.15,0
PID102892,CRPF,Head Constable,35.0,True,with_family,nuclear,0.0,peace_training_static,5.4,32,30.5,0.953,46.4,0.102,87.6,11.0,0.0,0.0,0.0,1.0,3.0,-2.0,2,0.0,0.0,0.0,0.339,0.104,1,63.6,-0.78,0
PID102893,CRPF,Head Constable,8.1,False,not_applicable_unmarried,n/a,0.0,counter_naxal_lwe,7.2,31,15.9,0.513,65.5,0.446,57.4,48.8,6.0,3.0,3.0,4.0,2.0,2.0,0,3.0,2.0,1.0,0.253,0.122,1,30.1,1.123,0
PID102894,CRPF,Inspector+,17.1,False,not_applicable_unmarried,n/a,0.0,counter_naxal_lwe,2.5,28,11.5,0.411,55.8,0.405,64.7,50.0,2.0,1.0,1.0,3.0,4.0,-1.0,0,2.0,1.0,1.0,0.499,0.188,1,44.9,0.494,0
PID102895,CRPF,Constable/GD,23.5,False,not_applicable_unmarried,n/a,0.0,peace_training_static,9.2,31,27.8,0.897,49.0,0.108,86.9,10.8,0.0,1.0,-1.0,2.0,2.0,0.0,0,1.0,2.0,-1.0,0.364,0.067,0,65.3,-0.552,0
PID102896,CRPF,Inspector+,10.9,True,separated_hardship_posting,nuclear,0.133,law_order_vip_duty,1.0,32,25.1,0.784,49.7,0.22,84.2,13.3,0.0,0.0,0.0,2.0,1.0,1.0,0,2.0,0.0,2.0,0.15,0.13,0,34.0,0.141,0
PID102897,CRPF,Constable/GD,21.1,True,separated_hardship_posting,nuclear,6.4,peace_training_static,48.0,31,27.7,0.894,44.9,0.138,99.6,15.4,3.0,2.0,1.0,2.0,3.0,-1.0,0,2.0,1.0,1.0,0.362,0.06,0,34.2,-0.475,0
PID102898,CRPF,Head Constable,3.4,False,not_applicable_unmarried,n/a,0.0,counter_insurgency_jk_ne,7.2,31,16.8,0.542,65.7,0.278,63.3,41.9,3.0,2.0,1.0,4.0,2.0,2.0,2,3.0,2.0,1.0,0.135,-0.006,0,53.8,0.394,0
PID102899,CRPF,Constable/GD,2.4,False,not_applicable_unmarried,n/a,0.0,law_order_vip_duty,2.0,31,24.7,0.797,46.4,0.253,84.1,19.7,0.0,2.0,-2.0,1.0,1.0,0.0,0,3.0,4.0,-1.0,0.319,0.12,0,47.0,-0.427,1
PID102900,CRPF,Constable/GD,21.5,False,not_applicable_unmarried,n/a,0.0,counter_insurgency_jk_ne,8.5,30,21.8,0.727,60.4,0.329,76.6,39.8,0.0,0.0,0.0,3.0,3.0,0.0,0,1.0,1.0,0.0,0.097,-0.021,1,39.7,-0.458,0
PID102901,CRPF,ASI/SI,20.1,False,not_applicable_unmarried,n/a,0.0,counter_insurgency_jk_ne,14.1,29,15.1,0.521,62.5,0.233,54.2,32.7,0.0,0.0,0.0,2.0,4.0,-2.0,1,4.0,3.0,1.0,0.092,0.029,0,44.1,-0.486,0
PID102902,CRPF,Constable/GD,14.4,False,not_applicable_unmarried,n/a,0.0,counter_naxal_lwe,31.5,30,15.6,0.52,59.3,0.321,65.4,43.7,9.0,6.0,3.0,4.0,3.0,1.0,1,2.0,0.0,2.0,0.659,0.022,0,12.7,0.598,0
PID102903,CRPF,Inspector+,19.2,True,with_family,nuclear,0.0,peace_training_static,4.4,32,32.0,1.0,43.3,0.093,88.2,6.3,0.0,0.0,0.0,2.0,3.0,-1.0,4,1.0,1.0,0.0,0.382,-0.038,0,35.0,-1.052,0
PID102904,CRPF,Constable/GD,27.5,True,with_family,nuclear,0.0,counter_insurgency_jk_ne,8.9,28,17.7,0.632,56.5,0.285,69.0,42.7,3.0,3.0,0.0,3.0,2.0,1.0,0,0.0,1.0,-1.0,0.252,0.106,2,27.3,0.252,1
PID102905,CRPF,Head Constable,23.9,False,not_applicable_unmarried,n/a,0.0,law_order_vip_duty,1.3,28,17.2,0.614,49.2,0.236,84.1,16.5,0.0,0.0,0.0,2.0,3.0,-1.0,0,0.0,1.0,-1.0,0.132,-0.09,0,64.1,-0.744,0
PID102906,CRPF,Inspector+,11.2,True,with_family,nuclear,0.0,peace_training_static,3.0,32,27.4,0.856,46.3,0.131,93.7,19.8,1.0,3.0,-2.0,1.0,1.0,0.0,0,0.0,1.0,-1.0,0.18,-0.011,0,37.3,-0.892,0
PID102907,CRPF,Constable/GD,13.3,True,with_family,joint,0.0,law_order_vip_duty,3.6,32,21.7,0.678,55.6,0.177,72.6,36.8,0.0,1.0,-1.0,3.0,2.0,1.0,0,1.0,1.0,0.0,0.414,-0.094,0,41.3,-0.558,0
PID102908,CRPF,ASI/SI,10.1,True,separated_hardship_posting,nuclear,0.133,counter_naxal_lwe,1.0,30,17.6,0.587,60.5,0.43,64.3,40.3,1.0,2.0,-1.0,3.0,2.0,1.0,0,0.0,1.0,-1.0,0.153,0.13,0,56.5,0.226,0
PID102909,CRPF,Head Constable,9.3,True,with_family,nuclear,0.0,law_order_vip_duty,8.3,29,22.7,0.783,55.7,0.22,68.5,29.6,1.0,2.0,-1.0,3.0,2.0,1.0,0,0.0,2.0,-2.0,0.426,-0.033,0,63.3,-0.503,0
PID102910,CRPF,Head Constable,18.2,False,not_applicable_unmarried,n/a,0.0,counter_insurgency_jk_ne,2.0,28,14.9,0.532,63.6,0.388,50.8,46.5,4.0,1.0,3.0,4.0,1.0,3.0,1,1.0,2.0,-1.0,0.84,0.155,0,44.0,1.412,0
PID102911,CRPF,Constable/GD,10.1,False,not_applicable_unmarried,n/a,0.0,counter_naxal_lwe,6.7,31,22.6,0.729,63.7,0.436,56.9,55.7,2.0,0.0,2.0,5.0,3.0,2.0,0,3.0,1.0,2.0,0.613,0.069,0,27.2,0.547,0
PID102912,CRPF,Constable/GD,18.1,True,separated_hardship_posting,joint,1.85,counter_naxal_lwe,22.2,30,16.8,0.56,64.1,0.286,60.7,43.9,2.0,0.0,2.0,4.0,2.0,2.0,1,1.0,8.0,-7.0,0.479,0.127,0,31.8,0.927,0
PID102913,CRPF,Head Constable,10.9,True,with_family,nuclear,0.0,law_order_vip_duty,4.4,32,22.6,0.706,49.6,0.191,90.7,20.5,0.0,0.0,0.0,2.0,2.0,0.0,0,3.0,5.0,-2.0,0.277,-0.062,0,44.4,-0.557,0
PID102914,CRPF,Constable/GD,11.8,True,separated_hardship_posting,nuclear,0.133,law_order_vip_duty,1.0,29,18.1,0.624,41.5,0.195,100.0,6.7,0.0,0.0,0.0,1.0,2.0,-1.0,2,1.0,4.0,-3.0,0.574,-0.089,0,44.8,-0.751,0
PID102915,CRPF,Constable/GD,6.8,False,not_applicable_unmarried,n/a,0.0,peace_training_static,8.0,31,25.2,0.813,48.3,0.139,81.7,19.6,0.0,0.0,0.0,2.0,1.0,1.0,0,3.0,3.0,0.0,0.063,0.01,0,27.9,-0.256,0
PID102916,CRPF,Constable/GD,17.9,True,separated_hardship_posting,joint,1.392,counter_naxal_lwe,16.7,32,13.9,0.434,65.2,0.394,45.7,53.9,2.0,1.0,1.0,3.0,2.0,1.0,0,4.0,2.0,2.0,0.734,0.314,3,9.1,1.273,1
PID102917,CRPF,ASI/SI,3.2,True,separated_hardship_posting,joint,2.333,counter_insurgency_jk_ne,28.0,28,16.2,0.579,59.0,0.309,58.5,36.1,2.0,2.0,0.0,4.0,3.0,1.0,0,0.0,1.0,-1.0,0.486,-0.075,0,15.7,-0.228,0
PID102918,CRPF,Constable/GD,22.0,True,separated_hardship_posting,nuclear,0.2,counter_naxal_lwe,1.5,31,14.4,0.465,65.6,0.317,54.1,56.0,0.0,1.0,-1.0,2.0,1.0,1.0,0,2.0,1.0,1.0,0.219,0.123,0,22.2,0.352,0
PID102919,CRPF,Head Constable,35.0,True,separated_hardship_posting,nuclear,3.227,peace_training_static,24.2,31,30.3,0.977,43.8,0.219,88.3,12.4,0.0,0.0,0.0,2.0,2.0,0.0,0,1.0,0.0,1.0,0.196,0.08,0,36.7,-0.455,0
PID102920,CRPF,Inspector+,12.1,True,separated_hardship_posting,nuclear,3.293,peace_training_static,24.7,30,25.2,0.84,48.1,0.094,85.8,19.8,1.0,0.0,1.0,3.0,2.0,1.0,1,2.0,4.0,-2.0,0.268,0.003,0,35.2,-0.153,0
PID102921,CRPF,Constable/GD,11.8,False,not_applicable_unmarried,n/a,0.0,peace_training_static,13.9,29,28.6,0.986,51.9,0.165,72.8,17.6,1.0,1.0,0.0,2.0,2.0,0.0,0,3.0,6.0,-3.0,0.126,0.013,0,15.1,-0.669,0
PID102922,CRPF,Constable/GD,4.0,True,with_family,nuclear,0.0,counter_insurgency_jk_ne,8.8,28,18.3,0.654,60.7,0.298,76.0,39.5,1.0,1.0,0.0,1.0,1.0,0.0,0,2.0,2.0,0.0,0.595,0.223,1,36.3,0.365,0
PID102923,CRPF,Head Constable,8.4,True,with_family,nuclear,0.0,counter_naxal_lwe,11.3,28,17.3,0.618,67.4,0.346,60.0,53.7,0.0,0.0,0.0,3.0,1.0,2.0,1,2.0,3.0,-1.0,0.25,0.112,2,65.0,0.502,0
PID102924,CRPF,Constable/GD,19.4,True,with_family,nuclear,0.0,counter_insurgency_jk_ne,1.5,29,20.1,0.693,63.4,0.34,71.2,42.7,0.0,1.0,-1.0,3.0,2.0,1.0,0,0.0,0.0,0.0,0.0,-0.02,0,45.3,-0.354,0
PID102925,CRPF,Head Constable,20.9,True,with_family,nuclear,0.0,counter_naxal_lwe,33.7,30,22.5,0.75,57.1,0.443,52.7,48.0,1.0,1.0,0.0,4.0,2.0,2.0,1,0.0,0.0,0.0,0.043,-0.004,1,70.0,-0.008,0
PID102926,CRPF,Head Constable,13.0,True,separated_hardship_posting,joint,1.967,counter_naxal_lwe,23.6,30,14.0,0.467,64.9,0.368,65.5,41.6,0.0,2.0,-2.0,3.0,2.0,1.0,2,2.0,2.0,0.0,0.427,0.219,4,40.1,0.486,1
PID102927,CRPF,Head Constable,18.7,False,not_applicable_unmarried,n/a,0.0,counter_naxal_lwe,7.1,32,20.1,0.628,59.5,0.321,64.8,40.7,2.0,1.0,1.0,4.0,4.0,0.0,1,3.0,3.0,0.0,0.303,-0.072,0,39.6,-0.337,0
PID102928,CRPF,Constable/GD,6.8,True,separated_hardship_posting,joint,0.242,counter_naxal_lwe,2.9,31,18.2,0.587,57.6,0.439,60.7,33.4,0.0,1.0,-1.0,3.0,2.0,1.0,0,0.0,0.0,0.0,0.382,-0.038,0,44.2,-0.279,0
PID102929,CRPF,Head Constable,14.8,False,not_applicable_unmarried,n/a,0.0,counter_naxal_lwe,48.0,32,20.8,0.65,60.9,0.38,62.0,43.0,1.0,1.0,0.0,3.0,1.0,2.0,0,2.0,3.0,-1.0,0.268,0.036,1,67.3,0.234,0
PID102930,CRPF,Head Constable,25.1,True,with_family,nuclear,0.0,peace_training_static,8.3,31,28.2,0.91,53.0,0.13,76.3,19.2,3.0,1.0,2.0,2.0,2.0,0.0,1,2.0,3.0,-1.0,0.0,-0.058,0,63.6,-0.482,0
PID102931,CRPF,Constable/GD,16.4,False,not_applicable_unmarried,n/a,0.0,law_order_vip_duty,11.9,30,26.0,0.867,49.8,0.282,77.1,23.9,1.0,1.0,0.0,2.0,3.0,-1.0,2,4.0,7.0,-3.0,0.134,-0.074,0,51.4,-1.001,0
PID102932,CRPF,Head Constable,27.3,True,with_family,nuclear,0.0,law_order_vip_duty,40.8,32,20.1,0.628,45.0,0.239,90.6,21.5,1.0,5.0,-4.0,1.0,1.0,0.0,0,0.0,0.0,0.0,0.225,0.091,0,46.4,-0.618,0
PID102933,CRPF,ASI/SI,27.7,True,separated_hardship_posting,nuclear,0.24,counter_naxal_lwe,1.8,31,14.0,0.452,56.2,0.497,50.5,52.5,0.0,0.0,0.0,4.0,3.0,1.0,2,2.0,6.0,-4.0,0.553,0.115,0,27.1,0.497,0
PID102934,CRPF,Head Constable,15.3,True,separated_hardship_posting,joint,0.667,law_order_vip_duty,8.0,32,22.3,0.697,53.9,0.22,84.9,18.2,3.0,4.0,-1.0,2.0,2.0,0.0,1,6.0,7.0,-1.0,0.0,-0.057,0,19.9,-0.685,0
PID102935,CRPF,Constable/GD,1.0,True,separated_hardship_posting,nuclear,1.72,counter_insurgency_jk_ne,12.9,29,17.2,0.593,55.0,0.369,71.1,39.9,0.0,1.0,-1.0,3.0,2.0,1.0,0,3.0,1.0,2.0,0.387,0.074,0,33.3,0.049,0
PID102936,CRPF,Constable/GD,20.7,True,separated_hardship_posting,nuclear,0.773,counter_naxal_lwe,5.8,31,17.2,0.555,53.8,0.377,69.1,40.1,0.0,0.0,0.0,3.0,2.0,1.0,0,2.0,3.0,-1.0,0.047,-0.084,0,63.0,-0.225,0
PID102937,CRPF,Constable/GD,5.0,False,not_applicable_unmarried,n/a,0.0,counter_insurgency_jk_ne,9.0,29,15.2,0.524,52.4,0.326,78.9,29.4,1.0,0.0,1.0,4.0,2.0,2.0,0,0.0,1.0,-1.0,0.376,0.145,0,66.8,0.871,0
PID102938,CRPF,Constable/GD,1.4,True,with_family,nuclear,0.0,counter_naxal_lwe,19.4,29,13.0,0.448,62.7,0.328,64.1,48.8,1.0,1.0,0.0,3.0,1.0,2.0,0,3.0,3.0,0.0,0.399,0.133,1,15.9,0.772,0
PID102939,CRPF,Constable/GD,2.9,False,not_applicable_unmarried,n/a,0.0,peace_training_static,1.0,31,25.9,0.835,49.1,0.099,83.2,14.4,1.0,0.0,1.0,1.0,2.0,-1.0,2,1.0,0.0,1.0,0.111,-0.048,0,60.2,-0.728,0
PID102940,CRPF,Inspector+,21.5,False,not_applicable_unmarried,n/a,0.0,peace_training_static,2.1,30,21.9,0.73,44.2,0.15,84.7,10.1,0.0,1.0,-1.0,1.0,2.0,-1.0,2,6.0,7.0,-1.0,0.209,-0.015,0,67.4,-0.81,0
PID102941,CRPF,Constable/GD,15.4,True,separated_hardship_posting,nuclear,1.013,counter_naxal_lwe,7.6,31,16.2,0.523,64.6,0.298,70.0,39.1,0.0,1.0,-1.0,2.0,2.0,0.0,1,0.0,2.0,-2.0,0.194,0.157,0,58.7,0.17,0
PID102942,CRPF,ASI/SI,13.2,False,not_applicable_unmarried,n/a,0.0,law_order_vip_duty,18.3,31,23.1,0.745,55.7,0.185,66.5,33.6,0.0,1.0,-1.0,3.0,2.0,1.0,0,1.0,2.0,-1.0,0.238,-0.045,0,33.2,-0.492,0
PID102943,CRPF,Constable/GD,16.2,True,separated_hardship_posting,nuclear,0.48,counter_naxal_lwe,3.6,31,18.4,0.594,58.9,0.351,64.0,38.4,5.0,0.0,5.0,5.0,3.0,2.0,0,3.0,2.0,1.0,0.118,-0.123,0,52.3,0.593,0
PID102944,CRPF,Constable/GD,3.0,True,separated_hardship_posting,nuclear,0.733,counter_naxal_lwe,5.5,28,15.9,0.568,61.5,0.424,50.9,43.4,0.0,0.0,0.0,2.0,1.0,1.0,0,1.0,0.0,1.0,0.392,0.032,0,16.9,0.109,0
PID102945,CRPF,Constable/GD,10.1,True,with_family,nuclear,0.0,law_order_vip_duty,14.8,28,26.4,0.943,49.6,0.225,83.4,17.4,0.0,0.0,0.0,1.0,1.0,0.0,1,0.0,1.0,-1.0,0.225,0.05,0,19.0,-0.506,0
PID102946,CRPF,Constable/GD,7.6,False,not_applicable_unmarried,n/a,0.0,law_order_vip_duty,3.4,29,24.2,0.834,54.2,0.224,74.8,27.5,9.0,5.0,4.0,3.0,2.0,1.0,1,0.0,1.0,-1.0,0.0,-0.089,0,77.5,0.038,0
PID102947,CRPF,Head Constable,12.6,True,separated_hardship_posting,nuclear,3.2,law_order_vip_duty,24.0,29,24.0,0.828,49.6,0.156,75.7,16.3,0.0,1.0,-1.0,3.0,2.0,1.0,0,0.0,0.0,0.0,0.284,-0.041,0,33.2,-0.581,1
PID102948,CRPF,Inspector+,12.9,True,with_family,nuclear,0.0,counter_naxal_lwe,14.5,32,18.7,0.584,57.1,0.452,57.9,44.9,0.0,0.0,0.0,4.0,4.0,0.0,0,0.0,0.0,0.0,0.557,0.106,1,22.9,0.099,0
PID102949,CRPF,ASI/SI,15.8,True,with_family,nuclear,0.0,counter_insurgency_jk_ne,8.3,28,18.4,0.657,58.2,0.366,65.6,44.2,1.0,1.0,0.0,3.0,3.0,0.0,0,1.0,2.0,-1.0,0.486,0.009,0,34.7,-0.283,0
PID102950,CRPF,Constable/GD,17.2,True,separated_hardship_posting,nuclear,0.96,counter_naxal_lwe,7.2,30,15.8,0.527,66.4,0.423,55.8,55.6,1.0,1.0,0.0,4.0,3.0,1.0,1,1.0,2.0,-1.0,0.469,0.213,3,68.0,0.703,1
PID102951,CRPF,Head Constable,3.1,True,separated_hardship_posting,nuclear,0.72,counter_naxal_lwe,5.4,31,17.3,0.558,64.0,0.263,51.5,59.1,3.0,0.0,3.0,4.0,1.0,3.0,1,2.0,0.0,2.0,0.161,0.134,2,57.5,1.317,1
PID102952,CRPF,Constable/GD,10.2,True,separated_hardship_posting,joint,0.483,counter_naxal_lwe,5.8,29,21.7,0.748,66.0,0.371,52.3,51.7,0.0,0.0,0.0,4.0,2.0,2.0,1,1.0,4.0,-3.0,0.373,0.213,1,30.1,0.649,0
PID102953,CRPF,ASI/SI,11.6,False,not_applicable_unmarried,n/a,0.0,counter_naxal_lwe,19.0,29,15.7,0.541,65.7,0.294,60.9,53.4,1.0,1.0,0.0,3.0,3.0,0.0,1,0.0,1.0,-1.0,0.855,0.248,3,39.1,0.577,1
PID102954,CRPF,Constable/GD,4.9,True,separated_hardship_posting,nuclear,0.133,counter_naxal_lwe,1.0,29,12.0,0.414,62.2,0.396,67.0,43.8,1.0,0.0,1.0,2.0,1.0,1.0,2,4.0,2.0,2.0,0.552,0.155,0,47.5,0.82,0
PID102955,CRPF,Constable/GD,4.6,True,separated_hardship_posting,nuclear,1.56,counter_naxal_lwe,11.7,30,18.6,0.62,59.6,0.369,68.7,37.5,0.0,2.0,-2.0,3.0,1.0,2.0,0,2.0,0.0,2.0,0.306,0.174,0,50.3,0.38,0
PID102956,CRPF,Constable/GD,2.9,False,not_applicable_unmarried,n/a,0.0,law_order_vip_duty,31.9,31,25.9,0.835,48.5,0.251,77.9,22.3,2.0,1.0,1.0,2.0,1.0,1.0,0,2.0,0.0,2.0,0.084,0.02,0,47.8,-0.098,0
PID102957,CRPF,Constable/GD,4.1,False,not_applicable_unmarried,n/a,0.0,counter_naxal_lwe,28.3,30,17.0,0.567,55.7,0.307,76.4,32.0,1.0,1.0,0.0,2.0,3.0,-1.0,0,2.0,1.0,1.0,0.229,0.068,0,26.0,-0.211,0
PID102958,CRPF,Constable/GD,18.7,True,separated_hardship_posting,nuclear,1.2,counter_naxal_lwe,9.0,32,12.0,0.375,66.8,0.288,57.1,46.2,1.0,0.0,1.0,3.0,2.0,1.0,0,3.0,1.0,2.0,0.66,0.234,2,36.7,1.105,1
PID102959,CRPF,ASI/SI,3.5,True,with_family,nuclear,0.0,peace_training_static,1.9,28,28.0,1.0,44.7,0.082,72.8,8.7,1.0,0.0,1.0,2.0,1.0,1.0,0,5.0,7.0,-2.0,0.117,0.018,0,23.6,-0.302,0
PID102960,CRPF,Head Constable,4.0,True,with_family,nuclear,0.0,peace_training_static,2.8,29,26.8,0.924,39.2,0.138,100.0,0.0,1.0,0.0,1.0,2.0,2.0,0.0,0,0.0,0.0,0.0,0.368,0.055,0,54.5,-0.314,0
PID102961,CRPF,Inspector+,12.3,False,not_applicable_unmarried,n/a,0.0,counter_naxal_lwe,7.5,29,15.0,0.517,66.9,0.335,59.8,53.3,0.0,0.0,0.0,3.0,1.0,2.0,1,0.0,0.0,0.0,0.299,0.198,1,38.8,0.883,1
PID102962,CRPF,Constable/GD,14.7,True,with_family,nuclear,0.0,counter_naxal_lwe,3.1,29,19.5,0.672,62.4,0.365,61.9,47.6,1.0,0.0,1.0,4.0,1.0,3.0,0,1.0,2.0,-1.0,0.333,0.117,0,45.3,0.819,0
PID102963,CRPF,Head Constable,11.4,True,separated_hardship_posting,nuclear,0.213,counter_naxal_lwe,1.6,31,11.0,0.355,65.9,0.289,60.0,54.1,1.0,0.0,1.0,4.0,1.0,3.0,0,4.0,4.0,0.0,0.407,0.381,1,30.3,2.0,1
PID102964,CRPF,Constable/GD,5.6,True,with_family,nuclear,0.0,peace_training_static,1.2,28,25.5,0.911,45.0,0.12,91.5,8.9,0.0,0.0,0.0,1.0,1.0,0.0,0,1.0,1.0,0.0,0.399,0.122,0,49.8,-0.249,0
PID102965,CRPF,Constable/GD,4.6,True,separated_hardship_posting,nuclear,0.987,counter_naxal_lwe,7.4,29,14.3,0.493,58.8,0.434,62.0,39.3,1.0,0.0,1.0,4.0,2.0,2.0,0,0.0,2.0,-2.0,0.23,0.017,2,50.4,0.52,0
PID102966,CRPF,Constable/GD,12.1,True,separated_hardship_posting,joint,1.858,counter_naxal_lwe,22.3,28,19.9,0.711,63.8,0.37,57.3,40.4,0.0,1.0,-1.0,3.0,2.0,1.0,0,1.0,0.0,1.0,0.511,0.033,0,18.9,-0.217,0
PID102967,CRPF,Constable/GD,10.6,False,not_applicable_unmarried,n/a,0.0,law_order_vip_duty,8.4,30,23.2,0.773,54.1,0.244,70.8,34.3,2.0,3.0,-1.0,2.0,2.0,0.0,2,2.0,5.0,-3.0,0.204,-0.012,0,52.2,-0.641,0
PID102968,CRPF,Head Constable,9.0,True,with_family,nuclear,0.0,law_order_vip_duty,10.6,32,21.4,0.669,50.9,0.244,78.7,19.3,0.0,1.0,-1.0,2.0,1.0,1.0,0,3.0,2.0,1.0,0.0,-0.123,0,22.9,-0.637,0
PID102969,CRPF,Constable/GD,18.2,True,with_family,joint,0.0,counter_naxal_lwe,1.0,32,21.0,0.656,67.3,0.319,51.9,49.4,1.0,0.0,1.0,2.0,1.0,1.0,4,2.0,1.0,1.0,0.492,0.24,4,30.0,0.784,1
PID102970,CRPF,Constable/GD,10.2,False,not_applicable_unmarried,n/a,0.0,counter_naxal_lwe,5.4,28,8.0,0.286,65.8,0.448,46.8,54.7,2.0,0.0,2.0,4.0,1.0,3.0,0,8.0,7.0,1.0,0.459,0.191,2,54.1,1.664,0
PID102971,CRPF,Head Constable,4.4,True,separated_hardship_posting,nuclear,0.533,counter_insurgency_jk_ne,4.0,28,18.3,0.654,60.3,0.321,66.4,31.0,0.0,0.0,0.0,3.0,1.0,2.0,1,3.0,0.0,3.0,0.442,0.078,0,30.5,0.356,0
PID102972,CRPF,Constable/GD,9.1,True,with_family,nuclear,0.0,counter_naxal_lwe,13.2,30,12.7,0.423,57.6,0.361,72.1,39.7,3.0,0.0,3.0,4.0,2.0,2.0,0,2.0,0.0,2.0,0.051,0.015,0,42.1,0.909,0
PID102973,CRPF,ASI/SI,15.7,True,with_family,nuclear,0.0,counter_naxal_lwe,1.0,29,14.6,0.503,57.0,0.391,60.9,43.9,4.0,4.0,0.0,3.0,3.0,0.0,1,6.0,3.0,3.0,0.283,0.11,0,38.9,0.209,0
PID102974,CRPF,Constable/GD,9.8,False,not_applicable_unmarried,n/a,0.0,peace_training_static,13.2,29,25.4,0.876,50.8,0.176,77.3,23.4,0.0,0.0,0.0,2.0,3.0,-1.0,2,3.0,5.0,-2.0,0.063,-0.027,0,18.7,-0.87,0
PID102975,CRPF,ASI/SI,15.5,True,separated_hardship_posting,joint,0.192,law_order_vip_duty,2.3,31,26.0,0.839,43.2,0.145,80.5,12.1,1.0,0.0,1.0,2.0,2.0,0.0,2,2.0,3.0,-1.0,0.084,0.064,0,61.5,-0.183,0
PID102976,CRPF,Head Constable,17.3,False,not_applicable_unmarried,n/a,0.0,law_order_vip_duty,1.0,29,28.4,0.979,51.6,0.223,70.4,25.8,1.0,2.0,-1.0,1.0,2.0,-1.0,0,3.0,1.0,2.0,0.198,0.009,1,61.7,-1.04,0
PID102977,CRPF,Head Constable,10.2,True,with_family,nuclear,0.0,law_order_vip_duty,6.4,30,17.2,0.573,52.6,0.354,64.3,39.4,2.0,3.0,-1.0,3.0,2.0,1.0,0,4.0,2.0,2.0,0.725,0.147,1,47.3,0.295,0
PID102978,CRPF,Head Constable,11.4,True,separated_hardship_posting,nuclear,1.027,counter_insurgency_jk_ne,7.7,28,18.1,0.646,56.0,0.399,72.3,35.5,0.0,1.0,-1.0,4.0,3.0,1.0,0,1.0,4.0,-3.0,0.32,0.045,0,35.8,-0.103,0
PID102979,CRPF,ASI/SI,9.5,True,separated_hardship_posting,joint,1.125,counter_naxal_lwe,13.5,32,24.2,0.756,61.9,0.344,51.7,44.7,3.0,0.0,3.0,4.0,2.0,2.0,2,6.0,4.0,2.0,0.459,-0.003,0,41.8,0.451,0
PID102980,CRPF,Head Constable,15.7,True,with_family,joint,0.0,law_order_vip_duty,1.0,28,19.3,0.689,53.7,0.264,77.1,24.2,2.0,0.0,2.0,3.0,3.0,0.0,0,1.0,1.0,0.0,0.343,-0.067,0,60.4,-0.243,0
PID102981,CRPF,Constable/GD,9.3,True,with_family,joint,0.0,counter_naxal_lwe,12.0,28,13.5,0.482,59.7,0.33,63.5,25.2,3.0,6.0,-3.0,3.0,3.0,0.0,0,0.0,3.0,-3.0,0.579,0.102,0,32.6,-0.254,0
PID102982,CRPF,Constable/GD,14.8,False,not_applicable_unmarried,n/a,0.0,counter_naxal_lwe,6.3,30,17.2,0.573,65.5,0.371,60.7,52.5,0.0,0.0,0.0,4.0,2.0,2.0,0,2.0,1.0,1.0,0.644,0.072,1,33.9,0.435,0
PID102983,CRPF,Head Constable,13.0,True,with_family,nuclear,0.0,counter_naxal_lwe,42.4,32,20.1,0.628,64.3,0.323,67.3,42.7,1.0,0.0,1.0,4.0,2.0,2.0,0,2.0,1.0,1.0,0.132,0.067,0,37.0,0.509,1
PID102984,CRPF,Constable/GD,2.8,True,separated_hardship_posting,nuclear,2.173,law_order_vip_duty,16.3,31,25.2,0.813,51.3,0.191,79.8,18.0,2.0,1.0,1.0,3.0,1.0,2.0,1,0.0,0.0,0.0,0.076,-0.095,0,7.6,-0.203,0
PID102985,CRPF,Constable/GD,15.3,False,not_applicable_unmarried,n/a,0.0,law_order_vip_duty,20.6,30,21.4,0.713,48.7,0.184,89.9,27.5,0.0,0.0,0.0,2.0,2.0,0.0,1,1.0,0.0,1.0,0.234,0.005,0,50.9,-0.363,0
PID102986,CRPF,Constable/GD,12.3,True,with_family,nuclear,0.0,counter_insurgency_jk_ne,35.4,29,15.0,0.517,57.6,0.401,73.9,38.8,1.0,1.0,0.0,4.0,3.0,1.0,0,4.0,1.0,3.0,0.639,0.14,1,43.3,0.495,0
PID102987,CRPF,Constable/GD,22.5,True,separated_hardship_posting,joint,1.317,counter_insurgency_jk_ne,15.8,29,21.3,0.734,66.4,0.271,68.2,42.0,3.0,2.0,1.0,4.0,1.0,3.0,0,6.0,4.0,2.0,0.165,0.019,2,52.9,0.451,0
PID102988,CRPF,Constable/GD,5.1,True,separated_hardship_posting,nuclear,0.453,peace_training_static,3.4,31,25.6,0.826,43.0,0.189,85.1,17.6,0.0,1.0,-1.0,3.0,3.0,0.0,1,2.0,4.0,-2.0,0.079,-0.152,0,33.4,-1.125,0
PID102989,CRPF,Head Constable,13.1,True,with_family,joint,0.0,counter_naxal_lwe,24.1,30,10.8,0.36,68.1,0.324,44.3,54.2,1.0,1.0,0.0,3.0,2.0,1.0,1,6.0,4.0,2.0,1.0,0.219,5,18.7,0.922,0
PID102990,CRPF,Head Constable,8.5,False,not_applicable_unmarried,n/a,0.0,counter_insurgency_jk_ne,23.9,31,14.2,0.458,51.0,0.267,76.5,26.9,1.0,1.0,0.0,2.0,1.0,1.0,0,8.0,7.0,1.0,0.075,0.02,0,42.5,0.205,0
PID102991,CRPF,ASI/SI,3.1,False,not_applicable_unmarried,n/a,0.0,law_order_vip_duty,8.6,30,20.8,0.693,48.6,0.243,81.9,17.6,1.0,0.0,1.0,2.0,2.0,0.0,0,3.0,2.0,1.0,0.53,0.153,1,23.0,0.261,0
PID102992,CRPF,Constable/GD,2.4,True,separated_hardship_posting,nuclear,0.133,law_order_vip_duty,1.0,29,26.2,0.903,49.8,0.142,71.8,24.8,2.0,0.0,2.0,4.0,2.0,2.0,0,2.0,1.0,1.0,0.532,0.035,2,49.1,0.234,0
PID102993,CRPF,Constable/GD,25.0,False,not_applicable_unmarried,n/a,0.0,counter_insurgency_jk_ne,3.1,28,13.2,0.471,61.8,0.34,62.8,46.5,0.0,0.0,0.0,4.0,2.0,2.0,0,1.0,0.0,1.0,0.301,0.231,0,50.3,1.038,0
PID102994,CRPF,Head Constable,13.1,True,separated_hardship_posting,nuclear,0.293,counter_naxal_lwe,2.2,29,20.5,0.707,62.2,0.342,46.5,43.3,1.0,0.0,1.0,2.0,2.0,0.0,0,4.0,3.0,1.0,0.095,-0.111,0,72.6,-0.549,0
PID102995,CRPF,Constable/GD,10.0,False,not_applicable_unmarried,n/a,0.0,peace_training_static,3.9,29,29.0,1.0,51.2,0.087,93.5,6.2,4.0,1.0,3.0,2.0,3.0,-1.0,0,0.0,1.0,-1.0,0.177,-0.049,0,61.6,-0.622,0
PID102996,CRPF,Head Constable,3.8,False,not_applicable_unmarried,n/a,0.0,counter_insurgency_jk_ne,12.4,30,18.7,0.623,56.7,0.254,74.3,35.9,3.0,0.0,3.0,4.0,3.0,1.0,0,3.0,1.0,2.0,0.228,0.093,1,44.6,0.688,0
PID102997,CRPF,Constable/GD,24.2,True,with_family,nuclear,0.0,peace_training_static,2.0,29,18.5,0.638,45.8,0.238,79.2,21.4,2.0,1.0,1.0,3.0,2.0,1.0,0,1.0,1.0,0.0,0.268,-0.003,0,36.7,0.073,0
PID102998,CRPF,Inspector+,7.1,True,with_family,joint,0.0,law_order_vip_duty,1.0,31,19.7,0.635,50.7,0.218,80.3,26.6,1.0,1.0,0.0,2.0,1.0,1.0,1,2.0,1.0,1.0,0.545,-0.126,0,53.8,-0.451,0
PID102999,CRPF,Constable/GD,13.5,False,not_applicable_unmarried,n/a,0.0,peace_training_static,29.0,30,25.1,0.837,54.1,0.115,81.4,22.8,1.0,0.0,1.0,3.0,2.0,1.0,0,0.0,0.0,0.0,0.042,-0.093,0,45.1,-0.44,0
PID103000,CRPF,ASI/SI,12.0,True,separated_hardship_posting,nuclear,0.213,counter_naxal_lwe,1.6,29,21.1,0.728,57.5,0.402,67.6,42.9,1.0,0.0,1.0,4.0,2.0,2.0,2,0.0,1.0,-1.0,0.139,0.048,0,33.5,0.329,0
PID103001,CRPF,Head Constable,30.5,True,with_family,joint,0.0,counter_insurgency_jk_ne,4.0,28,15.1,0.539,56.0,0.25,72.8,27.4,6.0,2.0,4.0,3.0,2.0,1.0,1,3.0,5.0,-2.0,0.096,0.02,0,9.5,0.725,0
PID103002,CRPF,Constable/GD,11.2,True,with_family,nuclear,0.0,counter_naxal_lwe,2.7,28,13.1,0.468,58.1,0.418,69.0,37.9,0.0,0.0,0.0,2.0,2.0,0.0,0,0.0,0.0,0.0,0.086,-0.049,0,75.0,-0.23,0
PID103003,CRPF,Head Constable,8.1,True,with_family,nuclear,0.0,counter_naxal_lwe,8.3,28,16.0,0.571,64.3,0.348,51.7,42.1,0.0,0.0,0.0,3.0,3.0,0.0,0,0.0,1.0,-1.0,0.45,0.224,4,56.5,0.468,0
PID103004,CRPF,Constable/GD,13.2,True,separated_hardship_posting,nuclear,0.493,counter_naxal_lwe,3.7,29,11.7,0.403,57.4,0.267,69.4,39.2,0.0,0.0,0.0,4.0,3.0,1.0,0,0.0,1.0,-1.0,0.35,0.142,2,50.2,0.638,0
PID103005,CRPF,Head Constable,14.1,True,with_family,joint,0.0,counter_insurgency_jk_ne,6.7,29,17.3,0.597,65.3,0.268,72.2,40.6,0.0,1.0,-1.0,3.0,3.0,0.0,2,0.0,0.0,0.0,0.771,0.151,0,41.4,0.065,0
PID103006,CRPF,Head Constable,35.0,False,not_applicable_unmarried,n/a,0.0,counter_insurgency_jk_ne,1.0,28,14.4,0.514,58.3,0.234,68.4,34.8,2.0,1.0,1.0,2.0,3.0,-1.0,0,4.0,2.0,2.0,0.514,0.18,2,69.0,0.345,0
PID103007,CRPF,Constable/GD,11.1,True,separated_hardship_posting,nuclear,1.2,law_order_vip_duty,9.0,31,31.0,1.0,53.6,0.225,77.5,28.5,1.0,2.0,-1.0,3.0,2.0,1.0,1,0.0,3.0,-3.0,0.842,-0.056,0,53.8,-0.833,0
PID103008,CRPF,Constable/GD,5.0,True,with_family,nuclear,0.0,counter_naxal_lwe,2.4,30,13.7,0.457,63.9,0.302,55.7,43.4,2.0,0.0,2.0,4.0,2.0,2.0,0,7.0,3.0,4.0,0.424,0.157,0,19.6,1.141,0
PID103009,CRPF,Head Constable,9.0,True,separated_hardship_posting,nuclear,0.667,counter_naxal_lwe,5.0,32,23.4,0.731,61.9,0.296,77.0,41.1,0.0,0.0,0.0,3.0,2.0,1.0,0,1.0,4.0,-3.0,0.132,-0.005,0,36.7,-0.2,0
PID103010,CRPF,Constable/GD,13.2,True,separated_hardship_posting,joint,0.55,counter_naxal_lwe,6.6,32,14.2,0.444,62.5,0.368,62.2,51.8,1.0,0.0,1.0,4.0,2.0,2.0,0,1.0,0.0,1.0,0.668,0.26,3,51.8,1.313,0
PID103011,CRPF,ASI/SI,14.7,True,separated_hardship_posting,nuclear,0.693,law_order_vip_duty,5.2,28,21.8,0.779,52.3,0.223,70.0,31.7,0.0,0.0,0.0,2.0,2.0,0.0,0,12.0,7.0,5.0,0.303,0.068,0,58.6,-0.251,1
PID103012,CRPF,Head Constable,3.5,True,with_family,joint,0.0,counter_naxal_lwe,8.1,31,18.6,0.6,64.1,0.423,63.1,37.9,2.0,1.0,1.0,2.0,2.0,0.0,0,2.0,0.0,2.0,0.538,0.007,0,36.1,-0.065,0
PID103013,CRPF,Head Constable,8.4,True,with_family,nuclear,0.0,law_order_vip_duty,20.2,32,24.4,0.762,48.7,0.29,72.4,25.0,0.0,0.0,0.0,2.0,3.0,-1.0,0,3.0,3.0,0.0,0.086,-0.058,0,63.4,-0.826,0
PID103014,CRPF,Constable/GD,29.6,True,separated_hardship_posting,joint,0.333,counter_naxal_lwe,4.0,32,17.8,0.556,58.0,0.354,70.1,37.3,1.0,1.0,0.0,4.0,3.0,1.0,1,0.0,0.0,0.0,0.484,-0.003,0,20.5,0.018,0
PID103015,CRPF,Head Constable,6.2,True,with_family,joint,0.0,counter_insurgency_jk_ne,9.7,31,21.2,0.684,61.3,0.33,69.5,45.5,1.0,2.0,-1.0,3.0,3.0,0.0,1,0.0,2.0,-2.0,0.194,0.122,1,36.6,-0.129,0
PID103016,CRPF,ASI/SI,18.4,True,separated_hardship_posting,nuclear,1.067,law_order_vip_duty,8.0,28,22.3,0.796,52.0,0.136,93.5,15.2,0.0,1.0,-1.0,3.0,2.0,1.0,0,1.0,0.0,1.0,0.401,-0.031,0,37.2,-0.512,0
PID103017,CRPF,Constable/GD,9.2,False,not_applicable_unmarried,n/a,0.0,counter_insurgency_jk_ne,12.2,32,18.7,0.584,50.0,0.342,76.7,21.1,3.0,2.0,1.0,2.0,1.0,1.0,0,0.0,1.0,-1.0,0.27,-0.097,0,54.7,-0.147,0
PID103018,CRPF,Constable/GD,11.5,True,with_family,joint,0.0,law_order_vip_duty,1.9,32,22.0,0.688,50.1,0.245,79.4,27.0,2.0,1.0,1.0,3.0,3.0,0.0,1,4.0,4.0,0.0,0.212,0.033,1,60.0,-0.092,0
PID103019,CRPF,Constable/GD,3.9,False,not_applicable_unmarried,n/a,0.0,peace_training_static,7.4,30,26.5,0.883,52.1,0.177,67.4,25.7,1.0,0.0,1.0,2.0,2.0,0.0,1,0.0,1.0,-1.0,0.351,-0.094,0,59.7,-0.712,0
PID103020,CRPF,Constable/GD,9.8,True,with_family,nuclear,0.0,counter_naxal_lwe,1.6,32,17.1,0.534,61.4,0.332,60.4,38.6,2.0,0.0,2.0,4.0,2.0,2.0,0,7.0,2.0,5.0,0.377,0.018,0,19.6,0.628,0
PID103021,CRPF,Head Constable,13.1,True,separated_hardship_posting,nuclear,1.427,counter_naxal_lwe,10.7,30,15.9,0.53,59.9,0.332,60.5,38.9,3.0,0.0,3.0,5.0,1.0,4.0,0,1.0,4.0,-3.0,0.341,0.075,0,42.6,1.387,0
PID103022,CRPF,Constable/GD,11.2,True,with_family,joint,0.0,peace_training_static,1.9,30,27.2,0.907,40.0,0.103,94.8,0.0,1.0,1.0,0.0,1.0,2.0,-1.0,0,2.0,1.0,1.0,0.051,0.015,0,17.5,-0.779,0
PID103023,CRPF,Head Constable,10.2,True,with_family,nuclear,0.0,peace_training_static,2.4,31,23.7,0.765,43.7,0.206,84.6,14.7,3.0,1.0,2.0,2.0,2.0,0.0,0,0.0,3.0,-3.0,0.17,0.018,0,41.0,-0.079,0
PID103024,CRPF,Constable/GD,15.8,True,with_family,nuclear,0.0,law_order_vip_duty,5.0,31,20.2,0.652,47.3,0.237,87.2,16.3,1.0,1.0,0.0,1.0,2.0,-1.0,0,0.0,2.0,-2.0,0.063,0.033,0,65.5,-0.417,0
PID103025,CRPF,Constable/GD,4.6,False,not_applicable_unmarried,n/a,0.0,counter_naxal_lwe,8.3,30,19.0,0.633,63.7,0.26,60.2,44.7,5.0,0.0,5.0,3.0,2.0,1.0,1,4.0,0.0,4.0,0.444,0.008,0,70.9,0.727,0
PID103026,CRPF,Constable/GD,13.5,False,not_applicable_unmarried,n/a,0.0,counter_naxal_lwe,4.5,31,10.3,0.332,62.2,0.389,62.9,42.6,0.0,0.0,0.0,2.0,3.0,-1.0,0,6.0,5.0,1.0,0.337,0.257,2,47.7,0.643,0
PID103027,CRPF,ASI/SI,2.2,True,with_family,nuclear,0.0,peace_training_static,13.2,32,32.0,1.0,44.5,0.092,90.7,9.9,0.0,1.0,-1.0,1.0,1.0,0.0,0,0.0,0.0,0.0,0.079,-0.011,0,44.8,-0.912,0
PID103028,CRPF,Head Constable,21.3,False,not_applicable_unmarried,n/a,0.0,law_order_vip_duty,1.8,31,21.6,0.697,49.0,0.285,75.0,21.7,2.0,2.0,0.0,2.0,3.0,-1.0,1,0.0,0.0,0.0,0.187,0.055,0,37.9,-0.405,0
PID103029,CRPF,Constable/GD,10.4,True,separated_hardship_posting,nuclear,1.36,counter_naxal_lwe,10.2,32,22.6,0.706,68.1,0.382,49.5,51.6,2.0,0.0,2.0,5.0,2.0,3.0,0,3.0,3.0,0.0,0.183,0.061,0,40.2,0.764,1
PID103030,CRPF,Head Constable,17.7,True,with_family,joint,0.0,counter_naxal_lwe,14.8,30,20.2,0.673,59.2,0.424,63.3,35.9,3.0,3.0,0.0,3.0,1.0,2.0,0,0.0,0.0,0.0,0.456,-0.112,0,62.3,-0.238,0
PID103031,CRPF,Constable/GD,1.1,False,not_applicable_unmarried,n/a,0.0,law_order_vip_duty,12.7,30,21.5,0.717,49.2,0.282,86.8,26.3,0.0,0.0,0.0,3.0,2.0,1.0,0,1.0,1.0,0.0,0.137,0.117,0,27.5,0.183,0
PID103032,CRPF,Constable/GD,16.3,True,with_family,nuclear,0.0,counter_insurgency_jk_ne,6.5,31,17.9,0.577,57.0,0.356,62.7,37.2,1.0,1.0,0.0,3.0,3.0,0.0,0,3.0,0.0,3.0,0.127,-0.034,0,36.4,-0.315,0
PID103033,CRPF,Constable/GD,6.9,True,with_family,nuclear,0.0,peace_training_static,15.1,30,30.0,1.0,45.6,0.188,86.6,4.8,4.0,6.0,-2.0,1.0,1.0,0.0,3,1.0,2.0,-1.0,0.18,-0.064,0,40.7,-1.225,0
PID103034,CRPF,Inspector+,11.5,True,separated_hardship_posting,joint,0.475,counter_insurgency_jk_ne,5.7,28,20.6,0.736,59.9,0.349,67.1,31.1,0.0,0.0,0.0,2.0,2.0,0.0,0,0.0,0.0,0.0,0.163,0.067,0,29.8,-0.203,0
PID103035,CRPF,Head Constable,16.5,True,separated_hardship_posting,nuclear,0.133,counter_naxal_lwe,1.0,30,19.4,0.647,65.7,0.308,59.3,50.9,1.0,7.0,-6.0,2.0,1.0,1.0,0,1.0,0.0,1.0,0.738,0.184,3,47.9,-0.454,0
PID103036,CRPF,Head Constable,10.9,True,separated_hardship_posting,nuclear,0.613,counter_naxal_lwe,4.6,28,18.8,0.671,65.4,0.281,50.3,46.6,0.0,0.0,0.0,3.0,2.0,1.0,0,7.0,5.0,2.0,0.43,0.128,0,63.6,0.272,0
PID103037,CRPF,Constable/GD,15.4,True,separated_hardship_posting,joint,0.5,counter_insurgency_jk_ne,6.0,31,15.3,0.494,67.7,0.25,62.4,45.1,0.0,2.0,-2.0,3.0,1.0,2.0,1,1.0,1.0,0.0,0.209,-0.039,0,49.8,-0.111,0
PID103038,CRPF,Constable/GD,9.3,True,with_family,joint,0.0,counter_naxal_lwe,1.0,31,17.7,0.571,55.2,0.394,58.5,37.7,0.0,1.0,-1.0,2.0,2.0,0.0,0,0.0,2.0,-2.0,0.368,0.019,0,29.8,-0.304,0
PID103039,CRPF,Head Constable,22.3,False,not_applicable_unmarried,n/a,0.0,counter_naxal_lwe,6.7,31,14.7,0.474,62.9,0.217,57.2,43.1,5.0,3.0,2.0,5.0,3.0,2.0,2,1.0,0.0,1.0,0.329,0.111,1,29.0,0.982,0
PID103040,CRPF,Constable/GD,10.4,False,not_applicable_unmarried,n/a,0.0,counter_naxal_lwe,1.0,32,14.3,0.447,59.9,0.349,56.3,49.4,1.0,0.0,1.0,3.0,2.0,1.0,1,0.0,2.0,-2.0,0.421,0.118,2,21.1,0.668,0
PID103041,CRPF,ASI/SI,10.5,True,separated_hardship_posting,nuclear,2.44,counter_naxal_lwe,18.3,31,17.5,0.565,70.0,0.334,52.7,54.8,0.0,2.0,-2.0,4.0,2.0,2.0,0,1.0,3.0,-2.0,0.362,0.093,1,38.5,0.202,0
PID103042,CRPF,Head Constable,10.6,True,with_family,joint,0.0,peace_training_static,1.0,29,24.9,0.859,46.7,0.193,79.1,19.4,1.0,0.0,1.0,2.0,2.0,0.0,0,5.0,2.0,3.0,0.383,0.083,1,27.6,-0.149,0
PID103043,CRPF,Constable/GD,11.3,True,with_family,nuclear,0.0,counter_naxal_lwe,6.0,28,14.9,0.532,53.9,0.343,62.4,31.0,1.0,3.0,-2.0,4.0,3.0,1.0,1,0.0,0.0,0.0,0.386,0.128,0,43.7,0.132,0
PID103044,CRPF,Head Constable,4.8,True,separated_hardship_posting,joint,0.9,counter_insurgency_jk_ne,10.8,28,15.3,0.546,59.7,0.278,69.5,28.4,2.0,3.0,-1.0,4.0,2.0,2.0,2,0.0,0.0,0.0,0.252,-0.035,0,29.6,-0.008,0
PID103045,CRPF,Inspector+,6.1,True,with_family,nuclear,0.0,law_order_vip_duty,21.1,32,20.2,0.631,53.1,0.299,73.5,31.4,0.0,0.0,0.0,2.0,2.0,0.0,0,1.0,2.0,-1.0,0.296,0.026,0,19.0,-0.199,0
PID103046,CRPF,Constable/GD,19.2,True,with_family,nuclear,0.0,counter_naxal_lwe,4.5,31,22.1,0.713,65.0,0.344,63.3,47.8,2.0,0.0,2.0,4.0,2.0,2.0,1,3.0,2.0,1.0,0.168,-0.019,0,11.0,0.302,0
PID103047,CRPF,Head Constable,17.7,False,not_applicable_unmarried,n/a,0.0,counter_insurgency_jk_ne,6.2,29,17.9,0.617,55.1,0.285,67.6,37.6,0.0,0.0,0.0,3.0,2.0,1.0,0,4.0,1.0,3.0,0.335,0.151,1,49.4,0.408,0
PID103048,CRPF,ASI/SI,17.1,True,with_family,nuclear,0.0,peace_training_static,2.8,32,24.5,0.766,47.3,0.091,87.9,21.8,2.0,1.0,1.0,3.0,3.0,0.0,2,1.0,0.0,1.0,0.521,-0.066,0,19.2,-0.486,0
PID103049,CRPF,Constable/GD,14.6,True,separated_hardship_posting,joint,0.975,law_order_vip_duty,11.7,29,22.3,0.769,50.9,0.237,83.3,16.6,1.0,1.0,0.0,2.0,1.0,1.0,1,1.0,2.0,-1.0,0.055,-0.072,0,47.4,-0.448,0
PID103050,CRPF,ASI/SI,8.2,True,separated_hardship_posting,nuclear,0.387,counter_insurgency_jk_ne,2.9,31,23.2,0.748,55.3,0.28,64.1,30.0,1.0,2.0,-1.0,2.0,1.0,1.0,0,0.0,0.0,0.0,0.23,0.127,0,30.2,0.022,0
PID103051,CRPF,Constable/GD,7.7,False,not_applicable_unmarried,n/a,0.0,peace_training_static,11.1,29,29.0,1.0,47.4,0.1,83.9,17.9,0.0,4.0,-4.0,2.0,2.0,0.0,1,2.0,1.0,1.0,0.136,0.042,0,43.9,-1.216,0
PID103052,CRPF,Head Constable,11.0,True,separated_hardship_posting,nuclear,1.4,peace_training_static,10.5,31,26.3,0.848,46.6,0.207,90.4,15.4,1.0,3.0,-2.0,2.0,3.0,-1.0,0,1.0,2.0,-1.0,0.331,-0.141,0,39.3,-1.489,0
PID103053,CRPF,Head Constable,20.9,False,not_applicable_unmarried,n/a,0.0,peace_training_static,25.6,28,23.7,0.846,50.2,0.123,84.0,25.3,8.0,5.0,3.0,3.0,1.0,2.0,0,1.0,1.0,0.0,0.159,-0.03,0,42.2,0.262,0
PID103054,CRPF,Head Constable,12.7,False,not_applicable_unmarried,n/a,0.0,counter_insurgency_jk_ne,7.2,31,15.7,0.506,58.1,0.273,68.3,33.7,1.0,2.0,-1.0,2.0,2.0,0.0,0,3.0,4.0,-1.0,0.415,0.057,0,54.3,-0.11,0
PID103055,CRPF,Constable/GD,5.9,True,with_family,nuclear,0.0,law_order_vip_duty,3.6,30,20.3,0.677,54.4,0.16,77.5,35.2,1.0,1.0,0.0,2.0,2.0,0.0,0,1.0,0.0,1.0,0.05,-0.129,0,29.4,-0.722,0
PID103056,CRPF,Head Constable,4.1,True,with_family,joint,0.0,counter_insurgency_jk_ne,3.7,30,16.0,0.533,53.2,0.312,80.3,28.1,0.0,7.0,-7.0,1.0,2.0,-1.0,1,0.0,0.0,0.0,0.0,-0.095,0,62.3,-1.739,0
PID103057,CRPF,Constable/GD,18.0,True,with_family,nuclear,0.0,counter_naxal_lwe,40.1,28,11.0,0.393,67.6,0.316,56.9,56.6,7.0,1.0,6.0,5.0,2.0,3.0,1,1.0,2.0,-1.0,0.314,0.224,0,51.5,2.25,0
PID103058,CRPF,Constable/GD,24.6,True,separated_hardship_posting,nuclear,0.507,counter_insurgency_jk_ne,3.8,29,16.1,0.555,54.9,0.278,72.8,18.3,2.0,3.0,-1.0,1.0,1.0,0.0,3,10.0,6.0,4.0,0.227,0.076,0,34.9,-0.111,0
PID103059,CRPF,Constable/GD,3.4,True,separated_hardship_posting,joint,0.958,peace_training_static,11.5,28,26.2,0.936,49.6,0.069,86.6,17.7,0.0,1.0,-1.0,2.0,1.0,1.0,0,2.0,1.0,1.0,0.305,0.099,0,36.5,-0.288,0
PID103060,CRPF,Head Constable,18.4,True,separated_hardship_posting,joint,1.267,counter_naxal_lwe,15.2,31,15.8,0.51,63.1,0.362,50.4,47.0,2.0,2.0,0.0,3.0,2.0,1.0,0,6.0,5.0,1.0,0.431,0.308,2,41.7,1.011,0
PID103061,CRPF,Constable/GD,14.4,False,not_applicable_unmarried,n/a,0.0,peace_training_static,24.0,28,25.9,0.925,46.5,0.042,94.2,0.0,0.0,1.0,-1.0,1.0,2.0,-1.0,1,1.0,4.0,-3.0,0.3,0.018,0,33.6,-0.948,0
PID103062,CRPF,Constable/GD,6.8,True,with_family,joint,0.0,peace_training_static,6.9,32,32.0,1.0,49.0,0.145,79.4,18.6,3.0,1.0,2.0,2.0,2.0,0.0,2,1.0,0.0,1.0,0.095,-0.025,0,13.9,-0.491,0
PID103063,CRPF,ASI/SI,12.8,True,with_family,nuclear,0.0,counter_naxal_lwe,44.5,28,20.9,0.746,53.4,0.317,65.0,25.8,3.0,1.0,2.0,3.0,2.0,1.0,0,2.0,2.0,0.0,0.119,0.044,0,25.3,0.236,0
PID103064,CRPF,Constable/GD,5.2,True,with_family,nuclear,0.0,counter_naxal_lwe,3.2,30,16.3,0.543,59.7,0.393,52.1,41.3,1.0,0.0,1.0,2.0,2.0,0.0,1,3.0,3.0,0.0,0.446,0.129,0,25.2,0.372,0
PID103065,CRPF,Constable/GD,9.9,True,with_family,nuclear,0.0,peace_training_static,6.2,32,31.4,0.981,49.0,0.149,74.9,21.5,1.0,1.0,0.0,3.0,4.0,-1.0,1,2.0,0.0,2.0,0.119,-0.066,0,37.0,-1.113,0
PID103066,CRPF,Constable/GD,11.4,True,separated_hardship_posting,nuclear,2.0,counter_naxal_lwe,15.0,30,16.0,0.533,69.7,0.356,39.5,55.6,1.0,1.0,0.0,3.0,1.0,2.0,2,2.0,1.0,1.0,0.758,0.209,2,21.7,0.898,0
PID103067,CRPF,Constable/GD,22.2,True,with_family,nuclear,0.0,law_order_vip_duty,28.4,30,21.0,0.7,51.9,0.271,69.9,29.6,0.0,0.0,0.0,1.0,2.0,-1.0,3,6.0,2.0,4.0,0.748,0.013,0,52.4,-0.537,0
PID103068,CRPF,Head Constable,9.6,True,with_family,nuclear,0.0,counter_naxal_lwe,2.3,32,14.2,0.444,52.2,0.443,66.3,35.0,5.0,5.0,0.0,2.0,2.0,0.0,0,3.0,2.0,1.0,0.364,0.248,0,41.9,0.696,0
PID103069,CRPF,Constable/GD,7.3,True,with_family,nuclear,0.0,counter_naxal_lwe,19.8,28,15.7,0.561,60.7,0.426,66.6,54.1,2.0,2.0,0.0,3.0,3.0,0.0,0,2.0,1.0,1.0,0.651,0.132,1,33.7,0.204,0
PID103070,CRPF,Constable/GD,13.8,True,with_family,nuclear,0.0,counter_naxal_lwe,4.2,30,19.8,0.66,61.8,0.271,65.5,40.3,1.0,0.0,1.0,4.0,2.0,2.0,0,1.0,2.0,-1.0,0.116,0.042,0,27.7,0.395,0
PID103071,CRPF,Inspector+,15.6,False,not_applicable_unmarried,n/a,0.0,counter_naxal_lwe,7.1,30,12.7,0.423,66.4,0.314,59.9,47.0,1.0,0.0,1.0,4.0,3.0,1.0,1,0.0,1.0,-1.0,0.4,0.075,0,40.3,0.567,0
PID103072,CRPF,ASI/SI,7.1,True,separated_hardship_posting,joint,0.833,peace_training_static,10.0,31,27.0,0.871,46.2,0.091,97.2,11.9,4.0,2.0,2.0,3.0,2.0,1.0,0,2.0,6.0,-4.0,0.22,-0.137,0,54.0,-0.461,0
PID103073,CRPF,Head Constable,5.7,False,not_applicable_unmarried,n/a,0.0,counter_naxal_lwe,32.7,31,16.0,0.516,56.9,0.388,48.8,41.6,0.0,2.0,-2.0,4.0,3.0,1.0,0,6.0,1.0,5.0,0.288,0.094,0,11.7,0.05,0
PID103074,CRPF,ASI/SI,6.1,True,separated_hardship_posting,nuclear,4.253,counter_naxal_lwe,31.9,30,17.2,0.573,65.9,0.319,61.1,37.9,2.0,2.0,0.0,3.0,2.0,1.0,0,0.0,1.0,-1.0,0.839,0.191,0,17.4,0.583,0
PID103075,CRPF,ASI/SI,22.2,False,not_applicable_unmarried,n/a,0.0,law_order_vip_duty,10.6,30,23.3,0.777,54.3,0.186,78.7,29.0,0.0,1.0,-1.0,3.0,2.0,1.0,2,0.0,0.0,0.0,0.168,-0.026,0,24.5,-0.474,0
PID103076,CRPF,Constable/GD,15.2,True,with_family,nuclear,0.0,peace_training_static,11.6,29,27.7,0.955,43.2,0.076,98.4,12.4,4.0,2.0,2.0,3.0,2.0,1.0,1,1.0,3.0,-2.0,0.023,-0.01,0,20.3,-0.179,0
PID103077,CRPF,Head Constable,9.2,True,with_family,joint,0.0,counter_insurgency_jk_ne,48.0,29,23.1,0.797,60.9,0.318,53.5,50.3,1.0,0.0,1.0,4.0,2.0,2.0,0,2.0,2.0,0.0,0.288,0.122,1,18.2,0.47,0
PID103078,CRPF,Head Constable,20.2,True,with_family,joint,0.0,law_order_vip_duty,14.4,32,21.4,0.669,49.8,0.258,75.5,27.3,3.0,1.0,2.0,3.0,3.0,0.0,3,2.0,2.0,0.0,0.315,0.083,0,40.1,0.233,0
PID103079,CRPF,Constable/GD,7.1,False,not_applicable_unmarried,n/a,0.0,counter_naxal_lwe,13.5,31,14.3,0.461,60.8,0.277,60.5,38.1,0.0,1.0,-1.0,2.0,1.0,1.0,1,0.0,0.0,0.0,0.441,0.079,0,39.4,0.225,0
PID103080,CRPF,Constable/GD,10.8,True,with_family,nuclear,0.0,peace_training_static,8.2,31,28.6,0.923,43.9,0.089,84.4,11.9,1.0,1.0,0.0,2.0,2.0,0.0,1,0.0,1.0,-1.0,0.155,0.024,0,34.3,-0.56,0
PID103081,CRPF,Constable/GD,5.2,True,with_family,nuclear,0.0,law_order_vip_duty,3.1,28,25.4,0.907,50.8,0.106,97.8,23.7,0.0,0.0,0.0,2.0,3.0,-1.0,2,1.0,3.0,-2.0,0.165,-0.024,0,43.0,-0.898,0
PID103082,CRPF,Head Constable,19.7,False,not_applicable_unmarried,n/a,0.0,peace_training_static,3.8,29,21.7,0.748,49.6,0.0,86.0,12.2,0.0,1.0,-1.0,1.0,2.0,-1.0,0,1.0,0.0,1.0,0.257,-0.089,0,38.8,-1.056,0
PID103083,CRPF,Head Constable,6.7,True,with_family,nuclear,0.0,law_order_vip_duty,11.5,29,22.7,0.783,44.9,0.249,90.2,9.0,1.0,0.0,1.0,1.0,2.0,-1.0,1,0.0,1.0,-1.0,0.23,-0.1,0,28.6,-0.822,0
PID103084,CRPF,Head Constable,6.8,True,with_family,nuclear,0.0,peace_training_static,6.8,32,28.2,0.881,50.4,0.139,87.2,29.1,1.0,1.0,0.0,2.0,2.0,0.0,0,1.0,3.0,-2.0,0.315,0.058,0,33.5,-0.407,0
PID103085,CRPF,Constable/GD,14.0,False,not_applicable_unmarried,n/a,0.0,counter_insurgency_jk_ne,11.7,32,21.8,0.681,58.7,0.31,58.4,33.7,1.0,0.0,1.0,3.0,1.0,2.0,0,0.0,0.0,0.0,0.434,0.084,0,43.2,0.496,0
PID103086,CRPF,Constable/GD,2.1,True,with_family,nuclear,0.0,law_order_vip_duty,20.3,29,23.6,0.814,50.4,0.315,72.8,19.0,2.0,1.0,1.0,2.0,2.0,0.0,1,0.0,0.0,0.0,0.015,-0.124,0,21.7,-0.72,0
PID103087,CRPF,Constable/GD,4.4,False,not_applicable_unmarried,n/a,0.0,law_order_vip_duty,2.0,30,22.6,0.753,52.1,0.119,82.3,22.0,0.0,0.0,0.0,2.0,3.0,-1.0,1,7.0,4.0,3.0,0.111,0.034,0,44.4,-0.538,0
PID103088,CRPF,Constable/GD,16.8,False,not_applicable_unmarried,n/a,0.0,counter_naxal_lwe,2.0,31,18.5,0.597,58.4,0.225,73.1,34.3,0.0,0.0,0.0,4.0,2.0,2.0,0,1.0,2.0,-1.0,0.434,0.145,0,0.0,0.627,0
PID103089,CRPF,ASI/SI,6.0,False,not_applicable_unmarried,n/a,0.0,peace_training_static,26.8,28,23.2,0.829,39.5,0.053,99.9,3.9,3.0,1.0,2.0,2.0,2.0,0.0,2,1.0,2.0,-1.0,0.635,0.069,1,39.5,-0.002,0
PID103090,CRPF,ASI/SI,35.0,False,not_applicable_unmarried,n/a,0.0,law_order_vip_duty,5.2,30,24.9,0.83,48.5,0.093,97.4,16.5,1.0,2.0,-1.0,2.0,2.0,0.0,3,1.0,1.0,0.0,0.008,-0.057,0,44.7,-0.845,0
PID103091,CRPF,ASI/SI,12.4,True,with_family,nuclear,0.0,peace_training_static,20.3,29,29.0,1.0,38.4,0.083,100.0,1.7,1.0,1.0,0.0,1.0,2.0,-1.0,1,3.0,0.0,3.0,0.286,0.021,0,25.5,-0.873,0
PID103092,CRPF,ASI/SI,3.2,True,with_family,nuclear,0.0,counter_naxal_lwe,9.0,30,16.8,0.56,56.6,0.385,70.3,35.2,0.0,2.0,-2.0,3.0,2.0,1.0,1,0.0,2.0,-2.0,0.218,0.077,1,55.9,-0.056,0
PID103093,CRPF,Inspector+,1.5,True,separated_hardship_posting,nuclear,1.507,peace_training_static,11.3,31,26.7,0.861,39.5,0.138,100.0,1.3,0.0,1.0,-1.0,1.0,2.0,-1.0,2,0.0,1.0,-1.0,0.0,-0.027,0,57.2,-1.007,0
PID103094,CRPF,Constable/GD,25.2,False,not_applicable_unmarried,n/a,0.0,counter_naxal_lwe,14.5,31,16.6,0.535,66.9,0.412,62.0,50.1,0.0,0.0,0.0,4.0,1.0,3.0,0,5.0,0.0,5.0,0.779,0.262,1,43.1,1.267,0
PID103095,CRPF,Constable/GD,12.4,True,with_family,nuclear,0.0,peace_training_static,8.5,28,27.6,0.986,40.9,0.142,89.6,10.5,1.0,0.0,1.0,3.0,2.0,1.0,1,0.0,1.0,-1.0,0.369,0.042,1,64.3,-0.212,0
PID103096,CRPF,Constable/GD,10.0,False,not_applicable_unmarried,n/a,0.0,counter_naxal_lwe,3.0,29,15.8,0.545,61.8,0.326,53.5,48.2,2.0,0.0,2.0,3.0,2.0,1.0,0,4.0,4.0,0.0,0.371,0.313,2,28.0,1.291,0
PID103097,CRPF,Constable/GD,12.4,True,separated_hardship_posting,nuclear,1.6,law_order_vip_duty,12.0,29,18.2,0.628,56.5,0.188,70.7,25.4,0.0,0.0,0.0,3.0,1.0,2.0,2,4.0,6.0,-2.0,0.206,-0.069,0,53.2,-0.056,0
PID103098,CRPF,Constable/GD,3.2,True,separated_hardship_posting,nuclear,5.987,counter_naxal_lwe,44.9,31,19.9,0.642,65.4,0.376,48.8,43.8,2.0,1.0,1.0,4.0,2.0,2.0,0,0.0,0.0,0.0,0.14,0.092,0,61.2,0.569,1
PID103099,CRPF,Constable/GD,11.0,True,separated_hardship_posting,nuclear,1.467,law_order_vip_duty,11.0,29,18.8,0.648,50.8,0.128,77.1,25.0,1.0,0.0,1.0,4.0,2.0,2.0,1,5.0,0.0,5.0,0.207,0.089,1,22.9,0.552,0
PID103100,CRPF,Inspector+,6.3,False,not_applicable_unmarried,n/a,0.0,counter_naxal_lwe,1.0,30,17.8,0.593,60.8,0.159,71.4,30.5,0.0,1.0,-1.0,2.0,2.0,0.0,0,1.0,2.0,-1.0,0.247,-0.144,0,41.2,-0.821,0
PID103101,CRPF,Constable/GD,10.6,True,with_family,nuclear,0.0,peace_training_static,3.5,29,20.5,0.707,46.7,0.143,83.6,10.3,1.0,3.0,-2.0,1.0,1.0,0.0,0,0.0,0.0,0.0,0.388,0.023,0,17.8,-0.609,0
PID103102,CRPF,Inspector+,8.4,True,with_family,joint,0.0,peace_training_static,21.1,29,26.4,0.91,54.4,0.134,82.7,13.8,0.0,1.0,-1.0,2.0,3.0,-1.0,3,0.0,1.0,-1.0,0.222,-0.151,0,52.5,-1.44,0
PID103103,CRPF,Head Constable,12.0,True,separated_hardship_posting,nuclear,2.347,counter_naxal_lwe,17.6,30,16.3,0.543,63.7,0.444,58.0,55.1,0.0,0.0,0.0,4.0,3.0,1.0,0,7.0,1.0,6.0,0.502,0.038,0,65.0,0.155,0
PID103104,CRPF,Head Constable,9.2,True,with_family,nuclear,0.0,peace_training_static,2.6,29,20.2,0.697,48.7,0.162,86.1,18.6,0.0,0.0,0.0,3.0,3.0,0.0,0,5.0,3.0,2.0,0.369,-0.035,0,31.8,-0.464,0
PID103105,CRPF,Head Constable,8.1,False,not_applicable_unmarried,n/a,0.0,law_order_vip_duty,14.7,28,22.0,0.786,61.1,0.239,59.6,41.6,1.0,0.0,1.0,4.0,3.0,1.0,3,1.0,0.0,1.0,0.342,0.092,0,39.5,0.178,0
PID103106,CRPF,Constable/GD,5.8,True,with_family,nuclear,0.0,counter_insurgency_jk_ne,3.8,28,13.5,0.482,59.1,0.281,62.5,39.5,0.0,0.0,0.0,3.0,3.0,0.0,0,2.0,3.0,-1.0,0.124,0.086,0,32.3,0.161,0
PID103107,CRPF,Head Constable,3.3,True,separated_hardship_posting,nuclear,2.88,counter_naxal_lwe,21.6,30,16.8,0.56,66.6,0.301,47.2,50.5,9.0,8.0,1.0,3.0,2.0,1.0,2,2.0,2.0,0.0,0.142,0.072,1,77.4,0.393,0
PID103108,CRPF,Constable/GD,2.8,True,with_family,nuclear,0.0,counter_naxal_lwe,5.1,28,14.2,0.507,63.9,0.333,63.8,43.4,3.0,2.0,1.0,3.0,1.0,2.0,2,4.0,3.0,1.0,0.186,0.154,0,26.4,0.916,0
PID103109,CRPF,ASI/SI,4.5,True,separated_hardship_posting,joint,0.75,counter_naxal_lwe,9.0,28,11.0,0.393,63.9,0.407,69.0,44.1,0.0,1.0,-1.0,1.0,1.0,0.0,0,3.0,3.0,0.0,0.847,0.221,1,26.3,0.521,0
PID103110,CRPF,Constable/GD,16.1,True,with_family,joint,0.0,counter_insurgency_jk_ne,9.0,32,16.1,0.503,54.1,0.328,72.4,26.3,0.0,0.0,0.0,3.0,3.0,0.0,0,1.0,0.0,1.0,0.32,0.075,0,48.4,0.103,0
PID103111,CRPF,Constable/GD,5.6,True,separated_hardship_posting,nuclear,2.053,counter_insurgency_jk_ne,15.4,32,16.3,0.509,53.5,0.356,72.5,22.5,0.0,1.0,-1.0,2.0,2.0,0.0,1,1.0,0.0,1.0,0.095,-0.12,0,38.7,-0.647,0
PID103112,CRPF,Head Constable,7.2,True,separated_hardship_posting,nuclear,2.84,counter_insurgency_jk_ne,21.3,30,20.9,0.697,56.0,0.306,67.0,45.0,0.0,0.0,0.0,5.0,4.0,1.0,1,0.0,2.0,-2.0,0.634,0.094,0,77.7,0.14,0
PID103113,CRPF,Head Constable,7.3,True,with_family,nuclear,0.0,peace_training_static,10.2,31,30.4,0.981,49.5,0.066,85.6,15.5,0.0,1.0,-1.0,2.0,3.0,-1.0,2,0.0,0.0,0.0,0.716,0.083,0,69.8,-0.818,0
PID103114,CRPF,Constable/GD,8.5,True,with_family,nuclear,0.0,counter_naxal_lwe,3.6,28,22.0,0.786,65.3,0.42,63.0,45.5,0.0,0.0,0.0,3.0,1.0,2.0,1,0.0,0.0,0.0,0.433,0.044,0,49.2,0.094,0
PID103115,CRPF,Head Constable,14.5,False,not_applicable_unmarried,n/a,0.0,peace_training_static,11.1,28,23.7,0.846,51.3,0.184,80.8,17.9,2.0,0.0,2.0,3.0,2.0,1.0,0,2.0,4.0,-2.0,0.28,0.04,0,54.0,0.106,0
PID103116,CRPF,Constable/GD,9.2,True,with_family,joint,0.0,peace_training_static,32.4,28,23.6,0.843,46.0,0.131,92.0,17.3,0.0,0.0,0.0,3.0,2.0,1.0,0,0.0,5.0,-5.0,0.624,0.104,0,51.0,-0.007,0
PID103117,CRPF,Head Constable,17.8,True,separated_hardship_posting,nuclear,6.4,law_order_vip_duty,48.0,28,21.4,0.764,54.2,0.253,82.1,27.3,2.0,1.0,1.0,2.0,2.0,0.0,0,1.0,3.0,-2.0,0.221,-0.085,0,55.7,-0.542,0
PID103118,CRPF,Constable/GD,4.6,True,with_family,nuclear,0.0,counter_insurgency_jk_ne,11.6,28,15.7,0.561,60.2,0.33,71.2,33.4,4.0,1.0,3.0,4.0,2.0,2.0,0,0.0,3.0,-3.0,0.298,0.043,0,47.9,0.827,0
PID103119,CRPF,Constable/GD,16.7,False,not_applicable_unmarried,n/a,0.0,counter_naxal_lwe,1.0,31,15.3,0.494,61.6,0.322,63.6,39.3,1.0,1.0,0.0,3.0,1.0,2.0,0,2.0,3.0,-1.0,0.424,0.023,0,24.9,0.383,0
PID103120,CRPF,Constable/GD,23.6,True,with_family,nuclear,0.0,peace_training_static,1.6,31,28.1,0.906,44.7,0.104,91.3,11.7,0.0,0.0,0.0,1.0,2.0,-1.0,2,2.0,2.0,0.0,0.306,-0.026,0,27.7,-0.902,0
PID103121,CRPF,Constable/GD,10.9,False,not_applicable_unmarried,n/a,0.0,law_order_vip_duty,3.2,31,25.4,0.819,46.1,0.165,84.4,13.2,0.0,0.0,0.0,2.0,3.0,-1.0,1,4.0,8.0,-4.0,0.271,-0.08,0,54.6,-0.96,0
PID103122,CRPF,Constable/GD,5.3,False,not_applicable_unmarried,n/a,0.0,peace_training_static,12.6,29,19.8,0.683,45.4,0.104,92.9,14.5,0.0,0.0,0.0,1.0,1.0,0.0,2,0.0,3.0,-3.0,0.128,0.005,0,32.5,-0.328,0
PID103123,CRPF,Constable/GD,14.7,False,not_applicable_unmarried,n/a,0.0,counter_naxal_lwe,5.9,29,14.2,0.49,61.6,0.412,57.3,55.7,7.0,7.0,0.0,3.0,2.0,1.0,0,5.0,1.0,4.0,0.834,0.332,4,60.1,1.107,0
PID103124,CRPF,Constable/GD,11.0,False,not_applicable_unmarried,n/a,0.0,counter_insurgency_jk_ne,20.4,29,13.2,0.455,62.5,0.35,63.4,40.6,3.0,2.0,1.0,4.0,3.0,1.0,0,0.0,2.0,-2.0,0.38,0.109,0,50.9,0.63,0
PID103125,CRPF,Constable/GD,13.2,True,separated_hardship_posting,nuclear,3.067,counter_insurgency_jk_ne,23.0,28,16.3,0.582,62.9,0.334,67.7,40.1,1.0,0.0,1.0,4.0,2.0,2.0,0,3.0,0.0,3.0,0.303,0.094,1,22.2,0.646,1
PID103126,CRPF,Constable/GD,18.1,False,not_applicable_unmarried,n/a,0.0,law_order_vip_duty,18.3,30,23.8,0.793,52.6,0.278,64.9,25.9,0.0,0.0,0.0,3.0,3.0,0.0,2,3.0,2.0,1.0,0.482,0.12,0,22.8,-0.113,0
PID103127,CRPF,Constable/GD,8.7,False,not_applicable_unmarried,n/a,0.0,law_order_vip_duty,1.7,30,25.9,0.863,60.3,0.198,58.6,36.3,1.0,1.0,0.0,2.0,2.0,0.0,0,0.0,0.0,0.0,0.565,-0.059,0,20.4,-0.737,0
PID103128,CRPF,Head Constable,7.9,True,separated_hardship_posting,nuclear,1.2,counter_naxal_lwe,9.0,29,14.6,0.503,62.8,0.28,63.5,31.0,0.0,1.0,-1.0,3.0,2.0,1.0,1,0.0,0.0,0.0,0.271,0.031,0,51.8,0.028,0
PID103129,CRPF,ASI/SI,35.0,True,separated_hardship_posting,joint,1.308,counter_naxal_lwe,15.7,29,16.3,0.562,66.1,0.341,61.7,52.0,0.0,0.0,0.0,3.0,1.0,2.0,0,0.0,1.0,-1.0,0.352,0.15,1,57.5,0.683,0
PID103130,CRPF,Constable/GD,14.8,False,not_applicable_unmarried,n/a,0.0,counter_naxal_lwe,3.5,30,11.5,0.383,61.6,0.345,64.2,34.7,1.0,3.0,-2.0,1.0,2.0,-1.0,1,1.0,2.0,-1.0,0.472,0.092,0,34.2,-0.223,0
PID103131,CRPF,ASI/SI,19.9,True,with_family,nuclear,0.0,counter_naxal_lwe,6.8,28,12.8,0.457,57.4,0.391,58.0,36.0,5.0,2.0,3.0,4.0,2.0,2.0,0,1.0,1.0,0.0,0.295,0.211,3,39.9,1.459,0
PID103132,CRPF,Constable/GD,17.5,False,not_applicable_unmarried,n/a,0.0,counter_naxal_lwe,3.8,30,17.1,0.57,60.3,0.381,67.8,40.7,0.0,1.0,-1.0,3.0,1.0,2.0,1,4.0,4.0,0.0,0.07,0.01,0,44.8,0.097,0
PID103133,CRPF,Constable/GD,20.0,True,with_family,nuclear,0.0,counter_naxal_lwe,1.1,29,11.9,0.41,67.9,0.411,64.3,56.7,0.0,0.0,0.0,4.0,2.0,2.0,1,2.0,2.0,0.0,0.693,0.214,2,53.1,1.06,0
PID103134,CRPF,Head Constable,13.5,False,not_applicable_unmarried,n/a,0.0,counter_naxal_lwe,8.8,31,20.8,0.671,60.9,0.229,62.6,33.3,1.0,1.0,0.0,3.0,1.0,2.0,0,1.0,0.0,1.0,0.394,0.107,0,34.8,0.424,0
PID103135,CRPF,Head Constable,18.7,True,separated_hardship_posting,joint,0.417,law_order_vip_duty,5.0,31,24.8,0.8,50.1,0.172,77.7,20.1,4.0,1.0,3.0,2.0,2.0,0.0,1,4.0,6.0,-2.0,0.716,0.012,1,46.5,0.017,0
PID103136,CRPF,ASI/SI,7.3,False,not_applicable_unmarried,n/a,0.0,law_order_vip_duty,6.4,29,19.0,0.655,52.0,0.215,78.4,25.6,2.0,1.0,1.0,3.0,2.0,1.0,1,1.0,0.0,1.0,0.132,-0.059,0,38.9,-0.118,0
PID103137,CRPF,Constable/GD,3.3,True,separated_hardship_posting,nuclear,0.133,counter_naxal_lwe,1.0,29,11.5,0.397,60.4,0.379,61.6,38.5,4.0,1.0,3.0,3.0,1.0,2.0,2,1.0,0.0,1.0,0.28,0.103,0,16.6,1.206,0
PID103138,CRPF,Head Constable,6.1,False,not_applicable_unmarried,n/a,0.0,counter_naxal_lwe,4.3,30,14.3,0.477,66.8,0.476,58.7,51.4,3.0,0.0,3.0,3.0,2.0,1.0,1,0.0,0.0,0.0,0.471,0.214,0,60.5,1.229,0
PID103139,CRPF,Constable/GD,10.1,True,separated_hardship_posting,nuclear,1.573,law_order_vip_duty,11.8,28,18.3,0.654,59.5,0.161,73.8,23.4,1.0,0.0,1.0,3.0,2.0,1.0,0,0.0,2.0,-2.0,0.174,-0.127,0,44.7,-0.322,1
PID103140,CRPF,Constable/GD,9.3,True,separated_hardship_posting,nuclear,2.96,counter_insurgency_jk_ne,22.2,28,13.1,0.468,58.0,0.257,68.2,31.4,1.0,0.0,1.0,5.0,2.0,3.0,0,1.0,2.0,-1.0,0.433,0.18,0,37.1,1.256,0
PID103141,CRPF,Constable/GD,11.1,True,with_family,nuclear,0.0,counter_naxal_lwe,14.8,28,11.2,0.4,64.2,0.325,56.8,51.5,0.0,1.0,-1.0,4.0,2.0,2.0,1,8.0,6.0,2.0,0.573,0.213,1,28.6,0.917,0
PID103142,CRPF,Inspector+,7.0,True,with_family,nuclear,0.0,counter_insurgency_jk_ne,12.1,29,16.7,0.576,61.9,0.255,56.5,45.0,1.0,3.0,-2.0,4.0,3.0,1.0,1,2.0,0.0,2.0,0.255,0.151,2,29.4,0.149,0
PID103143,CRPF,Constable/GD,2.3,False,not_applicable_unmarried,n/a,0.0,peace_training_static,3.9,30,29.2,0.973,46.4,0.067,98.5,6.7,1.0,1.0,0.0,1.0,2.0,-1.0,1,4.0,0.0,4.0,0.42,-0.024,0,18.3,-0.977,0
PID103144,CRPF,ASI/SI,8.6,True,with_family,nuclear,0.0,counter_naxal_lwe,1.4,29,13.8,0.476,58.5,0.353,69.3,32.1,0.0,1.0,-1.0,2.0,2.0,0.0,0,1.0,1.0,0.0,0.171,0.068,0,23.1,-0.04,0
PID103145,CRPF,Head Constable,4.2,True,with_family,joint,0.0,peace_training_static,4.9,30,28.3,0.943,44.4,0.179,87.5,11.9,0.0,1.0,-1.0,2.0,3.0,-1.0,0,1.0,3.0,-2.0,0.235,0.018,1,25.9,-0.969,0
PID103146,CRPF,Head Constable,10.8,False,not_applicable_unmarried,n/a,0.0,counter_naxal_lwe,2.2,31,16.1,0.519,63.6,0.357,60.4,37.4,1.0,0.0,1.0,3.0,2.0,1.0,0,0.0,1.0,-1.0,0.551,0.123,0,31.7,0.597,0
PID103147,CRPF,Head Constable,13.9,True,with_family,joint,0.0,counter_naxal_lwe,12.5,31,18.9,0.61,63.6,0.298,61.5,41.7,1.0,3.0,-2.0,2.0,2.0,0.0,1,0.0,2.0,-2.0,0.706,0.212,1,59.8,0.078,0
PID103148,CRPF,ASI/SI,8.5,True,with_family,joint,0.0,counter_naxal_lwe,31.5,30,14.1,0.47,54.8,0.338,59.6,33.3,2.0,0.0,2.0,3.0,3.0,0.0,2,0.0,2.0,-2.0,0.403,0.127,0,48.9,0.608,0
PID103149,CRPF,Constable/GD,5.1,True,with_family,nuclear,0.0,law_order_vip_duty,17.5,30,23.3,0.777,50.3,0.158,73.8,19.6,11.0,5.0,6.0,4.0,3.0,1.0,0,4.0,4.0,0.0,0.141,0.035,0,26.2,0.789,0
PID103150,CRPF,Constable/GD,11.4,True,separated_hardship_posting,nuclear,0.947,counter_insurgency_jk_ne,7.1,30,18.4,0.613,55.1,0.359,67.8,33.6,3.0,3.0,0.0,3.0,3.0,0.0,2,2.0,2.0,0.0,0.18,0.02,0,16.1,-0.197,0
PID103151,CRPF,Head Constable,35.0,False,not_applicable_unmarried,n/a,0.0,law_order_vip_duty,4.7,30,26.6,0.887,55.5,0.308,69.3,35.5,2.0,0.0,2.0,4.0,3.0,1.0,0,0.0,0.0,0.0,0.393,0.063,0,26.2,0.123,0
PID103152,CRPF,Constable/GD,14.8,True,with_family,nuclear,0.0,peace_training_static,9.4,31,29.6,0.955,43.2,0.024,95.4,0.0,3.0,2.0,1.0,1.0,2.0,-1.0,0,0.0,0.0,0.0,0.136,-0.03,0,61.7,-0.819,0
PID103153,CRPF,Constable/GD,15.4,True,separated_hardship_posting,nuclear,0.427,counter_insurgency_jk_ne,3.2,30,18.8,0.627,56.2,0.314,79.8,35.8,7.0,7.0,0.0,2.0,2.0,0.0,0,0.0,2.0,-2.0,0.493,0.081,0,50.0,-0.03,0
PID103154,CRPF,Constable/GD,7.9,True,with_family,nuclear,0.0,counter_naxal_lwe,31.1,29,11.5,0.397,60.0,0.303,64.2,44.1,0.0,0.0,0.0,4.0,3.0,1.0,0,0.0,1.0,-1.0,0.557,0.178,0,37.3,0.754,0
PID103155,CRPF,Constable/GD,6.4,False,not_applicable_unmarried,n/a,0.0,law_order_vip_duty,37.6,32,22.4,0.7,55.2,0.224,69.7,40.8,0.0,1.0,-1.0,3.0,1.0,2.0,1,1.0,0.0,1.0,0.038,-0.047,0,39.7,-0.231,0
PID103156,CRPF,Constable/GD,20.0,True,with_family,joint,0.0,counter_naxal_lwe,11.1,32,15.2,0.475,65.9,0.345,58.0,48.8,2.0,0.0,2.0,4.0,2.0,2.0,0,1.0,1.0,0.0,0.56,0.223,1,57.2,1.317,0
PID103157,CRPF,Constable/GD,1.7,False,not_applicable_unmarried,n/a,0.0,law_order_vip_duty,12.1,32,21.5,0.672,54.0,0.14,70.6,33.2,3.0,3.0,0.0,1.0,2.0,-1.0,0,1.0,0.0,1.0,0.136,-0.053,0,39.7,-0.7,0
PID103158,CRPF,ASI/SI,6.8,True,with_family,nuclear,0.0,peace_training_static,21.9,32,28.8,0.9,50.4,0.193,81.8,25.9,2.0,7.0,-5.0,1.0,2.0,-1.0,1,2.0,2.0,0.0,0.218,0.198,0,74.0,-0.993,0
PID103159,CRPF,Constable/GD,26.6,True,with_family,nuclear,0.0,counter_insurgency_jk_ne,9.5,29,18.1,0.624,62.9,0.291,58.8,43.4,0.0,0.0,0.0,3.0,2.0,1.0,0,4.0,7.0,-3.0,0.374,0.12,2,41.2,0.305,0
PID103160,CRPF,Inspector+,10.4,False,not_applicable_unmarried,n/a,0.0,counter_naxal_lwe,2.3,32,18.4,0.575,54.8,0.322,72.2,25.7,0.0,0.0,0.0,3.0,3.0,0.0,0,1.0,0.0,1.0,0.688,0.048,0,26.0,-0.066,0
PID103161,CRPF,Inspector+,3.6,True,with_family,nuclear,0.0,counter_insurgency_jk_ne,17.7,31,22.4,0.723,60.4,0.307,64.2,43.5,0.0,0.0,0.0,5.0,2.0,3.0,1,1.0,1.0,0.0,0.224,-0.084,0,9.7,-0.003,0
PID103162,CRPF,Constable/GD,14.1,True,separated_hardship_posting,nuclear,0.587,counter_naxal_lwe,4.4,32,19.1,0.597,60.5,0.298,64.7,39.9,3.0,3.0,0.0,3.0,2.0,1.0,0,1.0,2.0,-1.0,0.472,0.232,1,46.6,0.675,0
PID103163,CRPF,Head Constable,8.5,True,with_family,nuclear,0.0,counter_naxal_lwe,8.2,28,11.7,0.418,57.0,0.339,71.5,43.6,4.0,0.0,4.0,3.0,1.0,2.0,0,2.0,4.0,-2.0,0.924,0.075,1,36.9,1.25,0
PID103164,CRPF,Head Constable,3.0,False,not_applicable_unmarried,n/a,0.0,counter_insurgency_jk_ne,12.9,28,17.4,0.621,56.7,0.19,78.4,31.9,0.0,4.0,-4.0,1.0,2.0,-1.0,3,5.0,2.0,3.0,0.033,-0.151,0,25.9,-1.551,0
PID103165,CRPF,Head Constable,12.6,True,with_family,nuclear,0.0,counter_naxal_lwe,1.0,28,17.2,0.614,64.9,0.209,76.4,42.9,0.0,0.0,0.0,5.0,1.0,4.0,1,1.0,2.0,-1.0,0.448,0.1,2,50.4,0.897,0
PID103166,CRPF,Constable/GD,11.5,True,separated_hardship_posting,nuclear,2.6,counter_naxal_lwe,19.5,32,21.4,0.669,67.8,0.292,61.9,43.8,0.0,0.0,0.0,3.0,2.0,1.0,0,0.0,0.0,0.0,0.367,-0.088,0,44.1,-0.377,0
PID103167,CRPF,Constable/GD,11.1,True,separated_hardship_posting,nuclear,5.853,law_order_vip_duty,43.9,29,21.3,0.734,46.6,0.188,83.8,17.7,2.0,2.0,0.0,2.0,2.0,0.0,0,7.0,6.0,1.0,0.39,0.011,0,33.1,-0.371,0
PID103168,CRPF,Constable/GD,14.7,False,not_applicable_unmarried,n/a,0.0,counter_insurgency_jk_ne,2.5,28,16.4,0.586,60.5,0.195,65.9,25.7,0.0,0.0,0.0,3.0,3.0,0.0,0,0.0,1.0,-1.0,0.252,-0.021,0,44.6,-0.287,0
PID103169,CRPF,Head Constable,4.9,True,with_family,nuclear,0.0,counter_insurgency_jk_ne,13.7,31,21.8,0.703,65.9,0.27,62.8,46.7,0.0,0.0,0.0,4.0,2.0,2.0,1,0.0,3.0,-3.0,0.0,-0.067,0,37.9,-0.14,0
PID103170,CRPF,Inspector+,13.3,True,with_family,joint,0.0,peace_training_static,26.5,31,28.4,0.916,53.3,0.088,90.6,24.7,4.0,2.0,2.0,2.0,2.0,0.0,1,2.0,2.0,0.0,0.165,-0.028,0,53.9,-0.4,0
PID103171,CRPF,Head Constable,12.0,True,with_family,nuclear,0.0,counter_naxal_lwe,1.8,32,12.8,0.4,48.2,0.346,82.3,30.2,1.0,3.0,-2.0,3.0,3.0,0.0,0,4.0,1.0,3.0,0.542,0.109,0,41.4,0.022,0
PID103172,CRPF,Head Constable,19.8,True,with_family,nuclear,0.0,counter_naxal_lwe,1.0,30,11.1,0.37,70.7,0.387,46.5,54.6,2.0,0.0,2.0,4.0,1.0,3.0,3,1.0,1.0,0.0,0.786,0.336,1,34.3,2.001,1
PID103173,CRPF,Inspector+,6.8,True,with_family,joint,0.0,peace_training_static,2.1,31,31.0,1.0,49.8,0.223,83.0,11.9,6.0,5.0,1.0,2.0,3.0,-1.0,0,5.0,5.0,0.0,0.011,-0.066,0,58.7,-0.983,0
PID103174,CRPF,Head Constable,21.7,False,not_applicable_unmarried,n/a,0.0,counter_naxal_lwe,22.5,31,11.9,0.384,52.8,0.376,72.2,28.6,1.0,1.0,0.0,3.0,3.0,0.0,0,2.0,2.0,0.0,0.789,0.181,0,24.0,0.566,0
PID103175,CRPF,Constable/GD,17.3,True,with_family,nuclear,0.0,peace_training_static,22.7,31,27.4,0.884,42.9,0.061,100.0,4.4,0.0,1.0,-1.0,1.0,1.0,0.0,0,0.0,0.0,0.0,0.519,0.076,0,18.9,-0.51,0
PID103176,CRPF,ASI/SI,10.2,True,with_family,joint,0.0,law_order_vip_duty,39.4,30,25.1,0.837,57.0,0.26,72.7,34.1,0.0,3.0,-3.0,1.0,3.0,-2.0,0,1.0,1.0,0.0,0.036,-0.031,1,31.0,-1.51,0
PID103177,CRPF,Constable/GD,11.1,True,with_family,nuclear,0.0,counter_insurgency_jk_ne,4.9,28,11.5,0.411,59.4,0.384,64.9,30.0,7.0,3.0,4.0,3.0,2.0,1.0,1,2.0,3.0,-1.0,0.342,0.033,0,13.2,0.918,0
PID103178,CRPF,Constable/GD,1.8,True,separated_hardship_posting,joint,0.617,counter_naxal_lwe,7.4,28,12.2,0.436,59.7,0.283,59.9,38.1,0.0,0.0,0.0,4.0,1.0,3.0,1,0.0,1.0,-1.0,0.293,0.039,1,17.0,0.717,0
PID103179,CRPF,Constable/GD,10.9,True,separated_hardship_posting,nuclear,0.893,counter_naxal_lwe,6.7,32,13.9,0.434,62.3,0.286,68.8,34.0,5.0,1.0,4.0,4.0,1.0,3.0,0,3.0,4.0,-1.0,0.2,0.117,0,36.4,1.57,0
PID103180,CRPF,ASI/SI,16.6,True,with_family,joint,0.0,peace_training_static,3.6,28,28.0,1.0,48.2,0.035,81.2,21.4,4.0,5.0,-1.0,2.0,1.0,1.0,1,6.0,4.0,2.0,0.157,-0.046,0,40.9,-0.805,0
PID103181,CRPF,Constable/GD,9.2,True,with_family,joint,0.0,counter_naxal_lwe,29.9,28,21.5,0.768,59.7,0.316,66.2,26.4,2.0,2.0,0.0,3.0,2.0,1.0,1,0.0,1.0,-1.0,0.27,-0.017,0,36.0,-0.282,0
PID103182,CRPF,Constable/GD,19.8,False,not_applicable_unmarried,n/a,0.0,law_order_vip_duty,18.8,32,21.8,0.681,51.5,0.242,74.4,30.5,0.0,0.0,0.0,2.0,1.0,1.0,0,0.0,1.0,-1.0,0.556,0.036,0,47.6,-0.017,0
PID103183,CRPF,Constable/GD,14.2,True,with_family,joint,0.0,peace_training_static,14.7,32,30.5,0.953,49.6,0.209,77.4,20.9,1.0,1.0,0.0,2.0,1.0,1.0,1,0.0,2.0,-2.0,0.212,0.071,0,33.0,-0.24,0
PID103184,CRPF,Constable/GD,31.0,True,with_family,nuclear,0.0,law_order_vip_duty,7.7,30,23.4,0.78,49.2,0.274,82.4,11.8,0.0,1.0,-1.0,1.0,2.0,-1.0,0,6.0,2.0,4.0,0.258,0.012,0,11.5,-0.79,0
PID103185,CRPF,Constable/GD,7.1,False,not_applicable_unmarried,n/a,0.0,counter_naxal_lwe,5.8,28,14.6,0.521,56.6,0.373,66.8,44.9,1.0,1.0,0.0,3.0,3.0,0.0,1,4.0,1.0,3.0,0.383,0.061,0,51.2,0.038,0
PID103186,CRPF,Head Constable,15.7,True,separated_hardship_posting,nuclear,0.32,law_order_vip_duty,2.4,30,17.6,0.587,49.5,0.223,66.3,31.6,0.0,0.0,0.0,3.0,1.0,2.0,1,0.0,1.0,-1.0,0.09,-0.037,0,38.8,0.091,0
PID103187,CRPF,ASI/SI,4.3,True,with_family,joint,0.0,law_order_vip_duty,6.8,28,27.9,0.996,48.4,0.243,79.9,27.2,1.0,3.0,-2.0,3.0,2.0,1.0,0,1.0,1.0,0.0,0.14,-0.099,0,50.5,-1.114,0
PID103188,CRPF,Constable/GD,9.7,True,separated_hardship_posting,nuclear,6.4,counter_naxal_lwe,48.0,29,10.5,0.362,59.6,0.377,61.0,41.6,1.0,1.0,0.0,3.0,2.0,1.0,0,1.0,1.0,0.0,0.681,0.272,0,49.4,1.081,0
PID103189,CRPF,Constable/GD,14.7,False,not_applicable_unmarried,n/a,0.0,peace_training_static,3.3,30,27.6,0.92,39.1,0.198,99.6,2.7,0.0,1.0,-1.0,1.0,3.0,-2.0,0,0.0,0.0,0.0,0.302,-0.008,0,56.2,-1.234,0
PID103190,CRPF,Constable/GD,16.3,True,separated_hardship_posting,joint,0.125,counter_naxal_lwe,1.5,32,15.7,0.491,62.9,0.349,53.4,45.9,0.0,0.0,0.0,3.0,2.0,1.0,0,1.0,6.0,-5.0,0.577,0.227,0,26.7,0.789,0
PID103191,CRPF,Constable/GD,8.8,True,with_family,nuclear,0.0,peace_training_static,1.0,28,28.0,1.0,49.5,0.136,95.6,17.6,1.0,6.0,-5.0,2.0,3.0,-1.0,0,5.0,3.0,2.0,0.397,0.118,0,22.2,-1.354,0
PID103192,CRPF,Head Constable,21.0,True,separated_hardship_posting,joint,0.4,counter_naxal_lwe,4.8,31,19.6,0.632,58.8,0.325,71.5,33.4,1.0,1.0,0.0,4.0,2.0,2.0,2,3.0,1.0,2.0,0.0,-0.054,0,38.6,-0.015,0
PID103193,CRPF,Head Constable,23.5,True,with_family,joint,0.0,counter_naxal_lwe,48.0,28,12.5,0.446,59.4,0.357,62.7,35.6,0.0,0.0,0.0,4.0,3.0,1.0,1,0.0,1.0,-1.0,0.417,0.256,0,37.8,0.931,0
PID103194,CRPF,Head Constable,7.2,True,separated_hardship_posting,nuclear,0.32,law_order_vip_duty,2.4,30,20.1,0.67,51.3,0.205,76.9,25.9,1.0,1.0,0.0,2.0,1.0,1.0,1,4.0,2.0,2.0,0.143,0.073,0,58.7,0.108,0
PID103195,CRPF,Constable/GD,9.9,True,with_family,nuclear,0.0,counter_naxal_lwe,1.0,31,12.4,0.4,58.4,0.279,64.8,37.0,5.0,3.0,2.0,3.0,1.0,2.0,0,3.0,3.0,0.0,0.348,0.196,4,47.7,1.328,0
PID103196,CRPF,Head Constable,9.3,False,not_applicable_unmarried,n/a,0.0,counter_naxal_lwe,16.6,28,16.0,0.571,65.9,0.402,57.3,53.9,5.0,2.0,3.0,5.0,3.0,2.0,0,4.0,2.0,2.0,0.364,0.223,2,42.2,1.358,0
PID103197,CRPF,Constable/GD,7.9,False,not_applicable_unmarried,n/a,0.0,counter_naxal_lwe,2.3,31,19.2,0.619,58.4,0.439,57.5,50.2,3.0,3.0,0.0,5.0,2.0,3.0,1,5.0,2.0,3.0,0.334,0.2,0,21.8,0.981,0
PID103198,CRPF,Constable/GD,22.7,True,with_family,joint,0.0,peace_training_static,13.5,32,27.5,0.859,43.9,0.118,90.3,14.2,0.0,0.0,0.0,1.0,1.0,0.0,1,13.0,14.0,-1.0,0.564,0.008,0,29.4,-0.531,0
PID103199,CRPF,ASI/SI,22.5,True,with_family,nuclear,0.0,counter_naxal_lwe,4.7,29,15.2,0.524,58.9,0.37,57.9,35.2,0.0,0.0,0.0,3.0,2.0,1.0,1,0.0,0.0,0.0,0.163,-0.009,0,15.8,0.038,0
PID103200,CRPF,Head Constable,9.5,True,with_family,nuclear,0.0,law_order_vip_duty,2.7,31,29.0,0.935,56.0,0.272,75.8,30.5,1.0,3.0,-2.0,1.0,2.0,-1.0,1,3.0,3.0,0.0,0.242,0.008,0,27.7,-1.144,0
PID103201,CRPF,ASI/SI,15.7,True,separated_hardship_posting,nuclear,1.8,law_order_vip_duty,13.5,30,25.3,0.843,51.1,0.211,80.4,24.5,1.0,1.0,0.0,2.0,2.0,0.0,0,5.0,4.0,1.0,0.099,-0.126,0,42.8,-0.916,0
PID103202,CRPF,ASI/SI,19.6,True,separated_hardship_posting,joint,0.233,counter_insurgency_jk_ne,2.8,32,23.2,0.725,66.0,0.311,56.2,50.9,1.0,0.0,1.0,3.0,2.0,1.0,1,9.0,5.0,4.0,0.119,0.012,1,46.8,0.011,1
PID103203,CRPF,Head Constable,12.7,True,separated_hardship_posting,nuclear,0.64,counter_naxal_lwe,4.8,30,9.8,0.327,63.4,0.337,59.3,48.5,0.0,1.0,-1.0,4.0,1.0,3.0,1,4.0,1.0,3.0,0.314,0.135,0,49.6,0.984,0
PID103204,CRPF,ASI/SI,9.1,False,not_applicable_unmarried,n/a,0.0,counter_naxal_lwe,25.9,32,19.2,0.6,66.6,0.317,53.9,47.9,0.0,0.0,0.0,3.0,2.0,1.0,0,2.0,0.0,2.0,0.12,0.074,0,51.5,0.194,0
PID103205,CRPF,Constable/GD,6.8,True,with_family,joint,0.0,peace_training_static,20.5,28,26.0,0.929,44.7,0.151,90.7,9.2,1.0,0.0,1.0,2.0,1.0,1.0,1,1.0,0.0,1.0,0.237,-0.034,0,48.5,-0.372,0
PID103206,CRPF,Constable/GD,16.6,True,separated_hardship_posting,nuclear,0.133,law_order_vip_duty,1.0,29,18.0,0.621,48.2,0.251,73.4,27.6,0.0,1.0,-1.0,3.0,3.0,0.0,3,0.0,4.0,-4.0,0.144,-0.153,0,31.0,-0.882,0
PID103207,CRPF,Constable/GD,4.5,False,not_applicable_unmarried,n/a,0.0,peace_training_static,1.0,30,23.9,0.797,45.9,0.175,91.9,15.2,4.0,4.0,0.0,2.0,2.0,0.0,0,1.0,3.0,-2.0,0.324,-0.06,0,28.5,-0.661,0
PID103208,CRPF,Constable/GD,9.2,True,separated_hardship_posting,nuclear,0.307,law_order_vip_duty,2.3,32,23.3,0.728,49.3,0.22,82.0,22.0,0.0,0.0,0.0,2.0,1.0,1.0,0,2.0,6.0,-4.0,0.185,0.003,0,59.5,-0.173,0
PID103209,CRPF,Constable/GD,8.2,False,not_applicable_unmarried,n/a,0.0,peace_training_static,29.8,31,23.9,0.771,38.0,0.048,95.4,0.0,1.0,0.0,1.0,1.0,1.0,0.0,0,4.0,4.0,0.0,0.105,-0.122,0,34.2,-0.662,0
PID103210,CRPF,Constable/GD,4.3,False,not_applicable_unmarried,n/a,0.0,peace_training_static,15.9,29,23.7,0.817,50.1,0.186,85.0,30.2,1.0,0.0,1.0,2.0,2.0,0.0,0,2.0,0.0,2.0,0.13,-0.048,0,34.8,-0.495,0
PID103211,CRPF,Head Constable,10.4,True,with_family,joint,0.0,counter_insurgency_jk_ne,3.7,32,17.8,0.556,58.1,0.256,72.2,34.4,2.0,1.0,1.0,3.0,2.0,1.0,0,0.0,0.0,0.0,0.413,0.088,0,38.2,0.444,0
PID103212,CRPF,Head Constable,9.8,True,with_family,joint,0.0,peace_training_static,6.3,31,29.6,0.955,43.2,0.075,87.2,8.3,0.0,0.0,0.0,1.0,1.0,0.0,1,2.0,3.0,-1.0,0.0,-0.093,0,17.6,-0.951,0
PID103213,CRPF,Head Constable,5.9,True,separated_hardship_posting,nuclear,1.867,counter_naxal_lwe,14.0,30,14.4,0.48,63.5,0.318,69.3,42.5,0.0,0.0,0.0,2.0,3.0,-1.0,0,2.0,2.0,0.0,0.453,0.087,0,37.3,-0.048,0
PID103214,CRPF,Constable/GD,22.2,False,not_applicable_unmarried,n/a,0.0,counter_naxal_lwe,13.4,29,14.6,0.503,62.2,0.245,50.8,41.7,1.0,5.0,-4.0,2.0,2.0,0.0,2,0.0,0.0,0.0,0.48,0.124,1,16.5,-0.366,0
PID103215,CRPF,Head Constable,16.6,True,separated_hardship_posting,joint,0.125,counter_insurgency_jk_ne,1.5,31,21.7,0.7,63.6,0.287,69.1,34.0,1.0,1.0,0.0,3.0,1.0,2.0,0,2.0,1.0,1.0,0.494,0.09,0,49.4,0.337,0
PID103216,CRPF,Constable/GD,11.2,False,not_applicable_unmarried,n/a,0.0,counter_insurgency_jk_ne,7.5,32,13.9,0.434,59.7,0.337,63.9,40.8,3.0,4.0,-1.0,3.0,3.0,0.0,0,0.0,3.0,-3.0,0.832,0.264,0,33.4,0.602,0
PID103217,CRPF,Constable/GD,18.1,True,with_family,nuclear,0.0,counter_insurgency_jk_ne,5.9,30,18.7,0.623,57.4,0.274,75.8,24.8,1.0,1.0,0.0,3.0,3.0,0.0,0,3.0,4.0,-1.0,0.146,0.044,0,31.3,-0.136,0
PID103218,CRPF,Constable/GD,20.5,False,not_applicable_unmarried,n/a,0.0,counter_insurgency_jk_ne,11.3,32,20.4,0.638,60.8,0.38,70.6,40.5,4.0,4.0,0.0,3.0,2.0,1.0,1,4.0,1.0,3.0,0.286,0.204,0,11.2,0.54,0
PID103219,CRPF,Constable/GD,22.8,True,with_family,nuclear,0.0,counter_insurgency_jk_ne,5.1,31,19.9,0.642,57.9,0.377,62.7,31.0,1.0,2.0,-1.0,2.0,2.0,0.0,1,0.0,2.0,-2.0,0.288,0.177,0,44.8,0.089,0
PID103220,CRPF,Constable/GD,7.1,False,not_applicable_unmarried,n/a,0.0,peace_training_static,7.4,28,23.7,0.846,46.7,0.173,83.4,5.4,4.0,3.0,1.0,1.0,1.0,0.0,0,0.0,0.0,0.0,0.167,0.038,0,75.9,-0.27,0
PID103221,CRPF,ASI/SI,18.1,True,with_family,joint,0.0,counter_naxal_lwe,27.4,31,13.9,0.448,66.9,0.234,62.9,46.9,1.0,4.0,-3.0,2.0,1.0,1.0,0,4.0,3.0,1.0,0.358,0.115,1,31.4,0.04,0
PID103222,CRPF,Head Constable,9.8,True,with_family,nuclear,0.0,counter_naxal_lwe,6.8,30,21.1,0.703,57.3,0.436,56.7,36.1,0.0,3.0,-3.0,2.0,2.0,0.0,1,1.0,2.0,-1.0,0.037,-0.002,0,39.3,-0.834,0
PID103223,CRPF,Head Constable,12.4,False,not_applicable_unmarried,n/a,0.0,law_order_vip_duty,17.4,30,19.9,0.663,48.5,0.206,80.4,21.9,0.0,2.0,-2.0,1.0,1.0,0.0,0,0.0,0.0,0.0,0.259,0.0,0,63.7,-0.625,0
PID103224,CRPF,Constable/GD,7.3,True,separated_hardship_posting,nuclear,2.013,law_order_vip_duty,15.1,31,19.9,0.642,50.3,0.321,73.3,27.7,1.0,0.0,1.0,3.0,2.0,1.0,1,0.0,3.0,-3.0,0.172,0.049,0,75.5,0.224,0
PID103225,CRPF,ASI/SI,10.9,True,with_family,joint,0.0,peace_training_static,1.0,28,25.3,0.904,44.9,0.084,84.1,12.2,4.0,4.0,0.0,1.0,1.0,0.0,1,0.0,0.0,0.0,0.22,-0.134,0,21.9,-1.012,0
PID103226,CRPF,Head Constable,18.2,False,not_applicable_unmarried,n/a,0.0,counter_naxal_lwe,17.2,32,15.4,0.481,66.6,0.342,54.2,45.8,1.0,1.0,0.0,2.0,2.0,0.0,1,1.0,0.0,1.0,0.423,0.125,2,58.2,0.281,0
PID103227,CRPF,Constable/GD,26.0,False,not_applicable_unmarried,n/a,0.0,counter_naxal_lwe,16.0,32,20.8,0.65,56.3,0.355,72.4,33.6,0.0,1.0,-1.0,3.0,4.0,-1.0,0,5.0,6.0,-1.0,0.503,0.046,0,0.0,-0.531,0
PID103228,CRPF,Head Constable,10.3,True,with_family,nuclear,0.0,peace_training_static,13.1,32,28.0,0.875,45.9,0.064,95.0,5.9,0.0,1.0,-1.0,2.0,1.0,1.0,0,3.0,1.0,2.0,0.337,0.029,0,0.0,-0.428,0
PID103229,CRPF,Constable/GD,6.0,True,separated_hardship_posting,joint,2.308,counter_naxal_lwe,27.7,31,20.6,0.665,59.8,0.253,67.0,40.8,1.0,4.0,-3.0,3.0,2.0,1.0,0,2.0,1.0,1.0,0.288,0.056,1,13.2,-0.401,0
PID103230,CRPF,Constable/GD,28.1,True,separated_hardship_posting,nuclear,3.067,law_order_vip_duty,23.0,29,23.1,0.797,58.8,0.076,76.7,24.9,2.0,1.0,1.0,4.0,1.0,3.0,1,0.0,0.0,0.0,0.268,-0.092,1,34.4,0.04,0
PID103231,CRPF,Constable/GD,6.9,True,separated_hardship_posting,nuclear,2.32,counter_naxal_lwe,17.4,31,15.9,0.513,65.5,0.527,49.0,53.4,1.0,1.0,0.0,3.0,3.0,0.0,1,1.0,1.0,0.0,0.264,0.176,0,10.0,0.395,0
PID103232,CRPF,Constable/GD,3.3,True,with_family,nuclear,0.0,counter_insurgency_jk_ne,18.4,29,20.7,0.714,59.0,0.2,60.5,39.0,1.0,0.0,1.0,3.0,2.0,1.0,0,1.0,1.0,0.0,0.131,-0.046,0,59.7,-0.149,0
PID103233,CRPF,Constable/GD,7.7,True,with_family,nuclear,0.0,peace_training_static,1.2,30,25.0,0.833,49.9,0.021,82.2,12.1,0.0,2.0,-2.0,2.0,4.0,-2.0,0,1.0,1.0,0.0,0.0,-0.034,0,40.6,-1.36,0
PID103234,CRPF,Constable/GD,1.9,True,with_family,nuclear,0.0,counter_insurgency_jk_ne,42.2,32,18.2,0.569,52.7,0.334,78.4,19.5,1.0,1.0,0.0,2.0,1.0,1.0,0,0.0,0.0,0.0,0.203,0.142,0,49.3,0.439,0
PID103235,CRPF,Constable/GD,19.9,True,with_family,nuclear,0.0,counter_naxal_lwe,7.4,28,17.0,0.607,70.1,0.265,63.5,42.6,2.0,1.0,1.0,4.0,3.0,1.0,0,1.0,2.0,-1.0,0.043,-0.063,0,34.8,-0.071,0
PID103236,CRPF,Inspector+,2.8,False,not_applicable_unmarried,n/a,0.0,law_order_vip_duty,46.5,30,23.2,0.773,48.6,0.123,80.5,22.6,1.0,0.0,1.0,3.0,2.0,1.0,0,1.0,3.0,-2.0,0.419,0.005,0,31.1,-0.067,0
PID103237,CRPF,Constable/GD,6.6,True,separated_hardship_posting,nuclear,6.4,counter_naxal_lwe,48.0,30,14.5,0.483,67.0,0.178,69.9,40.9,3.0,3.0,0.0,4.0,3.0,1.0,1,1.0,1.0,0.0,0.299,0.181,2,38.7,0.66,1
PID103238,CRPF,Constable/GD,5.0,True,separated_hardship_posting,nuclear,0.133,counter_naxal_lwe,1.0,32,13.0,0.406,64.2,0.368,51.5,49.4,2.0,1.0,1.0,4.0,2.0,2.0,0,3.0,5.0,-2.0,0.361,0.272,0,69.2,1.395,0
PID103239,CRPF,Constable/GD,11.8,False,not_applicable_unmarried,n/a,0.0,counter_insurgency_jk_ne,1.0,30,17.9,0.597,59.1,0.236,66.4,36.5,1.0,5.0,-4.0,2.0,1.0,1.0,0,0.0,2.0,-2.0,0.435,0.077,0,43.0,-0.41,0
PID103240,CRPF,ASI/SI,26.0,False,not_applicable_unmarried,n/a,0.0,counter_insurgency_jk_ne,12.8,29,15.2,0.524,62.9,0.339,60.5,52.4,2.0,0.0,2.0,3.0,2.0,1.0,0,2.0,2.0,0.0,0.481,0.163,1,42.4,0.864,0
PID103241,CRPF,Head Constable,14.4,True,separated_hardship_posting,nuclear,1.88,law_order_vip_duty,14.1,29,21.8,0.752,56.0,0.215,72.2,19.4,1.0,0.0,1.0,2.0,2.0,0.0,0,1.0,2.0,-1.0,0.3,0.091,0,24.2,0.003,0
PID103242,CRPF,ASI/SI,4.5,False,not_applicable_unmarried,n/a,0.0,counter_insurgency_jk_ne,21.9,29,16.1,0.555,58.4,0.305,63.4,36.5,1.0,1.0,0.0,2.0,2.0,0.0,0,5.0,4.0,1.0,0.52,0.074,0,24.9,0.036,0
PID103243,CRPF,Constable/GD,33.6,True,separated_hardship_posting,nuclear,3.2,counter_insurgency_jk_ne,24.0,28,14.6,0.521,56.3,0.273,71.9,32.0,1.0,0.0,1.0,3.0,3.0,0.0,1,1.0,4.0,-3.0,0.427,0.154,1,29.8,0.474,1
PID103244,CRPF,Constable/GD,13.4,True,with_family,nuclear,0.0,counter_naxal_lwe,12.6,31,16.2,0.523,62.5,0.333,66.6,41.2,0.0,0.0,0.0,3.0,1.0,2.0,0,1.0,0.0,1.0,0.578,0.208,0,49.2,0.907,0
PID103245,CRPF,Head Constable,18.8,True,with_family,joint,0.0,peace_training_static,3.9,31,27.7,0.894,45.6,0.066,82.5,16.1,0.0,1.0,-1.0,2.0,2.0,0.0,0,6.0,3.0,3.0,0.509,-0.016,0,44.9,-0.799,0
PID103246,CRPF,Constable/GD,3.8,True,separated_hardship_posting,joint,0.083,counter_naxal_lwe,1.0,28,17.5,0.625,63.4,0.302,62.9,46.4,5.0,0.0,5.0,4.0,2.0,2.0,1,5.0,4.0,1.0,0.664,0.202,0,10.4,1.536,0
PID103247,CRPF,ASI/SI,30.5,True,with_family,nuclear,0.0,peace_training_static,2.5,30,28.3,0.943,50.1,0.054,92.5,12.7,0.0,0.0,0.0,2.0,2.0,0.0,0,0.0,0.0,0.0,0.13,-0.103,0,46.7,-0.966,0
PID103248,CRPF,ASI/SI,8.7,True,with_family,nuclear,0.0,counter_naxal_lwe,17.5,31,23.3,0.752,63.9,0.441,53.6,40.8,0.0,0.0,0.0,3.0,2.0,1.0,0,1.0,1.0,0.0,0.228,0.091,1,50.8,0.063,0
PID103249,CRPF,Constable/GD,3.6,False,not_applicable_unmarried,n/a,0.0,counter_naxal_lwe,28.2,31,17.5,0.565,62.7,0.326,58.7,55.9,0.0,0.0,0.0,3.0,3.0,0.0,1,2.0,2.0,0.0,0.171,0.021,1,48.8,-0.134,0
PID103250,CRPF,Inspector+,12.6,True,with_family,joint,0.0,law_order_vip_duty,8.1,28,19.0,0.679,49.4,0.084,81.2,16.8,8.0,6.0,2.0,3.0,2.0,1.0,0,4.0,2.0,2.0,0.245,0.089,0,48.6,0.454,0
PID103251,CRPF,Head Constable,18.8,True,separated_hardship_posting,nuclear,0.507,counter_insurgency_jk_ne,3.8,28,16.3,0.582,59.3,0.316,78.1,35.1,0.0,0.0,0.0,2.0,1.0,1.0,1,3.0,1.0,2.0,0.758,0.248,1,48.9,0.741,0
PID103252,CRPF,Constable/GD,15.7,True,separated_hardship_posting,nuclear,0.133,law_order_vip_duty,1.0,28,22.7,0.811,45.2,0.172,96.4,17.7,3.0,0.0,3.0,2.0,2.0,0.0,0,0.0,1.0,-1.0,0.559,0.016,0,45.5,0.014,0
PID103253,CRPF,Constable/GD,15.5,True,with_family,joint,0.0,peace_training_static,5.9,30,30.0,1.0,42.8,0.117,90.5,6.8,0.0,0.0,0.0,1.0,2.0,-1.0,1,0.0,0.0,0.0,0.267,0.021,0,20.0,-0.876,0
PID103254,CRPF,Constable/GD,14.9,False,not_applicable_unmarried,n/a,0.0,peace_training_static,19.1,32,32.0,1.0,48.4,0.104,93.7,19.7,0.0,0.0,0.0,2.0,3.0,-1.0,0,5.0,4.0,1.0,0.242,0.135,0,54.5,-0.53,0
PID103255,CRPF,ASI/SI,11.9,False,not_applicable_unmarried,n/a,0.0,counter_insurgency_jk_ne,1.0,28,13.7,0.489,61.5,0.389,57.6,42.7,4.0,3.0,1.0,2.0,2.0,0.0,2,0.0,1.0,-1.0,0.23,0.123,0,65.8,0.418,0
PID103256,CRPF,Constable/GD,3.8,False,not_applicable_unmarried,n/a,0.0,law_order_vip_duty,11.6,31,27.1,0.874,51.9,0.197,78.1,32.7,1.0,0.0,1.0,3.0,2.0,1.0,1,2.0,5.0,-3.0,0.349,-0.2,0,59.0,-0.809,0
PID103257,CRPF,Constable/GD,9.7,False,not_applicable_unmarried,n/a,0.0,counter_insurgency_jk_ne,1.5,31,18.5,0.597,58.8,0.349,59.0,42.2,2.0,1.0,1.0,4.0,3.0,1.0,1,0.0,0.0,0.0,0.395,0.111,1,44.1,0.464,1
PID103258,CRPF,Head Constable,8.9,True,separated_hardship_posting,nuclear,0.827,law_order_vip_duty,6.2,32,21.2,0.662,53.5,0.263,63.6,27.4,1.0,2.0,-1.0,3.0,3.0,0.0,0,3.0,2.0,1.0,0.185,-0.072,0,38.9,-0.686,0
PID103259,CRPF,Constable/GD,22.8,True,separated_hardship_posting,nuclear,0.533,counter_naxal_lwe,4.0,30,15.9,0.53,64.7,0.268,58.6,54.6,0.0,0.0,0.0,4.0,3.0,1.0,1,2.0,2.0,0.0,0.418,0.169,1,30.6,0.567,0
PID103260,CRPF,Constable/GD,19.9,True,separated_hardship_posting,nuclear,0.307,counter_naxal_lwe,2.3,32,21.2,0.662,61.2,0.361,59.7,45.6,1.0,0.0,1.0,3.0,1.0,2.0,0,1.0,1.0,0.0,0.306,-0.004,0,11.9,0.255,0
PID103261,CRPF,Head Constable,8.2,False,not_applicable_unmarried,n/a,0.0,counter_insurgency_jk_ne,4.7,30,19.4,0.647,54.1,0.255,76.8,24.8,0.0,1.0,-1.0,3.0,2.0,1.0,0,0.0,1.0,-1.0,0.222,0.124,1,54.5,0.134,0
PID103262,CRPF,Constable/GD,17.2,True,separated_hardship_posting,nuclear,1.133,counter_naxal_lwe,8.5,29,12.3,0.424,63.5,0.277,67.0,33.6,3.0,1.0,2.0,3.0,3.0,0.0,1,4.0,3.0,1.0,0.288,0.144,1,17.8,0.714,1
PID103263,CRPF,Constable/GD,10.6,True,separated_hardship_posting,joint,0.083,law_order_vip_duty,1.0,32,20.4,0.638,59.8,0.148,71.6,35.3,7.0,3.0,4.0,4.0,2.0,2.0,1,3.0,0.0,3.0,0.269,0.006,0,34.6,0.776,0
PID103264,CRPF,Constable/GD,3.3,True,with_family,joint,0.0,counter_naxal_lwe,2.5,30,12.8,0.427,58.3,0.399,58.0,48.1,1.0,0.0,1.0,4.0,2.0,2.0,0,0.0,3.0,-3.0,0.392,0.23,1,34.3,1.242,0
PID103265,CRPF,Constable/GD,1.8,True,separated_hardship_posting,joint,0.258,counter_naxal_lwe,3.1,29,13.8,0.476,61.5,0.509,52.0,51.2,3.0,6.0,-3.0,4.0,1.0,3.0,0,1.0,1.0,0.0,0.216,0.176,0,58.8,0.617,0
PID103266,CRPF,Constable/GD,16.0,True,separated_hardship_posting,joint,0.083,law_order_vip_duty,1.0,31,23.5,0.758,50.5,0.172,91.1,19.8,1.0,0.0,1.0,2.0,2.0,0.0,0,2.0,2.0,0.0,0.184,0.125,0,50.0,0.098,0
PID103267,CRPF,Head Constable,5.5,True,with_family,joint,0.0,counter_insurgency_jk_ne,3.4,30,14.6,0.487,67.7,0.313,60.8,55.3,2.0,0.0,2.0,4.0,3.0,1.0,0,7.0,3.0,4.0,0.578,0.239,2,30.8,1.139,0
PID103268,CRPF,Inspector+,5.5,True,with_family,nuclear,0.0,peace_training_static,3.9,31,26.6,0.858,42.2,0.139,100.0,9.4,0.0,0.0,0.0,2.0,2.0,0.0,0,4.0,2.0,2.0,0.478,0.116,0,38.3,-0.203,0
PID103269,CRPF,Constable/GD,7.0,True,separated_hardship_posting,nuclear,0.587,counter_naxal_lwe,4.4,31,21.3,0.687,61.4,0.318,74.4,34.5,4.0,1.0,3.0,3.0,2.0,1.0,0,0.0,2.0,-2.0,0.305,-0.033,0,36.9,0.232,0
PID103270,CRPF,Inspector+,16.2,False,not_applicable_unmarried,n/a,0.0,counter_naxal_lwe,1.0,28,20.3,0.725,60.5,0.434,56.1,41.9,2.0,0.0,2.0,4.0,2.0,2.0,2,0.0,1.0,-1.0,0.564,0.058,0,49.4,0.517,0
PID103271,CRPF,Head Constable,20.1,False,not_applicable_unmarried,n/a,0.0,counter_naxal_lwe,8.9,30,21.2,0.707,57.0,0.482,66.9,42.9,0.0,0.0,0.0,3.0,2.0,1.0,0,0.0,0.0,0.0,0.599,0.138,1,24.8,0.26,0
PID103272,CRPF,Head Constable,19.9,True,separated_hardship_posting,nuclear,1.347,counter_insurgency_jk_ne,10.1,32,13.8,0.431,52.8,0.264,69.9,31.0,0.0,0.0,0.0,4.0,2.0,2.0,0,4.0,3.0,1.0,0.376,0.107,0,44.4,0.712,0
PID103273,CRPF,Head Constable,3.0,False,not_applicable_unmarried,n/a,0.0,counter_naxal_lwe,10.8,31,22.1,0.713,64.3,0.454,61.3,53.6,1.0,3.0,-2.0,4.0,2.0,2.0,0,0.0,0.0,0.0,0.0,-0.034,0,37.0,-0.361,0
PID103274,CRPF,Head Constable,6.8,False,not_applicable_unmarried,n/a,0.0,law_order_vip_duty,4.1,31,23.5,0.758,54.8,0.187,81.2,27.3,3.0,0.0,3.0,4.0,3.0,1.0,1,3.0,2.0,1.0,0.299,-0.02,0,76.8,0.186,0
PID103275,CRPF,ASI/SI,6.1,True,with_family,joint,0.0,counter_naxal_lwe,9.0,32,17.8,0.556,59.8,0.292,53.9,43.9,1.0,2.0,-1.0,2.0,2.0,0.0,1,2.0,3.0,-1.0,0.146,0.034,0,28.2,-0.241,0
PID103276,CRPF,Constable/GD,16.2,False,not_applicable_unmarried,n/a,0.0,peace_training_static,8.1,29,29.0,1.0,51.6,0.112,85.2,20.7,3.0,6.0,-3.0,1.0,1.0,0.0,0,1.0,1.0,0.0,0.348,0.1,0,58.4,-0.887,0
PID103277,CRPF,Constable/GD,6.9,False,not_applicable_unmarried,n/a,0.0,counter_insurgency_jk_ne,1.8,31,20.7,0.668,49.0,0.352,70.9,31.9,0.0,0.0,0.0,2.0,2.0,0.0,1,0.0,0.0,0.0,0.306,0.064,0,33.7,-0.132,0
PID103278,CRPF,Constable/GD,10.1,True,with_family,joint,0.0,law_order_vip_duty,4.7,28,15.4,0.55,47.0,0.214,81.7,21.9,0.0,0.0,0.0,2.0,1.0,1.0,1,0.0,2.0,-2.0,0.298,0.081,0,38.6,0.277,0
PID103279,CRPF,Constable/GD,17.0,True,separated_hardship_posting,joint,0.6,counter_naxal_lwe,7.2,28,13.6,0.486,58.7,0.394,59.7,39.7,3.0,4.0,-1.0,4.0,3.0,1.0,0,2.0,2.0,0.0,0.395,0.048,0,60.3,0.102,0
PID103280,CRPF,Head Constable,11.3,True,separated_hardship_posting,nuclear,0.733,counter_naxal_lwe,5.5,31,16.0,0.516,62.0,0.364,66.7,40.8,0.0,2.0,-2.0,3.0,1.0,2.0,1,2.0,0.0,2.0,0.723,0.04,0,48.2,0.101,0
PID103281,CRPF,Constable/GD,13.4,True,separated_hardship_posting,nuclear,0.867,counter_naxal_lwe,6.5,29,12.0,0.414,60.2,0.431,56.4,46.1,1.0,2.0,-1.0,4.0,1.0,3.0,0,6.0,4.0,2.0,0.112,0.072,0,38.4,0.687,0
PID103282,CRPF,Constable/GD,9.9,False,not_applicable_unmarried,n/a,0.0,counter_insurgency_jk_ne,6.4,31,21.6,0.697,57.2,0.332,60.1,38.1,2.0,1.0,1.0,4.0,2.0,2.0,2,4.0,5.0,-1.0,0.237,0.005,0,34.7,0.237,0
PID103283,CRPF,Constable/GD,18.9,True,separated_hardship_posting,nuclear,0.653,counter_insurgency_jk_ne,4.9,32,23.5,0.734,59.9,0.392,57.6,49.3,1.0,1.0,0.0,2.0,2.0,0.0,0,0.0,1.0,-1.0,0.297,0.069,1,60.9,-0.194,0
PID103284,CRPF,Constable/GD,20.0,True,separated_hardship_posting,nuclear,2.107,counter_naxal_lwe,15.8,32,17.6,0.55,67.8,0.299,56.2,49.4,0.0,2.0,-2.0,3.0,1.0,2.0,0,3.0,5.0,-2.0,0.532,0.222,4,34.7,0.608,1
PID103285,CRPF,Head Constable,14.9,False,not_applicable_unmarried,n/a,0.0,counter_naxal_lwe,11.0,28,16.3,0.582,65.2,0.338,61.2,38.5,2.0,1.0,1.0,3.0,2.0,1.0,1,1.0,1.0,0.0,0.151,0.051,0,34.6,0.304,0
PID103286,CRPF,Head Constable,20.1,False,not_applicable_unmarried,n/a,0.0,peace_training_static,1.0,29,26.1,0.9,46.2,0.12,95.6,5.1,3.0,1.0,2.0,2.0,2.0,0.0,0,4.0,1.0,3.0,0.313,-0.076,0,29.8,-0.524,0
PID103287,CRPF,Constable/GD,35.0,True,with_family,nuclear,0.0,counter_naxal_lwe,5.2,30,16.8,0.56,61.7,0.299,67.3,38.1,1.0,0.0,1.0,4.0,3.0,1.0,0,4.0,3.0,1.0,0.331,0.156,1,67.2,0.646,0
PID103288,CRPF,Constable/GD,16.9,False,not_applicable_unmarried,n/a,0.0,counter_naxal_lwe,6.9,28,18.8,0.671,66.4,0.29,62.9,48.6,1.0,0.0,1.0,2.0,3.0,-1.0,0,1.0,0.0,1.0,0.084,0.018,0,21.2,-0.33,0
PID103289,CRPF,Constable/GD,10.8,True,with_family,nuclear,0.0,counter_naxal_lwe,36.2,32,12.3,0.384,69.5,0.373,57.1,48.5,2.0,3.0,-1.0,4.0,1.0,3.0,0,6.0,3.0,3.0,0.409,0.293,3,44.3,1.391,1
PID103290,CRPF,Constable/GD,13.6,True,separated_hardship_posting,nuclear,1.147,counter_naxal_lwe,8.6,32,19.1,0.597,64.6,0.39,62.2,49.6,0.0,0.0,0.0,3.0,3.0,0.0,2,1.0,0.0,1.0,0.883,0.339,4,45.0,0.784,1
PID103291,CRPF,Head Constable,21.2,True,with_family,nuclear,0.0,counter_insurgency_jk_ne,6.9,31,18.6,0.6,56.0,0.307,76.3,27.7,2.0,0.0,2.0,3.0,2.0,1.0,2,3.0,5.0,-2.0,0.141,-0.03,0,22.0,0.192,0
PID103292,CRPF,Head Constable,8.6,False,not_applicable_unmarried,n/a,0.0,law_order_vip_duty,20.7,29,19.6,0.676,53.0,0.284,89.4,25.3,0.0,1.0,-1.0,3.0,3.0,0.0,0,2.0,0.0,2.0,0.0,-0.02,0,36.0,-0.547,0
PID103293,CRPF,Constable/GD,8.2,True,separated_hardship_posting,joint,0.667,law_order_vip_duty,8.0,28,19.5,0.696,54.3,0.154,82.9,25.6,0.0,1.0,-1.0,3.0,2.0,1.0,1,3.0,1.0,2.0,0.286,0.016,1,34.4,-0.249,0
PID103294,CRPF,Constable/GD,13.4,True,with_family,joint,0.0,law_order_vip_duty,20.7,32,29.5,0.922,49.8,0.197,83.1,14.4,2.0,2.0,0.0,1.0,2.0,-1.0,1,0.0,0.0,0.0,0.134,0.033,0,31.0,-0.744,0
PID103295,CRPF,Inspector+,10.7,True,separated_hardship_posting,nuclear,1.387,counter_naxal_lwe,10.4,31,13.1,0.423,65.5,0.279,58.0,46.9,3.0,0.0,3.0,2.0,2.0,0.0,0,1.0,0.0,1.0,0.299,0.173,0,41.6,0.958,0
PID103296,CRPF,Head Constable,6.1,False,not_applicable_unmarried,n/a,0.0,counter_naxal_lwe,6.5,32,17.1,0.534,63.1,0.358,62.1,51.9,0.0,1.0,-1.0,4.0,3.0,1.0,1,1.0,0.0,1.0,0.802,0.237,2,44.7,0.614,0
PID103297,CRPF,Constable/GD,12.3,True,with_family,nuclear,0.0,law_order_vip_duty,41.1,29,26.6,0.917,56.7,0.249,78.6,28.9,2.0,0.0,2.0,4.0,2.0,2.0,1,0.0,0.0,0.0,0.138,-0.003,0,35.7,0.102,0
PID103298,CRPF,Constable/GD,23.6,True,separated_hardship_posting,nuclear,1.64,counter_naxal_lwe,12.3,28,11.6,0.414,58.1,0.431,55.5,42.9,1.0,0.0,1.0,4.0,2.0,2.0,0,2.0,0.0,2.0,0.263,0.078,0,70.1,0.799,0
PID103299,CRPF,Constable/GD,14.6,False,not_applicable_unmarried,n/a,0.0,counter_naxal_lwe,12.0,32,16.2,0.506,55.0,0.279,79.9,30.0,2.0,2.0,0.0,2.0,2.0,0.0,1,2.0,2.0,0.0,0.377,-0.018,0,30.1,-0.181,0
PID103300,CRPF,ASI/SI,5.3,False,not_applicable_unmarried,n/a,0.0,counter_insurgency_jk_ne,1.0,28,16.9,0.604,56.4,0.322,66.5,35.3,0.0,1.0,-1.0,1.0,1.0,0.0,0,2.0,1.0,1.0,0.604,0.013,0,43.9,-0.359,0
PID103301,CRPF,Constable/GD,15.9,True,separated_hardship_posting,joint,0.083,law_order_vip_duty,1.0,30,23.7,0.79,52.1,0.306,73.1,28.4,0.0,0.0,0.0,2.0,2.0,0.0,2,0.0,1.0,-1.0,0.086,-0.021,0,41.8,-0.533,0
PID103302,CRPF,Constable/GD,9.4,True,with_family,nuclear,0.0,counter_naxal_lwe,48.0,30,16.3,0.543,54.8,0.29,75.3,29.7,0.0,0.0,0.0,3.0,2.0,1.0,0,1.0,0.0,1.0,0.345,0.002,0,49.2,0.047,0
PID103303,CRPF,Inspector+,32.5,True,with_family,nuclear,0.0,peace_training_static,5.9,30,24.3,0.81,43.6,0.046,91.0,0.0,2.0,1.0,1.0,1.0,2.0,-1.0,0,1.0,4.0,-3.0,0.332,-0.006,0,43.2,-0.571,0
PID103304,CRPF,Head Constable,15.2,True,separated_hardship_posting,nuclear,0.2,counter_naxal_lwe,1.5,30,17.8,0.593,67.1,0.262,62.5,47.2,0.0,2.0,-2.0,3.0,3.0,0.0,0,2.0,2.0,0.0,0.259,0.025,0,27.5,-0.465,0
PID103305,CRPF,Constable/GD,7.7,True,with_family,joint,0.0,peace_training_static,2.2,28,24.9,0.889,48.1,0.157,77.9,13.1,0.0,2.0,-2.0,1.0,3.0,-2.0,2,2.0,1.0,1.0,0.192,0.143,0,49.8,-0.896,0
PID103306,CRPF,Constable/GD,16.6,False,not_applicable_unmarried,n/a,0.0,counter_naxal_lwe,1.0,31,18.9,0.61,62.6,0.306,68.2,42.1,1.0,1.0,0.0,2.0,2.0,0.0,1,8.0,9.0,-1.0,0.676,0.046,1,40.3,-0.113,0
PID103307,CRPF,Constable/GD,12.8,True,separated_hardship_posting,nuclear,3.64,law_order_vip_duty,27.3,29,24.5,0.845,47.8,0.249,82.6,23.3,0.0,0.0,0.0,2.0,1.0,1.0,1,6.0,8.0,-2.0,0.036,-0.082,0,54.7,-0.572,0
PID103308,CRPF,Head Constable,22.4,False,not_applicable_unmarried,n/a,0.0,counter_naxal_lwe,6.1,28,10.9,0.389,67.0,0.337,56.8,50.6,0.0,0.0,0.0,4.0,2.0,2.0,1,4.0,2.0,2.0,0.258,0.231,0,51.8,1.137,0
PID103309,CRPF,Constable/GD,8.2,True,with_family,joint,0.0,peace_training_static,1.5,30,30.0,1.0,44.3,0.228,87.8,9.9,3.0,2.0,1.0,1.0,1.0,0.0,0,2.0,2.0,0.0,0.022,-0.043,0,49.1,-0.701,0
PID103310,CRPF,ASI/SI,15.2,False,not_applicable_unmarried,n/a,0.0,counter_insurgency_jk_ne,3.3,29,16.6,0.572,58.4,0.347,65.8,39.4,1.0,6.0,-5.0,2.0,2.0,0.0,0,2.0,1.0,1.0,0.485,0.054,0,54.0,-0.816,0
PID103311,CRPF,ASI/SI,3.8,True,with_family,joint,0.0,peace_training_static,4.9,31,30.4,0.981,47.6,0.072,91.4,11.0,1.0,1.0,0.0,3.0,2.0,1.0,0,1.0,0.0,1.0,0.757,0.019,0,31.6,-0.431,0
PID103312,CRPF,Constable/GD,11.9,True,separated_hardship_posting,nuclear,1.813,law_order_vip_duty,13.6,29,23.2,0.8,52.7,0.202,76.7,21.9,1.0,2.0,-1.0,3.0,3.0,0.0,0,1.0,2.0,-1.0,0.272,0.011,0,41.4,-0.604,0
PID103313,CRPF,Head Constable,5.2,True,separated_hardship_posting,nuclear,1.493,law_order_vip_duty,11.2,30,28.1,0.937,58.0,0.267,67.8,44.8,0.0,0.0,0.0,3.0,1.0,2.0,1,0.0,0.0,0.0,0.8,-0.1,0,56.7,-0.521,0
PID103314,CRPF,Constable/GD,12.5,True,separated_hardship_posting,nuclear,2.933,counter_naxal_lwe,22.0,30,16.5,0.55,64.3,0.286,51.2,41.1,1.0,0.0,1.0,3.0,2.0,1.0,1,2.0,2.0,0.0,0.646,0.152,1,43.6,0.646,0
PID103315,CRPF,Constable/GD,14.2,True,separated_hardship_posting,joint,0.117,counter_naxal_lwe,1.4,32,16.4,0.512,63.4,0.421,65.6,47.6,1.0,1.0,0.0,4.0,2.0,2.0,0,5.0,3.0,2.0,0.461,0.138,1,28.5,0.709,0
PID103316,CRPF,Head Constable,14.9,True,with_family,nuclear,0.0,peace_training_static,18.2,28,23.7,0.846,45.7,0.105,82.6,21.0,2.0,2.0,0.0,3.0,2.0,1.0,0,0.0,1.0,-1.0,0.068,-0.044,0,24.5,-0.458,0
PID103317,CRPF,Constable/GD,8.1,False,not_applicable_unmarried,n/a,0.0,peace_training_static,8.0,28,22.1,0.789,47.7,0.169,94.5,16.2,2.0,0.0,2.0,1.0,3.0,-2.0,0,3.0,3.0,0.0,0.218,0.122,0,51.6,-0.221,0
PID103318,CRPF,Constable/GD,12.2,True,with_family,nuclear,0.0,counter_naxal_lwe,3.9,32,20.0,0.625,61.2,0.338,61.7,38.3,0.0,0.0,0.0,3.0,2.0,1.0,0,0.0,0.0,0.0,0.153,0.099,0,31.7,0.24,0
PID103319,CRPF,Constable/GD,20.9,True,separated_hardship_posting,joint,0.233,counter_naxal_lwe,2.8,29,12.6,0.434,62.8,0.319,69.5,37.8,9.0,5.0,4.0,4.0,3.0,1.0,0,0.0,0.0,0.0,0.147,0.039,0,39.2,0.909,0
PID103320,CRPF,Constable/GD,27.6,True,separated_hardship_posting,nuclear,0.133,counter_naxal_lwe,1.0,31,19.4,0.626,60.6,0.309,71.2,30.6,0.0,0.0,0.0,3.0,1.0,2.0,0,1.0,2.0,-1.0,0.053,-0.031,0,61.2,0.062,0
PID103321,CRPF,Constable/GD,12.4,False,not_applicable_unmarried,n/a,0.0,counter_naxal_lwe,6.1,30,15.8,0.527,60.0,0.454,65.6,43.1,4.0,1.0,3.0,5.0,1.0,4.0,0,0.0,1.0,-1.0,0.309,0.077,1,27.4,1.397,0
PID103322,CRPF,Head Constable,21.2,True,with_family,nuclear,0.0,counter_naxal_lwe,2.9,31,11.8,0.381,58.3,0.332,66.9,37.6,3.0,2.0,1.0,3.0,2.0,1.0,0,0.0,1.0,-1.0,0.595,0.215,1,57.8,1.039,0
PID103323,CRPF,ASI/SI,6.4,True,separated_hardship_posting,nuclear,0.787,peace_training_static,5.9,31,31.0,1.0,44.9,0.305,75.2,19.1,1.0,0.0,1.0,3.0,2.0,1.0,0,0.0,0.0,0.0,0.01,-0.055,0,25.0,-0.523,0
PID103324,CRPF,Head Constable,8.9,True,separated_hardship_posting,joint,0.083,counter_naxal_lwe,1.0,29,5.8,0.2,60.7,0.359,61.8,48.6,0.0,0.0,0.0,3.0,2.0,1.0,0,5.0,0.0,5.0,0.685,0.219,0,58.0,1.117,0
PID103325,CRPF,ASI/SI,13.2,True,with_family,nuclear,0.0,peace_training_static,10.7,30,26.8,0.893,53.3,0.069,80.7,20.3,1.0,2.0,-1.0,2.0,4.0,-2.0,2,0.0,0.0,0.0,0.0,-0.042,0,42.6,-1.303,0
PID103326,CRPF,Constable/GD,10.7,True,with_family,joint,0.0,peace_training_static,2.6,29,26.8,0.924,50.0,0.025,87.4,6.4,6.0,3.0,3.0,2.0,2.0,0.0,0,2.0,3.0,-1.0,0.492,0.061,0,14.4,0.013,0
PID103327,CRPF,ASI/SI,10.1,True,with_family,joint,0.0,counter_naxal_lwe,2.1,29,9.0,0.31,61.5,0.424,52.0,54.3,0.0,0.0,0.0,3.0,2.0,1.0,0,5.0,6.0,-1.0,0.945,0.237,3,21.7,1.038,0
PID103328,CRPF,Constable/GD,20.0,True,separated_hardship_posting,nuclear,0.813,counter_insurgency_jk_ne,6.1,30,19.3,0.643,56.3,0.288,68.8,27.4,6.0,6.0,0.0,3.0,2.0,1.0,2,1.0,0.0,1.0,0.247,-0.083,0,27.1,-0.329,0
PID103329,CRPF,Constable/GD,5.8,False,not_applicable_unmarried,n/a,0.0,counter_insurgency_jk_ne,40.0,28,14.8,0.529,60.5,0.349,46.0,47.7,0.0,1.0,-1.0,4.0,2.0,2.0,0,0.0,0.0,0.0,0.279,-0.016,0,42.0,0.07,0
PID103330,CRPF,ASI/SI,6.2,True,separated_hardship_posting,nuclear,0.147,counter_naxal_lwe,1.1,28,14.7,0.525,69.8,0.489,45.9,62.1,0.0,2.0,-2.0,3.0,2.0,1.0,0,3.0,6.0,-3.0,0.428,0.196,4,56.9,0.346,0
PID103331,CRPF,Constable/GD,4.6,True,with_family,nuclear,0.0,law_order_vip_duty,7.9,31,27.3,0.881,55.2,0.26,73.6,29.8,4.0,1.0,3.0,4.0,3.0,1.0,3,5.0,5.0,0.0,0.187,-0.065,0,45.8,-0.099,0
PID103332,CRPF,Constable/GD,13.4,True,separated_hardship_posting,nuclear,0.387,counter_insurgency_jk_ne,2.9,28,17.2,0.614,51.1,0.32,70.3,33.3,6.0,0.0,6.0,5.0,2.0,3.0,0,1.0,0.0,1.0,0.364,0.005,0,27.1,1.324,0
PID103333,CRPF,Constable/GD,9.4,False,not_applicable_unmarried,n/a,0.0,counter_naxal_lwe,1.0,32,16.5,0.516,65.5,0.424,53.4,51.0,0.0,1.0,-1.0,4.0,1.0,3.0,0,5.0,5.0,0.0,0.57,0.255,1,61.7,1.117,0
PID103334,CRPF,Constable/GD,18.9,False,not_applicable_unmarried,n/a,0.0,peace_training_static,5.9,31,27.4,0.884,50.2,0.168,83.0,18.1,8.0,6.0,2.0,3.0,3.0,0.0,0,2.0,3.0,-1.0,0.165,0.12,2,39.1,0.085,0
PID103335,CRPF,Constable/GD,12.8,True,separated_hardship_posting,joint,0.383,counter_naxal_lwe,4.6,32,22.9,0.716,70.8,0.274,61.2,39.2,5.0,5.0,0.0,3.0,2.0,1.0,0,0.0,0.0,0.0,0.635,-0.048,0,26.3,-0.312,0
PID103336,CRPF,Constable/GD,8.0,False,not_applicable_unmarried,n/a,0.0,counter_naxal_lwe,5.3,30,17.7,0.59,61.0,0.43,66.0,34.4,3.0,0.0,3.0,3.0,3.0,0.0,1,7.0,7.0,0.0,0.1,-0.031,0,38.3,0.141,0
PID103337,CRPF,ASI/SI,7.3,True,with_family,nuclear,0.0,peace_training_static,48.0,31,25.2,0.813,46.6,0.117,89.9,26.8,0.0,1.0,-1.0,1.0,1.0,0.0,0,0.0,0.0,0.0,0.232,0.001,0,40.2,-0.649,0
PID103338,CRPF,Constable/GD,1.8,True,separated_hardship_posting,joint,0.3,counter_naxal_lwe,3.6,28,13.9,0.496,63.8,0.442,56.0,52.5,0.0,0.0,0.0,4.0,2.0,2.0,0,2.0,1.0,1.0,0.287,0.23,2,27.2,1.005,0
PID103339,CRPF,Constable/GD,10.3,True,with_family,nuclear,0.0,counter_naxal_lwe,1.6,31,13.5,0.435,58.9,0.38,66.1,45.7,0.0,0.0,0.0,4.0,2.0,2.0,1,2.0,0.0,2.0,0.28,0.232,0,54.3,1.085,0
PID103340,CRPF,Constable/GD,5.2,False,not_applicable_unmarried,n/a,0.0,counter_naxal_lwe,7.3,29,14.6,0.503,58.6,0.421,73.5,51.1,1.0,0.0,1.0,3.0,1.0,2.0,0,0.0,0.0,0.0,0.69,0.3,1,34.6,1.363,0
PID103341,CRPF,ASI/SI,20.2,True,with_family,joint,0.0,counter_naxal_lwe,1.0,31,21.9,0.706,63.6,0.337,63.6,41.8,1.0,1.0,0.0,4.0,3.0,1.0,2,1.0,3.0,-2.0,0.277,0.056,0,27.6,0.014,0
PID103342,CRPF,Constable/GD,9.1,True,separated_hardship_posting,nuclear,3.92,counter_insurgency_jk_ne,29.4,29,16.9,0.583,51.8,0.209,80.2,22.8,0.0,0.0,0.0,3.0,3.0,0.0,1,0.0,1.0,-1.0,0.337,-0.011,0,49.2,-0.253,0
PID103343,CRPF,Constable/GD,4.1,True,with_family,joint,0.0,law_order_vip_duty,23.0,31,19.2,0.619,46.7,0.254,88.9,9.2,0.0,3.0,-3.0,1.0,3.0,-2.0,0,5.0,4.0,1.0,0.504,-0.04,0,45.9,-1.275,0
PID103344,CRPF,Constable/GD,22.5,True,with_family,joint,0.0,counter_naxal_lwe,6.4,32,18.9,0.591,65.3,0.409,56.1,47.9,1.0,1.0,0.0,3.0,2.0,1.0,0,1.0,3.0,-2.0,0.264,0.051,1,51.8,0.136,0
PID103345,CRPF,Head Constable,10.4,False,not_applicable_unmarried,n/a,0.0,counter_insurgency_jk_ne,8.9,28,15.6,0.557,60.0,0.267,62.2,36.6,5.0,1.0,4.0,4.0,2.0,2.0,0,1.0,1.0,0.0,0.317,0.106,1,51.5,1.176,0
PID103346,CRPF,Head Constable,15.9,True,with_family,nuclear,0.0,counter_naxal_lwe,5.0,28,17.1,0.611,67.0,0.338,59.5,46.2,1.0,0.0,1.0,3.0,3.0,0.0,0,2.0,0.0,2.0,0.532,0.272,5,30.1,0.721,0
PID103347,CRPF,Head Constable,8.1,False,not_applicable_unmarried,n/a,0.0,counter_insurgency_jk_ne,7.1,29,16.7,0.576,59.9,0.167,72.5,37.7,1.0,0.0,1.0,4.0,1.0,3.0,1,4.0,6.0,-2.0,0.325,0.077,0,38.3,0.815,0
PID103348,CRPF,Head Constable,22.9,True,separated_hardship_posting,joint,0.817,peace_training_static,9.8,30,30.0,1.0,46.0,0.111,87.6,16.4,1.0,0.0,1.0,2.0,2.0,0.0,0,0.0,1.0,-1.0,0.305,0.161,0,6.3,-0.083,0
PID103349,CRPF,Constable/GD,6.7,False,not_applicable_unmarried,n/a,0.0,law_order_vip_duty,17.7,32,21.3,0.666,57.2,0.145,78.5,32.2,0.0,1.0,-1.0,2.0,2.0,0.0,1,2.0,2.0,0.0,0.251,0.11,0,42.0,-0.142,0
PID103350,CRPF,Constable/GD,9.4,False,not_applicable_unmarried,n/a,0.0,law_order_vip_duty,6.8,30,19.0,0.633,50.3,0.251,67.8,20.3,3.0,1.0,2.0,4.0,2.0,2.0,2,1.0,2.0,-1.0,0.0,-0.173,0,43.6,-0.067,0
PID103351,CRPF,Constable/GD,3.2,True,separated_hardship_posting,nuclear,0.32,counter_naxal_lwe,2.4,32,20.4,0.638,60.7,0.37,59.2,42.9,0.0,0.0,0.0,4.0,1.0,3.0,0,2.0,0.0,2.0,0.356,0.13,2,37.0,0.747,0
PID103352,CRPF,Constable/GD,22.6,True,separated_hardship_posting,nuclear,0.147,counter_insurgency_jk_ne,1.1,31,12.6,0.406,57.7,0.301,63.2,38.3,0.0,1.0,-1.0,2.0,2.0,0.0,0,8.0,5.0,3.0,0.067,-0.025,0,25.6,-0.236,0
PID103353,CRPF,Constable/GD,7.5,True,with_family,nuclear,0.0,peace_training_static,3.5,31,27.4,0.884,47.8,0.199,78.8,28.8,0.0,1.0,-1.0,1.0,3.0,-2.0,0,0.0,0.0,0.0,0.284,0.058,0,55.8,-0.99,0
PID103354,CRPF,Constable/GD,13.6,True,separated_hardship_posting,nuclear,3.787,peace_training_static,28.4,32,31.2,0.975,45.7,0.134,87.4,13.8,1.0,3.0,-2.0,2.0,1.0,1.0,1,0.0,1.0,-1.0,0.053,-0.042,0,21.8,-0.917,0
PID103355,CRPF,Constable/GD,14.7,True,separated_hardship_posting,nuclear,1.987,law_order_vip_duty,14.9,29,15.2,0.524,46.1,0.232,78.5,18.0,1.0,0.0,1.0,3.0,2.0,1.0,0,0.0,1.0,-1.0,0.398,0.006,0,62.5,0.238,0
PID103356,CRPF,Head Constable,20.6,False,not_applicable_unmarried,n/a,0.0,counter_insurgency_jk_ne,36.7,31,18.8,0.606,56.9,0.319,78.7,37.9,0.0,2.0,-2.0,3.0,3.0,0.0,0,1.0,2.0,-1.0,0.201,-0.003,0,17.2,-0.565,0
PID103357,CRPF,Constable/GD,13.0,True,separated_hardship_posting,joint,1.2,counter_naxal_lwe,14.4,31,12.6,0.406,61.9,0.315,66.0,39.3,2.0,3.0,-1.0,3.0,2.0,1.0,0,3.0,3.0,0.0,0.315,0.188,1,36.0,0.619,0
PID103358,CRPF,Head Constable,10.8,True,separated_hardship_posting,nuclear,4.867,counter_naxal_lwe,36.5,32,12.1,0.378,62.5,0.409,54.1,49.3,0.0,0.0,0.0,4.0,2.0,2.0,1,2.0,1.0,1.0,0.669,0.381,4,5.8,1.603,1
PID103359,CRPF,Head Constable,19.4,True,with_family,nuclear,0.0,counter_naxal_lwe,11.1,29,12.8,0.441,60.2,0.295,55.5,43.1,1.0,6.0,-5.0,2.0,3.0,-1.0,1,1.0,2.0,-1.0,0.455,0.348,1,28.7,0.015,0
PID103360,CRPF,Constable/GD,14.6,True,with_family,nuclear,0.0,counter_naxal_lwe,9.1,31,16.5,0.532,64.0,0.375,55.1,44.7,3.0,5.0,-2.0,2.0,2.0,0.0,1,5.0,1.0,4.0,0.175,0.059,0,43.6,-0.291,0
PID103361,CRPF,Constable/GD,9.8,True,with_family,nuclear,0.0,counter_naxal_lwe,48.0,29,13.8,0.476,55.6,0.423,63.9,34.5,1.0,0.0,1.0,3.0,2.0,1.0,1,1.0,2.0,-1.0,0.33,0.085,0,44.7,0.532,0
PID103362,CRPF,Head Constable,23.1,True,with_family,joint,0.0,counter_insurgency_jk_ne,11.1,32,22.5,0.703,59.7,0.238,65.0,35.9,0.0,0.0,0.0,3.0,2.0,1.0,1,1.0,1.0,0.0,0.16,0.098,0,36.4,0.144,0
PID103363,CRPF,Head Constable,15.2,False,not_applicable_unmarried,n/a,0.0,law_order_vip_duty,18.8,30,22.7,0.757,59.2,0.139,88.6,24.5,2.0,0.0,2.0,2.0,2.0,0.0,2,0.0,0.0,0.0,0.202,0.014,0,32.4,-0.079,0
PID103364,CRPF,Constable/GD,4.9,True,separated_hardship_posting,nuclear,0.187,law_order_vip_duty,1.4,32,22.5,0.703,49.6,0.157,73.2,13.7,0.0,0.0,0.0,2.0,1.0,1.0,0,2.0,2.0,0.0,0.425,-0.04,0,75.4,-0.271,0
PID103365,CRPF,Constable/GD,25.5,True,separated_hardship_posting,joint,0.683,counter_insurgency_jk_ne,8.2,30,14.1,0.47,58.2,0.409,63.9,43.5,2.0,0.0,2.0,4.0,3.0,1.0,0,8.0,8.0,0.0,0.423,0.22,2,38.8,1.101,1
PID103366,CRPF,Head Constable,8.0,True,separated_hardship_posting,nuclear,0.4,counter_naxal_lwe,3.0,28,16.1,0.575,61.0,0.313,63.6,42.8,6.0,3.0,3.0,4.0,3.0,1.0,2,0.0,0.0,0.0,0.167,0.067,1,82.5,0.667,1
PID103367,CRPF,Head Constable,20.5,True,with_family,nuclear,0.0,counter_insurgency_jk_ne,4.3,29,23.6,0.814,57.1,0.228,70.6,28.0,1.0,1.0,0.0,2.0,1.0,1.0,0,3.0,5.0,-2.0,0.197,0.031,0,63.0,-0.191,0
PID103368,CRPF,Constable/GD,4.1,True,separated_hardship_posting,joint,0.533,peace_training_static,6.4,31,25.8,0.832,41.9,0.142,80.6,6.9,0.0,1.0,-1.0,1.0,1.0,0.0,0,0.0,0.0,0.0,0.603,0.057,1,30.0,-0.503,0
PID103369,CRPF,Constable/GD,19.3,True,with_family,joint,0.0,counter_insurgency_jk_ne,6.4,31,16.8,0.542,66.0,0.137,65.7,41.7,1.0,1.0,0.0,3.0,3.0,0.0,0,6.0,4.0,2.0,0.43,0.125,1,32.7,0.206,0
PID103370,CRPF,ASI/SI,5.1,True,with_family,nuclear,0.0,peace_training_static,16.3,30,23.8,0.793,47.5,0.063,90.3,20.7,0.0,0.0,0.0,3.0,3.0,0.0,2,3.0,1.0,2.0,0.557,-0.06,0,64.3,-0.656,0
PID103371,CRPF,Constable/GD,12.8,False,not_applicable_unmarried,n/a,0.0,counter_insurgency_jk_ne,21.6,31,22.2,0.716,55.3,0.385,72.0,39.3,0.0,0.0,0.0,2.0,1.0,1.0,0,2.0,1.0,1.0,0.098,0.031,0,19.1,-0.075,0
PID103372,CRPF,ASI/SI,15.0,True,with_family,nuclear,0.0,law_order_vip_duty,5.2,30,25.3,0.843,48.9,0.163,86.6,23.3,2.0,0.0,2.0,3.0,2.0,1.0,0,2.0,0.0,2.0,0.162,0.055,0,61.0,0.152,0
PID103373,CRPF,Constable/GD,10.0,True,separated_hardship_posting,nuclear,0.347,counter_insurgency_jk_ne,2.6,28,15.5,0.554,58.2,0.284,75.9,31.6,0.0,0.0,0.0,3.0,1.0,2.0,2,2.0,1.0,1.0,0.371,0.026,0,38.3,0.319,0
PID103374,CRPF,Constable/GD,11.6,False,not_applicable_unmarried,n/a,0.0,law_order_vip_duty,23.1,28,19.2,0.686,43.3,0.238,74.6,18.9,0.0,1.0,-1.0,2.0,2.0,0.0,0,3.0,3.0,0.0,0.633,0.025,0,2.8,-0.423,0
PID103375,CRPF,Constable/GD,5.9,False,not_applicable_unmarried,n/a,0.0,peace_training_static,8.5,29,23.3,0.803,50.2,0.138,81.9,18.4,1.0,1.0,0.0,2.0,2.0,0.0,0,0.0,0.0,0.0,0.258,0.051,0,23.0,-0.333,0
PID103376,CRPF,Constable/GD,18.2,True,separated_hardship_posting,nuclear,6.027,counter_insurgency_jk_ne,45.2,28,15.9,0.568,55.9,0.268,86.8,24.0,1.0,1.0,0.0,1.0,2.0,-1.0,1,0.0,0.0,0.0,0.679,0.072,0,36.4,-0.198,1
PID103377,CRPF,ASI/SI,13.2,False,not_applicable_unmarried,n/a,0.0,law_order_vip_duty,21.5,31,26.3,0.848,53.6,0.253,81.3,27.2,2.0,0.0,2.0,4.0,2.0,2.0,0,2.0,2.0,0.0,0.178,-0.006,0,32.3,0.177,0
PID103378,CRPF,Constable/GD,6.6,False,not_applicable_unmarried,n/a,0.0,peace_training_static,5.3,32,28.9,0.903,47.7,0.207,74.5,16.1,3.0,0.0,3.0,3.0,3.0,0.0,1,5.0,5.0,0.0,0.104,-0.06,0,29.2,-0.324,0
PID103379,CRPF,Inspector+,13.5,True,with_family,joint,0.0,law_order_vip_duty,27.8,32,27.9,0.872,55.9,0.156,76.8,23.0,0.0,2.0,-2.0,2.0,2.0,0.0,0,0.0,1.0,-1.0,0.208,0.032,0,17.8,-0.781,0
PID103380,CRPF,Constable/GD,13.8,True,with_family,joint,0.0,counter_naxal_lwe,22.5,30,14.3,0.477,64.0,0.321,54.5,43.3,5.0,11.0,-6.0,1.0,1.0,0.0,2,0.0,0.0,0.0,0.655,0.114,0,39.5,-0.675,0
PID103381,CRPF,ASI/SI,11.9,True,with_family,nuclear,0.0,counter_naxal_lwe,2.7,32,10.7,0.334,65.0,0.344,56.2,45.1,1.0,1.0,0.0,3.0,3.0,0.0,0,0.0,0.0,0.0,0.327,0.111,1,62.9,0.416,0
PID103382,CRPF,ASI/SI,1.8,True,with_family,nuclear,0.0,peace_training_static,1.0,31,31.0,1.0,50.1,0.162,94.4,16.4,0.0,0.0,0.0,2.0,2.0,0.0,0,4.0,2.0,2.0,0.035,-0.116,0,62.5,-1.073,0
PID103383,CRPF,Head Constable,9.1,False,not_applicable_unmarried,n/a,0.0,law_order_vip_duty,7.4,28,21.6,0.771,50.7,0.222,85.1,11.0,1.0,0.0,1.0,1.0,2.0,-1.0,0,2.0,0.0,2.0,0.447,0.031,0,58.1,-0.414,0
PID103384,CRPF,Constable/GD,18.1,True,with_family,nuclear,0.0,peace_training_static,20.7,30,29.3,0.977,54.6,0.112,70.3,21.1,0.0,0.0,0.0,4.0,4.0,0.0,2,1.0,1.0,0.0,0.0,-0.096,0,37.3,-0.985,0
PID103385,CRPF,Head Constable,15.5,True,separated_hardship_posting,nuclear,0.867,counter_naxal_lwe,6.5,30,14.1,0.47,63.4,0.257,59.4,49.6,1.0,1.0,0.0,3.0,2.0,1.0,0,5.0,0.0,5.0,0.472,0.286,1,58.2,0.991,0
PID103386,CRPF,Constable/GD,15.2,True,with_family,joint,0.0,law_order_vip_duty,6.3,30,18.4,0.613,51.9,0.152,80.8,21.5,4.0,1.0,3.0,3.0,1.0,2.0,1,3.0,0.0,3.0,0.321,-0.046,0,16.3,0.495,1
PID103387,CRPF,ASI/SI,13.2,True,with_family,nuclear,0.0,peace_training_static,2.7,32,29.3,0.916,42.6,0.132,90.3,11.9,7.0,2.0,5.0,2.0,2.0,0.0,0,0.0,1.0,-1.0,0.269,-0.132,0,49.2,-0.249,0
PID103388,CRPF,Constable/GD,19.2,False,not_applicable_unmarried,n/a,0.0,peace_training_static,1.0,32,22.8,0.712,45.2,0.089,92.6,11.9,5.0,3.0,2.0,1.0,3.0,-2.0,0,0.0,2.0,-2.0,0.424,0.126,0,63.9,-0.116,0
PID103389,CRPF,Constable/GD,7.9,True,with_family,joint,0.0,law_order_vip_duty,3.8,29,20.9,0.721,53.6,0.199,72.4,26.2,4.0,5.0,-1.0,4.0,3.0,1.0,0,2.0,4.0,-2.0,0.229,-0.012,0,51.1,-0.365,0
PID103390,CRPF,Constable/GD,6.9,True,separated_hardship_posting,nuclear,5.493,counter_naxal_lwe,41.2,28,18.5,0.661,62.4,0.346,59.3,39.0,3.0,1.0,2.0,4.0,1.0,3.0,0,1.0,1.0,0.0,0.604,0.062,0,15.7,0.822,1
PID103391,CRPF,Head Constable,29.0,True,separated_hardship_posting,nuclear,0.36,law_order_vip_duty,2.7,31,24.6,0.794,59.3,0.361,59.6,37.9,0.0,2.0,-2.0,2.0,2.0,0.0,0,1.0,2.0,-1.0,0.176,-0.076,0,26.6,-1.013,0
PID103392,CRPF,Inspector+,7.4,False,not_applicable_unmarried,n/a,0.0,law_order_vip_duty,3.7,28,21.8,0.779,50.4,0.19,78.8,31.4,3.0,1.0,2.0,5.0,2.0,3.0,0,1.0,2.0,-1.0,0.136,0.093,1,30.2,0.774,0
PID103393,CRPF,Constable/GD,4.8,False,not_applicable_unmarried,n/a,0.0,counter_naxal_lwe,16.2,30,21.7,0.723,64.7,0.433,59.7,45.7,0.0,0.0,0.0,3.0,2.0,1.0,0,0.0,0.0,0.0,0.496,0.044,1,23.8,-0.043,0
PID103394,CRPF,Head Constable,9.9,True,separated_hardship_posting,joint,0.825,counter_naxal_lwe,9.9,32,18.7,0.584,57.5,0.429,65.4,48.0,1.0,0.0,1.0,3.0,1.0,2.0,1,1.0,1.0,0.0,0.136,-0.037,0,35.1,0.247,0
PID103395,CRPF,ASI/SI,12.2,True,separated_hardship_posting,nuclear,0.453,peace_training_static,3.4,31,22.2,0.716,54.7,0.168,72.9,24.8,6.0,6.0,0.0,2.0,2.0,0.0,1,5.0,10.0,-5.0,0.211,-0.023,0,38.5,-0.45,0
PID103396,CRPF,Constable/GD,19.3,True,separated_hardship_posting,nuclear,2.12,counter_naxal_lwe,15.9,32,17.2,0.538,57.2,0.299,75.9,31.0,0.0,0.0,0.0,2.0,2.0,0.0,1,7.0,3.0,4.0,0.152,0.099,0,36.5,0.132,0
PID103397,CRPF,Constable/GD,9.1,True,separated_hardship_posting,nuclear,1.733,counter_insurgency_jk_ne,13.0,28,22.6,0.807,66.3,0.308,65.1,45.2,1.0,1.0,0.0,4.0,3.0,1.0,0,3.0,2.0,1.0,0.41,-0.035,0,26.4,-0.384,0
PID103398,CRPF,Head Constable,9.1,True,separated_hardship_posting,nuclear,0.413,law_order_vip_duty,3.1,31,22.3,0.719,51.5,0.197,79.5,21.9,1.0,3.0,-2.0,2.0,3.0,-1.0,0,1.0,0.0,1.0,0.053,-0.116,0,56.6,-1.258,0
PID103399,CRPF,Head Constable,11.5,True,with_family,nuclear,0.0,peace_training_static,18.9,29,29.0,1.0,37.1,0.241,88.8,5.3,0.0,0.0,0.0,1.0,2.0,-1.0,0,0.0,0.0,0.0,0.585,-0.021,0,37.2,-1.002,0
PID103400,CRPF,Constable/GD,8.2,False,not_applicable_unmarried,n/a,0.0,law_order_vip_duty,4.6,28,24.1,0.861,57.4,0.245,81.6,29.7,0.0,0.0,0.0,3.0,2.0,1.0,0,0.0,2.0,-2.0,0.214,0.157,0,18.6,0.129,0
PID103401,CRPF,ASI/SI,4.2,True,separated_hardship_posting,joint,1.358,counter_naxal_lwe,16.3,29,14.7,0.507,62.3,0.337,71.6,32.7,3.0,0.0,3.0,4.0,1.0,3.0,0,0.0,1.0,-1.0,0.573,0.182,0,33.3,1.524,1
PID103402,CRPF,Constable/GD,5.1,True,separated_hardship_posting,joint,0.167,counter_naxal_lwe,2.0,32,14.4,0.45,60.2,0.457,50.4,48.6,3.0,1.0,2.0,4.0,2.0,2.0,0,0.0,3.0,-3.0,0.667,0.279,1,31.6,1.516,1
PID103403,CRPF,ASI/SI,22.2,False,not_applicable_unmarried,n/a,0.0,counter_naxal_lwe,5.3,30,17.5,0.583,64.6,0.329,66.9,44.4,1.0,1.0,0.0,2.0,2.0,0.0,0,2.0,3.0,-1.0,0.461,0.188,3,12.6,0.346,0
PID103404,CRPF,ASI/SI,17.1,True,with_family,nuclear,0.0,counter_naxal_lwe,40.4,32,21.4,0.669,64.7,0.383,67.9,48.4,0.0,1.0,-1.0,2.0,1.0,1.0,2,5.0,1.0,4.0,0.137,0.082,0,34.2,-0.019,0
PID103405,CRPF,ASI/SI,11.3,False,not_applicable_unmarried,n/a,0.0,peace_training_static,17.7,28,20.5,0.732,47.7,0.162,89.0,13.0,3.0,1.0,2.0,3.0,2.0,1.0,1,2.0,2.0,0.0,0.058,-0.044,0,59.2,-0.01,0
PID103406,CRPF,Constable/GD,15.5,True,separated_hardship_posting,nuclear,0.493,counter_naxal_lwe,3.7,31,17.4,0.561,66.5,0.371,53.2,53.6,1.0,2.0,-1.0,4.0,2.0,2.0,0,3.0,4.0,-1.0,0.421,0.184,4,36.2,0.635,0
PID103407,CRPF,Constable/GD,17.3,False,not_applicable_unmarried,n/a,0.0,counter_naxal_lwe,3.6,30,10.4,0.347,63.0,0.344,58.9,46.3,5.0,2.0,3.0,4.0,3.0,1.0,0,9.0,7.0,2.0,0.377,0.266,2,37.2,1.542,0
PID103408,CRPF,Constable/GD,7.7,True,with_family,nuclear,0.0,peace_training_static,16.3,29,25.1,0.866,48.6,0.17,94.0,16.0,3.0,5.0,-2.0,2.0,2.0,0.0,1,0.0,0.0,0.0,0.074,-0.099,0,48.2,-1.169,0
PID103409,CRPF,Constable/GD,5.9,False,not_applicable_unmarried,n/a,0.0,counter_naxal_lwe,7.8,30,11.5,0.383,59.9,0.312,70.6,46.9,1.0,0.0,1.0,4.0,3.0,1.0,0,1.0,0.0,1.0,0.47,0.174,0,31.0,0.915,0
PID103410,CRPF,Head Constable,20.9,False,not_applicable_unmarried,n/a,0.0,counter_naxal_lwe,1.0,31,18.7,0.603,65.1,0.417,59.0,50.8,1.0,1.0,0.0,4.0,2.0,2.0,2,0.0,0.0,0.0,0.709,0.244,2,23.6,0.919,0
PID103411,CRPF,Constable/GD,2.2,True,with_family,nuclear,0.0,counter_insurgency_jk_ne,3.6,28,14.7,0.525,55.9,0.283,85.2,26.1,0.0,0.0,0.0,2.0,2.0,0.0,0,3.0,1.0,2.0,0.335,0.085,0,50.5,0.105,0
PID103412,CRPF,Constable/GD,15.6,True,separated_hardship_posting,joint,0.3,counter_naxal_lwe,3.6,31,20.5,0.661,57.5,0.43,57.5,49.1,0.0,0.0,0.0,3.0,2.0,1.0,0,3.0,2.0,1.0,0.384,0.181,0,39.7,0.445,0
PID103413,CRPF,Constable/GD,12.7,True,separated_hardship_posting,joint,0.267,counter_naxal_lwe,3.2,29,14.3,0.493,61.2,0.413,59.6,46.7,0.0,1.0,-1.0,3.0,2.0,1.0,0,3.0,2.0,1.0,0.033,-0.049,0,14.3,-0.2,0
PID103414,CRPF,Constable/GD,19.8,True,with_family,joint,0.0,peace_training_static,28.1,32,26.9,0.841,44.9,0.153,89.6,21.1,1.0,0.0,1.0,2.0,3.0,-1.0,0,4.0,2.0,2.0,0.481,0.021,0,46.1,-0.527,0
PID103415,CRPF,Constable/GD,15.9,False,not_applicable_unmarried,n/a,0.0,peace_training_static,18.0,28,20.4,0.729,49.7,0.115,83.5,8.2,1.0,1.0,0.0,1.0,2.0,-1.0,1,2.0,3.0,-1.0,0.073,0.009,0,44.7,-0.583,0
PID103416,CRPF,Head Constable,15.4,True,separated_hardship_posting,joint,0.083,law_order_vip_duty,1.0,29,22.9,0.79,46.2,0.286,70.7,20.7,0.0,1.0,-1.0,1.0,2.0,-1.0,3,1.0,2.0,-1.0,0.237,-0.096,0,13.7,-1.128,0
PID103417,CRPF,Head Constable,6.3,False,not_applicable_unmarried,n/a,0.0,law_order_vip_duty,11.1,32,25.5,0.797,56.4,0.254,77.8,28.5,0.0,0.0,0.0,2.0,1.0,1.0,0,2.0,2.0,0.0,0.116,0.032,0,4.1,-0.168,0
PID103418,CRPF,Constable/GD,17.7,True,separated_hardship_posting,joint,2.233,counter_naxal_lwe,26.8,29,18.8,0.648,59.5,0.157,67.8,23.3,0.0,1.0,-1.0,1.0,2.0,-1.0,1,0.0,0.0,0.0,0.296,0.099,1,30.0,-0.369,0
PID103419,CRPF,ASI/SI,14.5,True,with_family,nuclear,0.0,peace_training_static,3.9,28,27.2,0.971,36.1,0.071,92.5,4.8,2.0,1.0,1.0,1.0,1.0,0.0,0,0.0,0.0,0.0,0.532,-0.022,0,78.1,-0.602,0
PID103420,CRPF,ASI/SI,6.8,False,not_applicable_unmarried,n/a,0.0,counter_insurgency_jk_ne,10.6,30,19.2,0.64,53.2,0.31,70.9,28.2,4.0,7.0,-3.0,1.0,3.0,-2.0,2,0.0,2.0,-2.0,0.682,0.04,0,75.6,-1.057,0
PID103421,CRPF,Constable/GD,12.8,True,separated_hardship_posting,nuclear,6.4,counter_naxal_lwe,48.0,31,18.8,0.606,60.8,0.367,61.1,32.0,1.0,1.0,0.0,2.0,3.0,-1.0,0,0.0,0.0,0.0,0.561,-0.004,0,62.7,-0.475,0
PID103422,CRPF,Head Constable,5.4,True,with_family,nuclear,0.0,counter_naxal_lwe,21.4,30,18.6,0.62,63.8,0.392,57.4,42.9,6.0,8.0,-2.0,3.0,2.0,1.0,1,0.0,0.0,0.0,0.523,0.112,0,28.7,-0.023,0
PID103423,CRPF,Constable/GD,10.4,True,with_family,nuclear,0.0,counter_insurgency_jk_ne,1.0,30,20.7,0.69,57.5,0.393,70.8,43.9,1.0,0.0,1.0,3.0,1.0,2.0,4,2.0,7.0,-5.0,0.161,-0.092,0,27.5,-0.045,0
PID103424,CRPF,Constable/GD,35.0,True,separated_hardship_posting,nuclear,0.533,counter_naxal_lwe,4.0,28,10.8,0.386,57.2,0.385,72.7,40.5,4.0,0.0,4.0,3.0,2.0,1.0,1,1.0,2.0,-1.0,0.112,0.091,0,20.5,1.122,0
PID103425,CRPF,Constable/GD,6.0,True,with_family,nuclear,0.0,counter_naxal_lwe,37.1,29,14.6,0.503,58.9,0.225,68.7,30.3,1.0,0.0,1.0,3.0,1.0,2.0,0,1.0,1.0,0.0,0.069,-0.002,0,21.5,0.451,0
PID103426,CRPF,Constable/GD,4.1,True,separated_hardship_posting,nuclear,2.587,counter_naxal_lwe,19.4,28,10.5,0.375,57.2,0.362,63.0,34.0,1.0,0.0,1.0,2.0,2.0,0.0,1,4.0,6.0,-2.0,0.442,0.106,0,49.3,0.505,0
PID103427,CRPF,ASI/SI,5.1,True,with_family,nuclear,0.0,counter_insurgency_jk_ne,1.2,32,20.2,0.631,59.0,0.373,63.4,44.1,2.0,2.0,0.0,3.0,1.0,2.0,1,0.0,0.0,0.0,0.521,0.004,0,66.0,0.161,0
PID103428,CRPF,ASI/SI,10.3,False,not_applicable_unmarried,n/a,0.0,counter_naxal_lwe,2.6,29,20.8,0.717,61.6,0.357,56.6,33.8,1.0,1.0,0.0,3.0,2.0,1.0,1,3.0,0.0,3.0,0.312,0.059,0,36.2,0.008,0
PID103429,CRPF,ASI/SI,16.6,True,separated_hardship_posting,nuclear,1.693,counter_insurgency_jk_ne,12.7,31,21.3,0.687,60.5,0.312,64.8,42.1,2.0,2.0,0.0,3.0,2.0,1.0,2,0.0,1.0,-1.0,0.59,0.155,0,31.8,0.333,0
PID103430,CRPF,Head Constable,11.7,True,with_family,nuclear,0.0,counter_naxal_lwe,3.6,29,14.1,0.486,54.9,0.32,65.1,24.4,4.0,2.0,2.0,3.0,1.0,2.0,1,0.0,2.0,-2.0,0.348,0.071,0,26.1,0.847,0
PID103431,CRPF,Head Constable,4.6,True,with_family,nuclear,0.0,law_order_vip_duty,26.2,31,24.8,0.8,49.9,0.277,90.8,28.9,3.0,4.0,-1.0,1.0,1.0,0.0,1,4.0,2.0,2.0,0.117,0.028,0,36.7,-0.552,0
PID103432,CRPF,Inspector+,16.4,True,separated_hardship_posting,nuclear,0.747,counter_naxal_lwe,5.6,28,16.4,0.586,70.1,0.329,54.5,55.3,0.0,2.0,-2.0,3.0,2.0,1.0,0,1.0,1.0,0.0,0.61,0.175,0,27.1,0.207,0
PID103433,CRPF,Constable/GD,2.9,False,not_applicable_unmarried,n/a,0.0,counter_insurgency_jk_ne,29.7,28,17.5,0.625,60.6,0.336,60.7,31.8,0.0,0.0,0.0,3.0,3.0,0.0,1,1.0,1.0,0.0,0.593,0.118,1,18.9,0.084,0
PID103434,CRPF,Constable/GD,4.9,True,separated_hardship_posting,nuclear,0.28,law_order_vip_duty,2.1,29,17.8,0.614,50.8,0.246,82.5,20.9,2.0,5.0,-3.0,2.0,2.0,0.0,1,1.0,3.0,-2.0,0.006,-0.096,0,42.7,-1.01,0
PID103435,CRPF,Head Constable,8.0,True,with_family,joint,0.0,law_order_vip_duty,21.7,29,25.7,0.886,48.1,0.223,74.8,22.9,6.0,3.0,3.0,2.0,1.0,1.0,1,2.0,1.0,1.0,0.0,-0.07,0,27.9,-0.121,0
PID103436,CRPF,Constable/GD,20.5,True,with_family,nuclear,0.0,counter_naxal_lwe,10.9,29,12.4,0.428,66.4,0.379,51.5,40.6,1.0,1.0,0.0,2.0,2.0,0.0,0,0.0,1.0,-1.0,0.406,0.039,0,32.1,0.084,0
PID103437,CRPF,Constable/GD,12.0,True,with_family,nuclear,0.0,counter_insurgency_jk_ne,5.9,29,16.3,0.562,64.1,0.312,63.6,42.9,3.0,4.0,-1.0,2.0,1.0,1.0,1,5.0,5.0,0.0,0.428,0.056,1,40.2,0.033,0
PID103438,CRPF,Constable/GD,12.3,True,with_family,nuclear,0.0,peace_training_static,4.1,31,30.8,0.994,41.4,0.197,91.4,11.9,1.0,0.0,1.0,1.0,2.0,-1.0,2,0.0,1.0,-1.0,0.296,0.012,0,8.9,-0.74,0
PID103439,CRPF,Head Constable,4.6,True,with_family,joint,0.0,counter_naxal_lwe,25.3,30,15.4,0.513,57.8,0.391,71.1,26.8,0.0,0.0,0.0,3.0,2.0,1.0,0,6.0,7.0,-1.0,0.362,0.098,0,17.0,0.374,0
PID103440,CRPF,Constable/GD,8.5,True,with_family,nuclear,0.0,counter_insurgency_jk_ne,27.3,28,17.0,0.607,59.1,0.362,48.1,47.1,0.0,0.0,0.0,4.0,2.0,2.0,0,2.0,2.0,0.0,0.546,0.095,0,42.0,0.463,0
PID103441,CRPF,Constable/GD,18.9,True,separated_hardship_posting,nuclear,1.613,counter_insurgency_jk_ne,12.1,32,19.6,0.612,59.5,0.254,73.3,33.6,3.0,3.0,0.0,2.0,2.0,0.0,2,0.0,0.0,0.0,0.21,-0.028,1,22.5,-0.341,0
PID103442,CRPF,Constable/GD,14.0,True,with_family,nuclear,0.0,peace_training_static,13.6,31,28.1,0.906,47.9,0.07,85.2,18.5,0.0,0.0,0.0,3.0,3.0,0.0,1,5.0,1.0,4.0,0.194,-0.009,0,40.7,-0.638,0
PID103443,CRPF,Constable/GD,16.8,True,separated_hardship_posting,nuclear,2.947,counter_insurgency_jk_ne,22.1,30,18.3,0.61,65.4,0.304,52.9,45.7,0.0,0.0,0.0,3.0,2.0,1.0,0,4.0,1.0,3.0,0.582,0.177,3,29.0,0.495,0
PID103444,CRPF,ASI/SI,11.2,True,with_family,nuclear,0.0,peace_training_static,9.0,30,27.6,0.92,42.1,0.165,80.8,6.6,0.0,1.0,-1.0,1.0,2.0,-1.0,0,1.0,2.0,-1.0,0.273,-0.016,0,44.2,-1.044,0
PID103445,CRPF,Constable/GD,19.0,True,with_family,joint,0.0,law_order_vip_duty,4.6,29,22.0,0.759,52.2,0.252,73.2,21.0,1.0,1.0,0.0,3.0,2.0,1.0,0,7.0,5.0,2.0,0.512,-0.043,0,16.0,-0.35,0
PID103446,CRPF,Head Constable,4.6,True,separated_hardship_posting,joint,0.592,counter_insurgency_jk_ne,7.1,29,14.7,0.507,60.9,0.255,76.3,33.4,0.0,1.0,-1.0,3.0,3.0,0.0,0,4.0,1.0,3.0,0.317,0.154,0,27.6,0.181,0
PID103447,CRPF,Head Constable,10.1,True,with_family,nuclear,0.0,counter_naxal_lwe,1.8,28,10.7,0.382,64.8,0.397,62.7,45.7,2.0,1.0,1.0,4.0,2.0,2.0,3,6.0,1.0,5.0,0.427,0.342,1,64.1,1.634,0
PID103448,CRPF,Constable/GD,15.2,True,separated_hardship_posting,nuclear,3.987,law_order_vip_duty,29.9,32,27.0,0.844,49.4,0.182,92.2,22.3,0.0,0.0,0.0,2.0,2.0,0.0,0,0.0,0.0,0.0,0.16,0.02,0,45.5,-0.477,0
PID103449,CRPF,ASI/SI,3.6,True,separated_hardship_posting,nuclear,1.987,counter_naxal_lwe,14.9,29,19.1,0.659,59.6,0.39,62.2,39.8,6.0,5.0,1.0,2.0,1.0,1.0,0,2.0,2.0,0.0,0.302,-0.013,0,53.9,0.017,0
PID103450,CRPF,Head Constable,1.4,True,with_family,joint,0.0,counter_insurgency_jk_ne,6.2,31,19.6,0.632,56.2,0.317,70.1,25.8,0.0,1.0,-1.0,2.0,1.0,1.0,1,0.0,4.0,-4.0,0.0,-0.049,0,40.1,-0.368,0
PID103451,CRPF,Head Constable,29.0,True,with_family,joint,0.0,counter_naxal_lwe,11.3,28,16.4,0.586,68.8,0.336,45.4,50.9,3.0,1.0,2.0,5.0,1.0,4.0,1,0.0,0.0,0.0,0.799,0.269,0,20.9,1.751,1
PID103452,CRPF,Constable/GD,12.1,True,with_family,nuclear,0.0,law_order_vip_duty,2.3,28,18.3,0.654,48.1,0.188,74.1,12.8,1.0,1.0,0.0,1.0,1.0,0.0,1,2.0,4.0,-2.0,0.317,0.059,0,28.9,-0.127,0
PID103453,CRPF,Constable/GD,3.3,True,separated_hardship_posting,nuclear,0.133,law_order_vip_duty,1.0,29,14.4,0.497,50.7,0.228,78.2,25.0,4.0,6.0,-2.0,2.0,2.0,0.0,1,1.0,0.0,1.0,0.592,0.066,0,30.2,-0.227,0
PID103454,CRPF,Inspector+,11.9,True,with_family,nuclear,0.0,peace_training_static,8.8,28,24.5,0.875,49.1,0.125,76.7,21.8,0.0,0.0,0.0,1.0,1.0,0.0,0,1.0,0.0,1.0,0.088,0.04,0,30.2,-0.452,0
PID103455,CRPF,Head Constable,5.0,True,with_family,joint,0.0,counter_naxal_lwe,8.2,32,11.9,0.372,57.6,0.287,64.0,39.4,3.0,2.0,1.0,2.0,1.0,1.0,0,3.0,3.0,0.0,0.369,0.122,0,59.6,0.771,0
PID103456,CRPF,ASI/SI,6.3,True,with_family,nuclear,0.0,peace_training_static,1.0,28,25.8,0.921,47.0,0.156,86.3,13.8,4.0,1.0,3.0,2.0,2.0,0.0,0,4.0,1.0,3.0,0.486,0.065,0,36.6,0.031,0
PID103457,CRPF,ASI/SI,20.9,True,with_family,nuclear,0.0,peace_training_static,1.6,30,30.0,1.0,38.4,0.189,100.0,2.2,2.0,2.0,0.0,2.0,1.0,1.0,1,1.0,1.0,0.0,0.701,0.087,0,19.1,-0.249,0
PID103458,CRPF,Constable/GD,8.1,True,with_family,nuclear,0.0,peace_training_static,3.0,29,24.3,0.838,46.8,0.172,85.7,13.1,2.0,0.0,2.0,3.0,2.0,1.0,0,0.0,0.0,0.0,0.196,0.015,0,29.8,0.038,0
PID103459,CRPF,Head Constable,8.1,False,not_applicable_unmarried,n/a,0.0,law_order_vip_duty,19.6,29,20.1,0.693,52.2,0.239,68.9,27.0,0.0,0.0,0.0,1.0,2.0,-1.0,1,0.0,0.0,0.0,0.308,-0.033,0,46.1,-0.668,0
PID103460,CRPF,Constable/GD,4.9,False,not_applicable_unmarried,n/a,0.0,counter_naxal_lwe,2.2,28,12.4,0.443,62.7,0.323,51.2,42.6,5.0,2.0,3.0,2.0,3.0,-1.0,1,2.0,2.0,0.0,0.405,0.13,1,17.3,0.591,1
PID103461,CRPF,Head Constable,9.2,True,with_family,nuclear,0.0,peace_training_static,7.5,29,26.2,0.903,42.5,0.128,92.8,16.2,1.0,2.0,-1.0,1.0,1.0,0.0,0,3.0,1.0,2.0,0.37,-0.004,0,56.3,-0.774,0
PID103462,CRPF,Constable/GD,12.5,True,separated_hardship_posting,nuclear,2.173,law_order_vip_duty,16.3,28,20.9,0.746,52.9,0.212,73.6,24.3,2.0,4.0,-2.0,2.0,2.0,0.0,0,1.0,0.0,1.0,0.239,0.081,0,61.8,-0.482,0
PID103463,CRPF,Constable/GD,8.1,True,separated_hardship_posting,nuclear,2.133,law_order_vip_duty,16.0,30,19.4,0.647,51.8,0.227,78.6,23.7,3.0,2.0,1.0,4.0,1.0,3.0,0,0.0,1.0,-1.0,0.537,0.074,0,27.3,0.721,0
PID103464,CRPF,Head Constable,33.2,False,not_applicable_unmarried,n/a,0.0,counter_naxal_lwe,5.0,29,18.7,0.645,67.2,0.406,52.6,48.1,4.0,4.0,0.0,3.0,1.0,2.0,0,4.0,1.0,3.0,0.256,0.124,1,47.9,0.506,0
PID103465,CRPF,Head Constable,5.7,True,separated_hardship_posting,nuclear,0.68,counter_naxal_lwe,5.1,28,23.5,0.839,64.6,0.344,58.8,42.1,0.0,1.0,-1.0,2.0,3.0,-1.0,0,2.0,1.0,1.0,0.05,0.03,0,54.2,-0.806,0
PID103466,CRPF,Head Constable,5.7,True,separated_hardship_posting,joint,0.092,counter_naxal_lwe,1.1,28,19.0,0.679,56.2,0.24,79.8,22.5,0.0,0.0,0.0,3.0,2.0,1.0,1,3.0,2.0,1.0,0.104,0.005,0,24.7,-0.108,0
PID103467,CRPF,Constable/GD,9.0,False,not_applicable_unmarried,n/a,0.0,counter_insurgency_jk_ne,48.0,32,18.9,0.591,54.7,0.348,76.2,26.3,1.0,0.0,1.0,2.0,3.0,-1.0,2,1.0,1.0,0.0,0.0,-0.14,0,33.7,-0.712,0
PID103468,CRPF,Constable/GD,31.0,True,separated_hardship_posting,nuclear,1.253,counter_insurgency_jk_ne,9.4,29,17.0,0.586,55.5,0.324,72.2,41.9,2.0,0.0,2.0,3.0,1.0,2.0,1,0.0,0.0,0.0,0.117,0.038,0,35.9,0.626,1
PID103469,CRPF,Inspector+,16.9,True,with_family,nuclear,0.0,peace_training_static,19.2,30,25.5,0.85,46.7,0.129,82.1,17.9,2.0,3.0,-1.0,1.0,2.0,-1.0,1,0.0,1.0,-1.0,0.582,-0.014,0,45.5,-0.955,0
PID103470,CRPF,Constable/GD,7.9,True,with_family,nuclear,0.0,counter_naxal_lwe,1.4,30,14.9,0.497,61.3,0.28,62.1,38.0,0.0,0.0,0.0,3.0,1.0,2.0,0,6.0,7.0,-1.0,0.191,0.11,1,61.8,0.642,0
PID103471,CRPF,Constable/GD,7.9,True,with_family,joint,0.0,counter_naxal_lwe,48.0,30,19.4,0.647,61.3,0.3,69.1,35.2,3.0,7.0,-4.0,1.0,1.0,0.0,2,1.0,2.0,-1.0,0.241,-0.12,0,36.0,-1.276,0
PID103472,CRPF,Head Constable,5.6,False,not_applicable_unmarried,n/a,0.0,counter_naxal_lwe,1.0,32,20.6,0.644,73.3,0.307,58.9,59.7,3.0,0.0,3.0,3.0,1.0,2.0,1,1.0,2.0,-1.0,0.659,0.258,1,17.0,1.374,0
PID103473,CRPF,Constable/GD,8.8,True,with_family,joint,0.0,counter_naxal_lwe,1.8,31,13.5,0.435,59.9,0.315,57.9,36.1,3.0,0.0,3.0,4.0,3.0,1.0,2,3.0,1.0,2.0,0.182,0.031,0,13.3,0.729,0
PID103474,CRPF,Head Constable,10.0,True,separated_hardship_posting,joint,0.367,counter_insurgency_jk_ne,4.4,30,19.1,0.637,63.6,0.271,72.4,30.7,0.0,0.0,0.0,3.0,1.0,2.0,0,1.0,0.0,1.0,0.28,0.058,0,28.3,0.315,0
PID103475,CRPF,Constable/GD,16.5,True,with_family,joint,0.0,law_order_vip_duty,1.0,29,25.1,0.866,51.4,0.149,76.8,24.3,0.0,0.0,0.0,3.0,3.0,0.0,0,3.0,1.0,2.0,0.033,-0.026,0,35.5,-0.641,0
PID103476,CRPF,ASI/SI,14.6,True,with_family,nuclear,0.0,peace_training_static,1.3,32,27.7,0.866,37.3,0.249,94.1,4.3,0.0,0.0,0.0,1.0,2.0,-1.0,0,0.0,0.0,0.0,0.595,0.033,0,57.7,-0.675,0
PID103477,CRPF,ASI/SI,8.6,False,not_applicable_unmarried,n/a,0.0,counter_naxal_lwe,6.7,28,14.8,0.529,62.8,0.44,74.1,36.6,0.0,0.0,0.0,4.0,3.0,1.0,2,3.0,1.0,2.0,0.06,-0.041,0,13.7,-0.065,0
PID103478,CRPF,ASI/SI,24.8,False,not_applicable_unmarried,n/a,0.0,counter_naxal_lwe,3.2,30,18.6,0.62,66.5,0.367,46.6,46.0,3.0,3.0,0.0,3.0,2.0,1.0,0,0.0,0.0,0.0,0.475,0.053,0,37.0,0.11,0
PID103479,CRPF,Head Constable,7.3,False,not_applicable_unmarried,n/a,0.0,law_order_vip_duty,10.8,31,25.4,0.819,54.5,0.218,78.4,28.8,1.0,0.0,1.0,3.0,3.0,0.0,0,3.0,0.0,3.0,0.561,0.104,1,61.9,-0.039,0
PID103480,CRPF,Constable/GD,4.1,False,not_applicable_unmarried,n/a,0.0,counter_naxal_lwe,18.7,32,18.9,0.591,63.0,0.46,54.4,48.2,3.0,1.0,2.0,4.0,2.0,2.0,1,5.0,4.0,1.0,0.411,0.078,1,45.6,0.742,0
PID103481,CRPF,Head Constable,12.9,True,separated_hardship_posting,joint,0.083,law_order_vip_duty,1.0,28,21.8,0.779,52.1,0.317,76.7,22.8,0.0,3.0,-3.0,1.0,2.0,-1.0,0,3.0,4.0,-1.0,0.173,-0.114,0,21.1,-1.478,0
PID103482,CRPF,ASI/SI,20.1,True,with_family,nuclear,0.0,law_order_vip_duty,4.9,29,22.9,0.79,50.0,0.176,78.2,23.3,0.0,0.0,0.0,3.0,2.0,1.0,0,2.0,2.0,0.0,0.249,0.015,0,42.2,-0.211,0
PID103483,CRPF,Head Constable,11.0,True,with_family,nuclear,0.0,peace_training_static,11.5,28,24.4,0.871,49.6,0.135,69.2,17.4,4.0,6.0,-2.0,2.0,4.0,-2.0,1,0.0,3.0,-3.0,0.259,-0.005,0,38.8,-1.321,0
PID103484,CRPF,Head Constable,4.7,True,separated_hardship_posting,nuclear,1.493,counter_naxal_lwe,11.2,29,12.6,0.434,60.3,0.339,59.6,32.9,1.0,0.0,1.0,5.0,3.0,2.0,1,2.0,2.0,0.0,0.437,0.052,0,58.2,0.697,0
PID103485,CRPF,Head Constable,12.3,True,with_family,nuclear,0.0,peace_training_static,19.2,32,24.1,0.753,43.4,0.104,94.2,1.5,0.0,0.0,0.0,3.0,2.0,1.0,0,1.0,3.0,-2.0,0.903,0.063,0,50.4,-0.024,0
PID103486,CRPF,Head Constable,13.2,True,with_family,nuclear,0.0,peace_training_static,1.0,28,27.0,0.964,47.6,0.11,95.3,12.4,4.0,1.0,3.0,2.0,3.0,-1.0,0,1.0,0.0,1.0,0.219,-0.049,0,43.5,-0.58,0
PID103487,CRPF,Head Constable,14.0,True,with_family,nuclear,0.0,counter_naxal_lwe,16.6,31,17.4,0.561,60.8,0.345,65.8,36.3,1.0,0.0,1.0,3.0,3.0,0.0,1,4.0,5.0,-1.0,0.505,0.004,0,47.7,-0.028,0
PID103488,CRPF,Constable/GD,12.4,False,not_applicable_unmarried,n/a,0.0,counter_insurgency_jk_ne,12.3,32,20.6,0.644,63.1,0.313,70.9,40.8,0.0,2.0,-2.0,3.0,2.0,1.0,0,0.0,0.0,0.0,0.536,0.116,0,39.9,-0.041,0
PID103489,CRPF,Constable/GD,21.6,True,separated_hardship_posting,nuclear,2.467,counter_insurgency_jk_ne,18.5,28,14.3,0.511,59.9,0.313,62.6,44.7,1.0,2.0,-1.0,4.0,3.0,1.0,1,5.0,2.0,3.0,0.342,0.082,1,27.7,0.173,0
PID103490,CRPF,Head Constable,5.5,True,with_family,joint,0.0,counter_naxal_lwe,10.7,29,16.3,0.562,58.9,0.436,58.3,39.7,0.0,0.0,0.0,2.0,1.0,1.0,3,1.0,0.0,1.0,0.042,0.022,0,50.0,0.084,0
PID103491,CRPF,Constable/GD,1.0,False,not_applicable_unmarried,n/a,0.0,peace_training_static,5.8,32,29.0,0.906,41.4,0.072,97.6,17.5,2.0,3.0,-1.0,2.0,1.0,1.0,0,0.0,0.0,0.0,0.386,0.231,1,29.1,0.145,0
PID103492,CRPF,ASI/SI,2.9,True,separated_hardship_posting,nuclear,0.267,counter_naxal_lwe,2.0,31,20.9,0.674,59.7,0.408,59.8,43.8,0.0,1.0,-1.0,3.0,2.0,1.0,0,2.0,0.0,2.0,0.255,0.141,1,44.6,0.154,0
PID103493,CRPF,Head Constable,4.7,True,with_family,nuclear,0.0,counter_naxal_lwe,23.8,28,18.0,0.643,71.4,0.285,60.8,49.6,0.0,0.0,0.0,3.0,1.0,2.0,0,2.0,3.0,-1.0,0.511,0.249,1,49.7,0.886,0
PID103494,CRPF,Constable/GD,18.1,True,with_family,nuclear,0.0,counter_naxal_lwe,3.0,32,15.4,0.481,61.0,0.364,53.9,37.2,0.0,0.0,0.0,3.0,2.0,1.0,0,2.0,0.0,2.0,0.153,0.102,0,20.4,0.423,0
PID103495,CRPF,ASI/SI,9.2,False,not_applicable_unmarried,n/a,0.0,law_order_vip_duty,7.7,32,25.5,0.797,55.0,0.283,77.4,27.7,1.0,2.0,-1.0,1.0,2.0,-1.0,1,3.0,0.0,3.0,0.227,-0.052,0,35.8,-1.003,0
PID103496,CRPF,Head Constable,25.9,False,not_applicable_unmarried,n/a,0.0,peace_training_static,6.4,29,23.9,0.824,40.8,0.154,100.0,4.2,0.0,1.0,-1.0,1.0,1.0,0.0,0,4.0,6.0,-2.0,0.484,-0.097,0,62.5,-0.957,0
PID103497,CRPF,Head Constable,5.2,True,separated_hardship_posting,joint,2.483,law_order_vip_duty,29.8,30,14.7,0.49,47.7,0.201,85.7,21.3,3.0,2.0,1.0,4.0,2.0,2.0,1,1.0,0.0,1.0,0.163,-0.001,0,59.2,0.471,0
PID103498,CRPF,Constable/GD,25.6,True,with_family,nuclear,0.0,law_order_vip_duty,36.0,29,26.9,0.928,51.2,0.237,83.7,19.7,0.0,1.0,-1.0,2.0,2.0,0.0,0,1.0,3.0,-2.0,0.067,-0.156,0,45.6,-1.263,0
PID103499,CRPF,ASI/SI,6.3,True,with_family,nuclear,0.0,counter_naxal_lwe,1.5,30,15.4,0.513,68.8,0.449,46.5,58.5,0.0,0.0,0.0,4.0,1.0,3.0,0,8.0,8.0,0.0,0.056,0.036,1,36.4,0.613,0
PID103500,CRPF,Constable/GD,9.9,True,separated_hardship_posting,nuclear,0.28,law_order_vip_duty,2.1,31,26.4,0.852,46.8,0.184,80.2,17.6,0.0,1.0,-1.0,2.0,1.0,1.0,0,0.0,0.0,0.0,0.094,-0.038,0,35.0,-0.601,0
PID103501,CRPF,Head Constable,3.3,False,not_applicable_unmarried,n/a,0.0,counter_insurgency_jk_ne,13.0,31,16.6,0.535,55.5,0.334,71.7,37.8,1.0,0.0,1.0,3.0,2.0,1.0,0,0.0,4.0,-4.0,0.083,0.063,0,29.1,0.395,0
PID103502,CRPF,Constable/GD,23.7,True,separated_hardship_posting,nuclear,0.68,counter_insurgency_jk_ne,5.1,32,16.8,0.525,61.6,0.358,57.6,48.7,3.0,1.0,2.0,4.0,2.0,2.0,0,2.0,1.0,1.0,0.557,0.125,0,38.0,0.962,1
PID103503,CRPF,Head Constable,10.8,False,not_applicable_unmarried,n/a,0.0,law_order_vip_duty,1.9,28,19.4,0.693,58.4,0.197,73.7,33.0,2.0,0.0,2.0,3.0,2.0,1.0,1,3.0,1.0,2.0,0.465,0.05,0,58.5,0.321,0
PID103504,CRPF,Head Constable,34.0,False,not_applicable_unmarried,n/a,0.0,peace_training_static,4.5,32,29.6,0.925,47.7,0.224,84.4,22.3,1.0,6.0,-5.0,1.0,2.0,-1.0,1,1.0,1.0,0.0,0.026,-0.054,0,29.6,-1.781,0
PID103505,CRPF,Head Constable,20.6,True,with_family,joint,0.0,law_order_vip_duty,3.6,32,24.5,0.766,54.7,0.344,69.7,38.5,1.0,0.0,1.0,3.0,1.0,2.0,0,1.0,1.0,0.0,0.274,0.051,0,20.0,0.293,0
PID103506,CRPF,Constable/GD,9.8,False,not_applicable_unmarried,n/a,0.0,law_order_vip_duty,12.6,29,23.2,0.8,48.4,0.286,81.0,24.6,2.0,0.0,2.0,3.0,2.0,1.0,0,7.0,5.0,2.0,0.336,0.003,0,53.7,0.047,0
PID103507,CRPF,ASI/SI,7.0,True,separated_hardship_posting,nuclear,1.827,counter_insurgency_jk_ne,13.7,28,15.3,0.546,52.7,0.366,75.2,31.6,5.0,2.0,3.0,4.0,1.0,3.0,0,3.0,0.0,3.0,0.535,0.025,0,33.6,1.004,1
PID103508,CRPF,Head Constable,18.6,True,separated_hardship_posting,nuclear,3.267,counter_naxal_lwe,24.5,29,16.1,0.555,57.4,0.246,70.4,34.6,2.0,5.0,-3.0,1.0,2.0,-1.0,0,0.0,0.0,0.0,0.275,-0.033,0,24.3,-0.963,0
PID103509,CRPF,Constable/GD,11.5,False,not_applicable_unmarried,n/a,0.0,counter_insurgency_jk_ne,5.4,32,16.7,0.522,54.5,0.221,72.3,36.4,0.0,0.0,0.0,3.0,2.0,1.0,0,6.0,3.0,3.0,0.454,0.257,3,39.5,0.841,0
PID103510,CRPF,Inspector+,6.7,True,with_family,joint,0.0,law_order_vip_duty,8.2,28,25.4,0.907,52.9,0.215,82.1,24.7,1.0,1.0,0.0,3.0,3.0,0.0,0,0.0,1.0,-1.0,0.585,0.131,0,34.0,-0.218,0
PID103511,CRPF,Head Constable,12.0,False,not_applicable_unmarried,n/a,0.0,law_order_vip_duty,14.4,28,17.1,0.611,47.1,0.181,86.6,19.7,0.0,1.0,-1.0,3.0,2.0,1.0,0,0.0,0.0,0.0,0.665,-0.024,0,39.8,-0.268,0
PID103512,CRPF,Inspector+,2.5,True,separated_hardship_posting,joint,0.883,law_order_vip_duty,10.6,28,18.5,0.661,53.0,0.258,78.1,23.1,1.0,1.0,0.0,3.0,2.0,1.0,1,4.0,1.0,3.0,0.359,0.092,0,46.4,0.175,0
PID103513,CRPF,Inspector+,14.2,True,separated_hardship_posting,nuclear,0.56,counter_naxal_lwe,4.2,28,14.1,0.504,60.7,0.179,73.6,40.6,1.0,3.0,-2.0,4.0,2.0,2.0,0,3.0,5.0,-2.0,0.573,0.159,1,44.3,0.472,0
PID103514,CRPF,ASI/SI,15.8,False,not_applicable_unmarried,n/a,0.0,counter_naxal_lwe,19.4,31,24.2,0.781,59.7,0.387,63.7,43.1,0.0,3.0,-3.0,1.0,2.0,-1.0,0,0.0,0.0,0.0,0.4,0.104,0,45.7,-0.821,0
PID103515,CRPF,Head Constable,5.1,True,separated_hardship_posting,nuclear,1.133,counter_naxal_lwe,8.5,28,17.7,0.632,65.5,0.339,56.3,45.4,6.0,5.0,1.0,3.0,2.0,1.0,1,1.0,0.0,1.0,0.66,0.042,0,40.9,0.214,0
PID103516,CRPF,Head Constable,21.9,True,separated_hardship_posting,joint,0.992,law_order_vip_duty,11.9,32,21.4,0.669,48.2,0.187,79.8,18.7,1.0,0.0,1.0,2.0,1.0,1.0,2,0.0,0.0,0.0,0.495,0.11,0,12.1,0.374,0
PID103517,CRPF,Constable/GD,19.3,True,with_family,nuclear,0.0,peace_training_static,1.5,29,28.6,0.986,51.7,0.234,77.2,23.6,1.0,2.0,-1.0,2.0,2.0,0.0,1,3.0,0.0,3.0,0.0,-0.071,0,40.0,-1.077,0
PID103518,CRPF,Constable/GD,13.4,True,separated_hardship_posting,joint,1.833,counter_insurgency_jk_ne,22.0,30,19.5,0.65,61.3,0.282,68.2,38.2,2.0,4.0,-2.0,2.0,3.0,-1.0,1,1.0,1.0,0.0,0.027,-0.115,0,19.4,-1.171,0
PID103519,CRPF,Head Constable,6.0,True,separated_hardship_posting,nuclear,0.133,law_order_vip_duty,1.0,30,23.3,0.777,48.0,0.123,89.5,15.5,0.0,1.0,-1.0,2.0,3.0,-1.0,2,1.0,2.0,-1.0,0.136,-0.022,0,27.9,-0.888,0
PID103520,CRPF,Constable/GD,16.3,False,not_applicable_unmarried,n/a,0.0,law_order_vip_duty,9.1,32,26.1,0.816,56.8,0.247,72.5,30.5,2.0,1.0,1.0,3.0,3.0,0.0,0,2.0,0.0,2.0,0.278,-0.049,0,28.2,-0.496,0
PID103521,CRPF,ASI/SI,8.9,True,with_family,nuclear,0.0,counter_naxal_lwe,9.4,31,17.2,0.555,57.6,0.373,67.8,29.3,2.0,6.0,-4.0,1.0,1.0,0.0,0,0.0,3.0,-3.0,0.43,0.083,0,47.3,-0.555,0
PID103522,CRPF,Constable/GD,12.6,False,not_applicable_unmarried,n/a,0.0,counter_naxal_lwe,8.5,28,15.9,0.568,67.2,0.34,49.9,59.4,0.0,0.0,0.0,4.0,3.0,1.0,1,0.0,0.0,0.0,0.076,0.056,1,11.9,0.18,0
PID103523,CRPF,Constable/GD,17.2,False,not_applicable_unmarried,n/a,0.0,counter_naxal_lwe,18.4,32,12.9,0.403,63.3,0.491,51.9,51.9,0.0,0.0,0.0,4.0,2.0,2.0,0,5.0,1.0,4.0,0.476,0.224,3,35.7,1.101,1
PID103524,CRPF,Constable/GD,4.1,True,with_family,nuclear,0.0,peace_training_static,15.2,28,28.0,1.0,39.7,0.133,98.7,5.7,2.0,4.0,-2.0,3.0,3.0,0.0,0,0.0,2.0,-2.0,0.035,-0.052,0,37.3,-1.189,0
PID103525,CRPF,Constable/GD,3.2,True,with_family,joint,0.0,counter_naxal_lwe,8.5,30,15.2,0.507,56.8,0.411,60.1,39.2,1.0,5.0,-4.0,1.0,2.0,-1.0,1,1.0,0.0,1.0,0.792,0.226,0,50.3,-0.279,0
PID103526,CRPF,Constable/GD,8.4,True,separated_hardship_posting,nuclear,0.493,counter_insurgency_jk_ne,3.7,32,15.5,0.484,56.4,0.319,70.0,38.4,0.0,0.0,0.0,2.0,1.0,1.0,2,2.0,1.0,1.0,0.183,-0.016,0,40.2,0.064,0
PID103527,CRPF,Constable/GD,30.8,False,not_applicable_unmarried,n/a,0.0,counter_naxal_lwe,1.5,30,15.0,0.5,65.5,0.426,55.2,50.3,0.0,1.0,-1.0,3.0,3.0,0.0,1,0.0,0.0,0.0,0.328,0.285,3,46.9,0.584,0
PID103528,CRPF,ASI/SI,34.8,True,separated_hardship_posting,nuclear,0.133,law_order_vip_duty,1.0,30,21.1,0.703,51.3,0.2,78.9,21.3,1.0,0.0,1.0,3.0,2.0,1.0,0,1.0,0.0,1.0,0.247,0.094,0,40.4,0.285,0
PID103529,CRPF,Constable/GD,14.0,True,with_family,nuclear,0.0,counter_naxal_lwe,8.0,29,13.5,0.466,61.2,0.286,69.3,36.7,2.0,0.0,2.0,5.0,2.0,3.0,0,0.0,0.0,0.0,0.25,0.098,0,64.4,1.167,0
PID103530,CRPF,Constable/GD,19.6,False,not_applicable_unmarried,n/a,0.0,peace_training_static,1.0,31,30.2,0.974,46.2,0.166,87.9,20.6,1.0,1.0,0.0,1.0,3.0,-2.0,0,4.0,5.0,-1.0,0.621,0.041,0,32.2,-0.997,0
PID103531,CRPF,Constable/GD,11.1,True,separated_hardship_posting,nuclear,2.947,counter_naxal_lwe,22.1,31,20.0,0.645,54.0,0.368,62.7,35.7,5.0,6.0,-1.0,2.0,2.0,0.0,2,3.0,3.0,0.0,0.438,0.101,0,73.7,-0.146,0
PID103532,CRPF,Constable/GD,12.0,True,with_family,nuclear,0.0,peace_training_static,6.3,32,22.9,0.716,49.3,0.168,86.1,17.9,2.0,0.0,2.0,2.0,2.0,0.0,1,2.0,0.0,2.0,0.335,-0.005,0,30.4,-0.086,0
PID103533,CRPF,Constable/GD,9.9,False,not_applicable_unmarried,n/a,0.0,law_order_vip_duty,15.8,32,22.5,0.703,57.4,0.183,70.5,28.5,2.0,8.0,-6.0,1.0,1.0,0.0,1,1.0,4.0,-3.0,0.183,0.073,0,50.4,-1.071,0
PID103534,CRPF,Head Constable,21.0,True,with_family,nuclear,0.0,counter_insurgency_jk_ne,40.6,30,16.7,0.557,61.2,0.329,55.3,41.1,0.0,1.0,-1.0,2.0,1.0,1.0,0,0.0,0.0,0.0,0.371,0.059,0,61.7,0.048,1
PID103535,CRPF,Head Constable,26.0,True,with_family,joint,0.0,law_order_vip_duty,11.4,29,21.2,0.731,50.3,0.124,88.2,22.6,4.0,2.0,2.0,3.0,1.0,2.0,0,1.0,0.0,1.0,0.457,0.074,0,36.0,0.56,0
PID103536,CRPF,Constable/GD,11.8,True,separated_hardship_posting,nuclear,0.707,counter_insurgency_jk_ne,5.3,30,23.1,0.77,54.5,0.271,66.1,26.9,0.0,1.0,-1.0,2.0,2.0,0.0,0,2.0,5.0,-3.0,0.203,-0.034,0,37.7,-0.704,0
PID103537,CRPF,Head Constable,11.9,False,not_applicable_unmarried,n/a,0.0,counter_naxal_lwe,3.3,29,13.5,0.466,57.7,0.308,66.1,39.2,0.0,0.0,0.0,2.0,2.0,0.0,0,0.0,0.0,0.0,0.384,0.097,0,18.7,0.214,0
PID103538,CRPF,Constable/GD,10.3,False,not_applicable_unmarried,n/a,0.0,law_order_vip_duty,14.1,29,26.4,0.91,47.5,0.25,83.5,22.8,2.0,2.0,0.0,2.0,2.0,0.0,0,0.0,0.0,0.0,0.444,0.066,0,89.7,-0.417,0
PID103539,CRPF,Constable/GD,26.4,False,not_applicable_unmarried,n/a,0.0,counter_insurgency_jk_ne,15.2,29,17.0,0.586,67.1,0.271,58.9,47.2,1.0,0.0,1.0,4.0,1.0,3.0,1,2.0,2.0,0.0,0.15,0.018,1,35.8,0.626,0
PID103540,CRPF,ASI/SI,18.3,False,not_applicable_unmarried,n/a,0.0,counter_insurgency_jk_ne,2.7,30,22.7,0.757,57.7,0.218,68.1,31.7,0.0,1.0,-1.0,3.0,1.0,2.0,0,2.0,2.0,0.0,0.369,0.11,0,60.3,0.173,0
PID103541,CRPF,Constable/GD,5.9,True,with_family,nuclear,0.0,law_order_vip_duty,1.0,29,20.8,0.717,55.6,0.186,69.4,21.8,2.0,0.0,2.0,2.0,1.0,1.0,0,0.0,0.0,0.0,0.744,-0.019,0,28.5,0.082,0
PID103542,CRPF,ASI/SI,30.3,True,separated_hardship_posting,nuclear,1.733,law_order_vip_duty,13.0,29,20.5,0.707,55.4,0.256,68.3,34.7,1.0,0.0,1.0,3.0,3.0,0.0,1,1.0,0.0,1.0,0.253,0.048,0,18.1,-0.071,0
PID103543,CRPF,Constable/GD,1.8,True,separated_hardship_posting,nuclear,0.52,counter_naxal_lwe,3.9,30,16.4,0.547,62.6,0.358,54.4,37.3,2.0,2.0,0.0,4.0,3.0,1.0,0,0.0,6.0,-6.0,0.61,0.082,0,29.7,0.285,0
PID103544,CRPF,Constable/GD,24.9,False,not_applicable_unmarried,n/a,0.0,counter_naxal_lwe,7.0,28,19.3,0.689,58.3,0.305,66.9,37.0,2.0,1.0,1.0,3.0,1.0,2.0,1,5.0,4.0,1.0,0.162,0.072,0,42.0,0.449,0
PID103545,CRPF,Constable/GD,20.0,False,not_applicable_unmarried,n/a,0.0,counter_naxal_lwe,13.0,28,15.9,0.568,64.1,0.4,54.2,48.4,0.0,0.0,0.0,3.0,2.0,1.0,2,5.0,2.0,3.0,0.457,0.095,0,41.1,0.298,0
PID103546,CRPF,Constable/GD,11.8,True,separated_hardship_posting,nuclear,1.827,counter_insurgency_jk_ne,13.7,31,19.2,0.619,53.7,0.394,60.9,39.4,2.0,0.0,2.0,3.0,3.0,0.0,0,4.0,7.0,-3.0,0.265,0.098,0,29.5,0.34,0
PID103547,CRPF,Inspector+,11.7,False,not_applicable_unmarried,n/a,0.0,counter_naxal_lwe,21.6,32,19.5,0.609,64.4,0.405,55.2,43.8,0.0,0.0,0.0,4.0,3.0,1.0,1,2.0,0.0,2.0,0.54,0.059,1,32.6,0.141,0
PID103548,CRPF,Constable/GD,10.6,True,separated_hardship_posting,nuclear,5.573,counter_naxal_lwe,41.8,29,13.3,0.459,57.9,0.212,68.0,27.9,0.0,1.0,-1.0,3.0,2.0,1.0,0,0.0,0.0,0.0,0.48,0.277,1,41.6,0.823,0
PID103549,CRPF,ASI/SI,6.1,True,separated_hardship_posting,nuclear,1.52,law_order_vip_duty,11.4,28,22.0,0.786,50.3,0.234,80.9,25.0,1.0,2.0,-1.0,1.0,2.0,-1.0,0,3.0,3.0,0.0,0.527,-0.06,0,27.6,-1.014,0
PID103550,CRPF,ASI/SI,29.0,True,with_family,nuclear,0.0,counter_naxal_lwe,4.4,30,14.6,0.487,60.2,0.341,66.3,38.5,2.0,1.0,1.0,4.0,3.0,1.0,0,0.0,0.0,0.0,0.798,0.178,0,32.4,0.799,0
PID103551,CRPF,Head Constable,11.4,False,not_applicable_unmarried,n/a,0.0,counter_naxal_lwe,48.0,28,19.8,0.707,67.6,0.228,68.6,32.8,0.0,0.0,0.0,1.0,3.0,-2.0,0,1.0,0.0,1.0,0.356,-0.078,0,23.2,-1.032,0
PID103552,CRPF,Constable/GD,6.0,True,separated_hardship_posting,nuclear,0.267,peace_training_static,2.0,32,30.1,0.941,36.3,0.043,100.0,1.3,1.0,3.0,-2.0,2.0,2.0,0.0,1,6.0,5.0,1.0,0.0,-0.077,0,51.3,-1.194,0
PID103553,CRPF,Constable/GD,28.0,True,separated_hardship_posting,joint,0.083,law_order_vip_duty,1.0,28,23.1,0.825,61.3,0.268,59.3,49.0,1.0,0.0,1.0,4.0,3.0,1.0,1,1.0,3.0,-2.0,0.694,0.092,0,19.8,0.132,0
PID103554,CRPF,Constable/GD,14.9,False,not_applicable_unmarried,n/a,0.0,law_order_vip_duty,11.4,30,16.4,0.547,48.8,0.231,68.0,26.7,0.0,0.0,0.0,2.0,1.0,1.0,2,3.0,0.0,3.0,0.0,-0.201,0,35.0,-0.571,0
PID103555,CRPF,Head Constable,15.4,True,separated_hardship_posting,nuclear,1.053,counter_naxal_lwe,7.9,29,18.1,0.624,61.5,0.355,53.0,38.5,4.0,3.0,1.0,4.0,2.0,2.0,0,1.0,0.0,1.0,0.409,-0.042,0,47.6,0.186,0
PID103556,CRPF,Constable/GD,31.5,True,separated_hardship_posting,nuclear,1.64,law_order_vip_duty,12.3,30,22.0,0.733,53.7,0.181,74.7,28.1,0.0,1.0,-1.0,3.0,2.0,1.0,0,0.0,0.0,0.0,0.389,-0.081,0,48.8,-0.585,0
PID103557,CRPF,ASI/SI,16.7,False,not_applicable_unmarried,n/a,0.0,peace_training_static,9.8,31,23.6,0.761,47.3,0.185,74.9,24.2,2.0,1.0,1.0,2.0,2.0,0.0,1,0.0,1.0,-1.0,0.233,0.043,0,22.6,-0.152,0
PID103558,CRPF,Head Constable,7.7,True,separated_hardship_posting,nuclear,0.133,counter_naxal_lwe,1.0,29,16.2,0.559,65.4,0.276,57.3,36.3,0.0,1.0,-1.0,3.0,3.0,0.0,0,4.0,3.0,1.0,0.171,0.044,0,51.5,-0.214,0
PID103559,CRPF,Constable/GD,16.6,True,with_family,nuclear,0.0,counter_naxal_lwe,5.7,32,13.0,0.406,64.4,0.297,61.5,42.1,7.0,3.0,4.0,5.0,2.0,3.0,0,0.0,0.0,0.0,0.282,0.023,0,46.8,1.321,0
PID103560,CRPF,Head Constable,6.5,True,with_family,joint,0.0,counter_naxal_lwe,23.9,32,19.4,0.606,70.1,0.331,50.3,59.6,1.0,0.0,1.0,2.0,1.0,1.0,0,0.0,0.0,0.0,0.312,0.158,2,49.8,0.597,0
PID103561,CRPF,Constable/GD,8.6,False,not_applicable_unmarried,n/a,0.0,peace_training_static,3.7,30,30.0,1.0,48.9,0.028,90.8,4.6,5.0,4.0,1.0,2.0,2.0,0.0,0,2.0,3.0,-1.0,0.19,-0.015,0,38.1,-0.614,0
PID103562,CRPF,ASI/SI,13.7,True,separated_hardship_posting,joint,2.075,counter_naxal_lwe,24.9,29,10.6,0.366,61.5,0.297,60.8,39.3,1.0,0.0,1.0,4.0,2.0,2.0,1,2.0,0.0,2.0,0.223,0.186,0,46.6,1.185,0
PID103563,CRPF,Constable/GD,19.5,True,separated_hardship_posting,nuclear,1.267,counter_insurgency_jk_ne,9.5,29,17.3,0.597,55.8,0.364,63.5,35.1,1.0,0.0,1.0,3.0,2.0,1.0,2,0.0,0.0,0.0,0.178,-0.095,0,48.9,-0.155,0
PID103564,CRPF,Inspector+,8.0,False,not_applicable_unmarried,n/a,0.0,counter_insurgency_jk_ne,4.8,32,18.7,0.584,55.7,0.249,83.0,25.7,0.0,0.0,0.0,3.0,2.0,1.0,0,0.0,0.0,0.0,0.21,-0.002,0,77.1,-0.014,0
PID103565,CRPF,ASI/SI,10.4,True,separated_hardship_posting,joint,0.542,peace_training_static,6.5,31,21.9,0.706,51.2,0.167,80.8,28.1,0.0,0.0,0.0,4.0,2.0,2.0,1,2.0,0.0,2.0,0.14,0.008,0,14.1,0.083,0
PID103566,CRPF,ASI/SI,10.3,False,not_applicable_unmarried,n/a,0.0,counter_naxal_lwe,3.5,30,19.2,0.64,69.0,0.388,53.3,59.1,0.0,0.0,0.0,3.0,3.0,0.0,0,2.0,1.0,1.0,0.295,0.188,0,46.1,0.276,0
PID103567,CRPF,Constable/GD,21.4,False,not_applicable_unmarried,n/a,0.0,counter_insurgency_jk_ne,11.6,31,20.5,0.661,62.0,0.29,69.3,37.4,0.0,0.0,0.0,2.0,2.0,0.0,1,2.0,1.0,1.0,0.139,0.083,0,50.9,-0.066,0
PID103568,CRPF,ASI/SI,11.6,False,not_applicable_unmarried,n/a,0.0,peace_training_static,4.9,29,29.0,1.0,36.0,0.035,100.0,0.0,0.0,0.0,0.0,1.0,2.0,-1.0,0,0.0,1.0,-1.0,0.15,0.029,0,44.4,-0.849,0
PID103569,CRPF,Constable/GD,30.1,True,with_family,nuclear,0.0,counter_naxal_lwe,21.0,31,18.5,0.597,53.0,0.354,69.3,38.0,3.0,2.0,1.0,3.0,2.0,1.0,0,0.0,0.0,0.0,0.487,0.141,2,55.2,0.556,0
PID103570,CRPF,Head Constable,8.6,True,with_family,nuclear,0.0,law_order_vip_duty,1.7,32,21.4,0.669,52.0,0.093,89.4,21.6,0.0,1.0,-1.0,2.0,1.0,1.0,1,6.0,2.0,4.0,0.287,0.094,0,54.4,0.02,0
PID103571,CRPF,Constable/GD,8.2,True,with_family,nuclear,0.0,counter_naxal_lwe,12.9,30,18.0,0.6,61.3,0.318,61.2,40.9,3.0,0.0,3.0,4.0,2.0,2.0,2,0.0,0.0,0.0,0.191,-0.026,0,45.4,0.571,0
PID103572,CRPF,Constable/GD,24.7,False,not_applicable_unmarried,n/a,0.0,counter_naxal_lwe,6.7,31,20.9,0.674,62.1,0.365,67.2,45.0,0.0,0.0,0.0,3.0,2.0,1.0,1,1.0,2.0,-1.0,0.341,0.096,1,38.5,0.171,0
PID103573,CRPF,Constable/GD,15.9,False,not_applicable_unmarried,n/a,0.0,counter_naxal_lwe,6.2,30,15.1,0.503,67.0,0.402,46.8,56.2,3.0,1.0,2.0,4.0,1.0,3.0,1,3.0,3.0,0.0,0.455,0.248,2,9.1,1.574,1
PID103574,CRPF,Constable/GD,35.0,True,with_family,nuclear,0.0,counter_naxal_lwe,17.0,28,18.0,0.643,66.8,0.341,55.0,44.5,2.0,1.0,1.0,3.0,2.0,1.0,1,0.0,1.0,-1.0,0.185,0.047,0,72.6,0.217,0
PID103575,CRPF,Constable/GD,24.2,True,separated_hardship_posting,nuclear,0.227,counter_naxal_lwe,1.7,28,8.3,0.296,62.7,0.314,63.8,38.7,0.0,0.0,0.0,4.0,2.0,2.0,1,2.0,1.0,1.0,0.277,0.144,0,5.4,0.987,0
PID103576,CRPF,ASI/SI,4.9,True,with_family,nuclear,0.0,law_order_vip_duty,13.0,29,26.2,0.903,45.9,0.179,88.5,14.3,0.0,1.0,-1.0,2.0,1.0,1.0,1,6.0,6.0,0.0,0.536,0.191,0,50.0,0.026,0
PID103577,CRPF,Constable/GD,11.5,True,with_family,joint,0.0,counter_insurgency_jk_ne,18.7,29,19.8,0.683,53.1,0.272,69.6,19.5,1.0,0.0,1.0,2.0,3.0,-1.0,1,1.0,0.0,1.0,0.215,-0.02,0,45.9,-0.46,0
PID103578,CRPF,Head Constable,13.7,False,not_applicable_unmarried,n/a,0.0,counter_insurgency_jk_ne,9.9,28,9.2,0.329,58.3,0.337,56.5,38.0,0.0,0.0,0.0,2.0,2.0,0.0,0,0.0,0.0,0.0,0.322,0.247,1,20.9,0.832,0
PID103579,CRPF,Constable/GD,13.2,False,not_applicable_unmarried,n/a,0.0,law_order_vip_duty,2.5,32,25.1,0.784,53.7,0.241,78.1,22.8,0.0,0.0,0.0,3.0,2.0,1.0,0,2.0,2.0,0.0,0.221,0.093,0,74.8,0.031,0
PID103580,CRPF,Head Constable,10.5,True,with_family,nuclear,0.0,peace_training_static,11.1,31,21.9,0.706,41.1,0.119,92.8,7.4,0.0,0.0,0.0,2.0,3.0,-1.0,1,3.0,3.0,0.0,0.456,0.107,0,54.4,-0.259,0
PID103581,CRPF,Head Constable,13.0,False,not_applicable_unmarried,n/a,0.0,counter_naxal_lwe,15.9,28,13.6,0.486,64.6,0.388,55.1,42.4,1.0,1.0,0.0,4.0,2.0,2.0,1,2.0,2.0,0.0,0.657,0.241,1,45.5,1.05,0
PID103582,CRPF,Constable/GD,13.4,True,separated_hardship_posting,nuclear,0.16,counter_naxal_lwe,1.2,32,19.6,0.612,55.0,0.35,79.4,33.1,1.0,0.0,1.0,5.0,2.0,3.0,0,1.0,1.0,0.0,0.619,0.049,0,21.5,0.689,0
PID103583,CRPF,Head Constable,8.1,True,separated_hardship_posting,nuclear,0.32,counter_naxal_lwe,2.4,29,15.5,0.534,51.3,0.27,75.0,27.0,0.0,1.0,-1.0,2.0,2.0,0.0,0,2.0,1.0,1.0,0.276,0.036,0,64.1,-0.207,0
PID103584,CRPF,ASI/SI,20.9,True,with_family,nuclear,0.0,peace_training_static,12.2,32,32.0,1.0,42.5,0.053,92.0,5.6,1.0,1.0,0.0,2.0,3.0,-1.0,0,3.0,3.0,0.0,0.366,-0.005,0,65.1,-0.953,0
PID103585,CRPF,ASI/SI,28.2,True,with_family,joint,0.0,peace_training_static,11.3,29,26.3,0.907,51.5,0.156,70.3,26.2,1.0,2.0,-1.0,2.0,2.0,0.0,2,0.0,0.0,0.0,0.577,0.02,0,43.4,-0.707,0
PID103586,CRPF,Constable/GD,17.5,False,not_applicable_unmarried,n/a,0.0,counter_insurgency_jk_ne,12.8,28,16.7,0.596,64.1,0.218,58.3,44.6,1.0,1.0,0.0,5.0,5.0,0.0,1,0.0,2.0,-2.0,0.425,0.101,0,68.7,0.069,0
PID103587,CRPF,Constable/GD,14.6,True,separated_hardship_posting,nuclear,0.133,counter_naxal_lwe,1.0,28,18.7,0.668,55.6,0.327,75.0,30.8,1.0,0.0,1.0,3.0,1.0,2.0,1,2.0,1.0,1.0,0.23,-0.012,0,44.3,0.222,0
PID103588,CRPF,Head Constable,11.0,True,separated_hardship_posting,nuclear,0.32,counter_insurgency_jk_ne,2.4,29,16.4,0.566,51.9,0.293,70.8,28.4,3.0,1.0,2.0,4.0,2.0,2.0,0,2.0,0.0,2.0,0.018,-0.087,0,46.9,0.275,0
PID103589,CRPF,Constable/GD,13.6,True,separated_hardship_posting,nuclear,3.573,law_order_vip_duty,26.8,32,23.9,0.747,55.0,0.158,81.0,21.4,0.0,0.0,0.0,2.0,2.0,0.0,0,5.0,5.0,0.0,0.525,0.058,0,40.1,-0.245,0
PID103590,CRPF,ASI/SI,14.5,True,with_family,nuclear,0.0,counter_naxal_lwe,3.8,30,16.8,0.56,60.2,0.25,60.0,34.7,4.0,0.0,4.0,5.0,3.0,2.0,0,0.0,1.0,-1.0,0.825,0.009,0,52.3,0.88,0
PID103591,CRPF,Constable/GD,6.1,True,separated_hardship_posting,nuclear,0.707,counter_naxal_lwe,5.3,28,15.2,0.543,67.5,0.28,53.3,56.1,2.0,1.0,1.0,4.0,2.0,2.0,2,5.0,4.0,1.0,0.413,0.198,3,49.3,1.008,0
PID103592,CRPF,ASI/SI,20.3,True,separated_hardship_posting,nuclear,1.467,counter_naxal_lwe,11.0,29,19.4,0.669,65.0,0.241,57.5,42.4,0.0,0.0,0.0,4.0,2.0,2.0,1,1.0,0.0,1.0,0.492,0.023,0,32.8,0.173,0
PID103593,CRPF,Constable/GD,9.0,True,separated_hardship_posting,joint,1.158,law_order_vip_duty,13.9,30,20.5,0.683,55.7,0.257,75.3,29.9,1.0,1.0,0.0,2.0,2.0,0.0,0,0.0,0.0,0.0,0.0,-0.03,0,23.6,-0.431,0
PID103594,CRPF,Constable/GD,25.4,True,with_family,nuclear,0.0,peace_training_static,19.3,30,24.5,0.817,42.7,0.144,90.0,9.2,4.0,4.0,0.0,2.0,2.0,0.0,0,1.0,3.0,-2.0,0.395,-0.066,0,37.6,-0.702,0
PID103595,CRPF,Inspector+,1.0,False,not_applicable_unmarried,n/a,0.0,counter_naxal_lwe,13.7,32,14.4,0.45,63.8,0.304,55.0,46.6,2.0,1.0,1.0,3.0,3.0,0.0,0,4.0,3.0,1.0,0.504,0.248,1,51.5,0.843,0
PID103596,CRPF,ASI/SI,12.8,True,with_family,nuclear,0.0,peace_training_static,10.7,28,18.8,0.671,54.1,0.038,87.3,16.0,1.0,3.0,-2.0,3.0,2.0,1.0,0,0.0,0.0,0.0,0.11,-0.117,0,37.9,-0.774,0
PID103597,CRPF,ASI/SI,20.5,True,separated_hardship_posting,joint,0.442,counter_insurgency_jk_ne,5.3,28,21.3,0.761,58.6,0.37,67.7,36.0,1.0,2.0,-1.0,3.0,1.0,2.0,2,3.0,0.0,3.0,0.211,-0.011,0,26.4,-0.195,0
PID103598,CRPF,Inspector+,17.3,True,separated_hardship_posting,nuclear,3.68,law_order_vip_duty,27.6,31,20.5,0.661,51.8,0.246,79.2,29.3,1.0,0.0,1.0,4.0,2.0,2.0,1,0.0,3.0,-3.0,0.358,0.047,0,39.3,0.41,0
PID103599,CRPF,Constable/GD,5.0,True,with_family,nuclear,0.0,peace_training_static,3.4,28,24.5,0.875,44.3,0.083,93.7,1.0,0.0,0.0,0.0,1.0,4.0,-3.0,0,4.0,3.0,1.0,0.14,-0.035,0,22.7,-1.32,0
PID103600,CRPF,Constable/GD,24.2,True,separated_hardship_posting,nuclear,4.533,counter_insurgency_jk_ne,34.0,31,23.3,0.752,51.6,0.371,67.3,32.1,1.0,2.0,-1.0,3.0,1.0,2.0,0,1.0,2.0,-1.0,0.252,-0.048,0,32.0,-0.298,0
PID103601,CRPF,Constable/GD,7.2,True,separated_hardship_posting,nuclear,0.667,counter_naxal_lwe,5.0,29,15.5,0.534,57.6,0.358,73.9,31.2,0.0,0.0,0.0,2.0,2.0,0.0,0,0.0,0.0,0.0,0.786,0.021,0,13.0,-0.099,0
PID103602,CRPF,Constable/GD,8.6,False,not_applicable_unmarried,n/a,0.0,counter_naxal_lwe,19.2,29,17.5,0.603,58.4,0.369,64.4,28.7,0.0,1.0,-1.0,2.0,1.0,1.0,1,0.0,1.0,-1.0,0.392,-0.042,0,42.1,-0.311,0
PID103603,CRPF,Constable/GD,9.1,True,with_family,nuclear,0.0,peace_training_static,26.8,28,20.9,0.746,39.4,0.057,99.3,1.5,1.0,2.0,-1.0,1.0,2.0,-1.0,0,0.0,2.0,-2.0,0.116,-0.106,0,52.1,-1.106,0
PID103604,CRPF,ASI/SI,3.8,True,with_family,joint,0.0,counter_insurgency_jk_ne,2.6,31,22.8,0.735,51.8,0.209,81.0,17.3,1.0,0.0,1.0,2.0,3.0,-1.0,1,3.0,3.0,0.0,0.183,-0.01,0,40.8,-0.494,0
PID103605,CRPF,Constable/GD,13.1,False,not_applicable_unmarried,n/a,0.0,counter_naxal_lwe,1.1,28,15.0,0.536,52.2,0.256,70.7,20.8,2.0,3.0,-1.0,2.0,2.0,0.0,0,3.0,3.0,0.0,0.221,-0.153,0,46.2,-0.778,0
PID103606,CRPF,Constable/GD,21.2,True,with_family,nuclear,0.0,law_order_vip_duty,20.1,28,17.9,0.639,48.9,0.345,87.8,35.5,0.0,1.0,-1.0,3.0,3.0,0.0,0,2.0,1.0,1.0,0.405,0.024,0,42.6,-0.369,0
PID103607,CRPF,Constable/GD,25.1,True,separated_hardship_posting,joint,0.717,counter_naxal_lwe,8.6,30,13.4,0.447,64.7,0.3,60.7,46.8,3.0,2.0,1.0,4.0,3.0,1.0,0,2.0,1.0,1.0,0.424,0.236,3,47.4,1.024,0
PID103608,CRPF,Constable/GD,10.5,True,separated_hardship_posting,nuclear,1.28,counter_naxal_lwe,9.6,28,20.5,0.732,60.7,0.354,63.3,43.8,1.0,0.0,1.0,2.0,2.0,0.0,1,5.0,3.0,2.0,0.344,0.046,1,49.2,-0.107,0
PID103609,CRPF,Constable/GD,11.6,True,with_family,joint,0.0,peace_training_static,5.9,28,23.4,0.836,44.8,0.148,86.3,12.5,0.0,0.0,0.0,3.0,2.0,1.0,1,5.0,2.0,3.0,0.558,0.034,0,49.5,-0.209,0
PID103610,CRPF,Head Constable,18.0,True,separated_hardship_posting,nuclear,0.507,counter_insurgency_jk_ne,3.8,29,14.4,0.497,61.1,0.299,71.7,31.7,0.0,1.0,-1.0,3.0,2.0,1.0,0,0.0,3.0,-3.0,0.224,0.069,0,57.4,0.151,0
PID103611,CRPF,Constable/GD,10.7,False,not_applicable_unmarried,n/a,0.0,counter_naxal_lwe,2.5,31,15.8,0.51,68.8,0.341,61.8,48.4,1.0,2.0,-1.0,4.0,2.0,2.0,0,0.0,0.0,0.0,0.708,0.125,0,15.9,0.516,0
PID103612,CRPF,Head Constable,22.3,True,with_family,joint,0.0,counter_insurgency_jk_ne,4.4,31,18.7,0.603,67.1,0.289,59.6,44.7,1.0,1.0,0.0,4.0,1.0,3.0,1,12.0,2.0,10.0,0.377,0.083,1,51.8,0.646,0
PID103613,CRPF,ASI/SI,11.3,False,not_applicable_unmarried,n/a,0.0,peace_training_static,23.3,32,29.3,0.916,46.6,0.149,78.0,7.1,1.0,4.0,-3.0,2.0,3.0,-1.0,0,1.0,0.0,1.0,0.105,0.085,1,36.7,-1.042,0
PID103614,CRPF,Head Constable,6.6,False,not_applicable_unmarried,n/a,0.0,counter_naxal_lwe,5.5,32,18.9,0.591,60.9,0.288,64.5,47.8,4.0,2.0,2.0,3.0,2.0,1.0,1,3.0,1.0,2.0,0.532,0.175,0,32.9,0.819,0
PID103615,CRPF,Head Constable,13.3,True,separated_hardship_posting,nuclear,2.253,counter_naxal_lwe,16.9,29,16.7,0.576,60.3,0.324,64.3,39.0,3.0,1.0,2.0,5.0,3.0,2.0,3,1.0,2.0,-1.0,0.398,0.12,1,11.0,0.884,0
PID103616,CRPF,Constable/GD,4.3,True,with_family,nuclear,0.0,counter_naxal_lwe,20.0,29,17.9,0.617,64.4,0.212,62.0,36.7,0.0,0.0,0.0,3.0,3.0,0.0,2,1.0,0.0,1.0,0.344,0.156,1,16.2,0.207,0
PID103617,CRPF,Constable/GD,13.2,True,separated_hardship_posting,nuclear,0.187,counter_naxal_lwe,1.4,29,15.1,0.521,61.4,0.238,61.0,39.4,0.0,1.0,-1.0,3.0,2.0,1.0,0,9.0,2.0,7.0,0.683,0.178,3,32.5,0.449,0
PID103618,CRPF,Constable/GD,14.7,True,with_family,nuclear,0.0,counter_naxal_lwe,16.5,28,21.6,0.771,61.4,0.272,56.3,34.1,0.0,0.0,0.0,4.0,3.0,1.0,0,3.0,1.0,2.0,0.151,-0.047,0,27.5,-0.376,0
PID103619,CRPF,Inspector+,7.2,False,not_applicable_unmarried,n/a,0.0,counter_naxal_lwe,1.0,28,13.9,0.496,61.7,0.401,68.9,37.3,5.0,5.0,0.0,3.0,1.0,2.0,1,2.0,2.0,0.0,0.626,0.044,1,54.9,0.443,0
PID103620,CRPF,Head Constable,14.3,True,separated_hardship_posting,nuclear,0.493,counter_naxal_lwe,3.7,30,20.6,0.687,58.2,0.334,71.1,43.5,0.0,1.0,-1.0,2.0,3.0,-1.0,1,2.0,1.0,1.0,0.24,0.111,1,51.1,-0.379,0
PID103621,CRPF,Constable/GD,9.9,False,not_applicable_unmarried,n/a,0.0,law_order_vip_duty,5.2,28,19.2,0.686,42.7,0.262,86.8,11.3,4.0,1.0,3.0,2.0,2.0,0.0,1,3.0,3.0,0.0,0.58,0.026,0,62.5,0.195,0
PID103622,CRPF,Constable/GD,7.0,True,separated_hardship_posting,nuclear,1.067,counter_naxal_lwe,8.0,28,11.1,0.396,59.3,0.373,60.0,40.8,3.0,0.0,3.0,3.0,1.0,2.0,0,0.0,0.0,0.0,0.818,0.234,0,37.7,1.602,0
PID103623,CRPF,ASI/SI,3.9,True,separated_hardship_posting,nuclear,1.307,counter_naxal_lwe,9.8,29,10.9,0.376,67.8,0.366,56.9,50.7,0.0,0.0,0.0,4.0,1.0,3.0,1,1.0,2.0,-1.0,0.754,0.218,3,49.8,1.327,1
PID103624,CRPF,Head Constable,4.7,True,separated_hardship_posting,joint,0.15,law_order_vip_duty,1.8,32,24.9,0.778,57.6,0.163,75.3,28.2,0.0,0.0,0.0,2.0,3.0,-1.0,0,0.0,0.0,0.0,0.21,0.035,0,16.4,-0.563,0
PID103625,CRPF,Head Constable,26.8,True,with_family,nuclear,0.0,counter_naxal_lwe,1.0,30,20.0,0.667,65.8,0.354,55.1,45.5,0.0,0.0,0.0,5.0,2.0,3.0,0,2.0,1.0,1.0,0.371,0.182,1,75.9,0.866,0
PID103626,CRPF,ASI/SI,9.7,True,separated_hardship_posting,nuclear,0.467,counter_naxal_lwe,3.5,29,12.5,0.431,60.0,0.365,65.7,51.3,4.0,2.0,2.0,4.0,2.0,2.0,0,1.0,0.0,1.0,0.147,0.099,0,66.9,0.997,0
PID103627,CRPF,Head Constable,14.5,True,with_family,nuclear,0.0,peace_training_static,5.4,28,22.6,0.807,42.8,0.252,89.9,9.2,0.0,2.0,-2.0,1.0,1.0,0.0,0,1.0,0.0,1.0,0.432,-0.029,0,27.6,-0.887,0
PID103628,CRPF,Head Constable,10.4,True,with_family,nuclear,0.0,law_order_vip_duty,5.2,31,24.4,0.787,58.5,0.199,75.8,26.5,0.0,2.0,-2.0,1.0,2.0,-1.0,0,4.0,3.0,1.0,0.337,0.086,0,64.0,-0.731,0
PID103629,CRPF,Constable/GD,27.2,True,with_family,nuclear,0.0,law_order_vip_duty,32.8,29,21.7,0.748,47.7,0.264,75.6,24.3,1.0,1.0,0.0,3.0,3.0,0.0,2,2.0,2.0,0.0,0.217,-0.003,0,22.7,-0.43,0
PID103630,CRPF,Constable/GD,7.1,False,not_applicable_unmarried,n/a,0.0,counter_insurgency_jk_ne,10.3,32,17.4,0.544,58.2,0.293,70.8,28.3,2.0,4.0,-2.0,2.0,2.0,0.0,1,1.0,1.0,0.0,0.306,0.054,0,29.9,-0.32,0
PID103631,CRPF,Inspector+,12.2,True,with_family,joint,0.0,peace_training_static,1.0,28,21.4,0.764,52.8,0.078,89.9,23.1,2.0,2.0,0.0,2.0,2.0,0.0,0,3.0,0.0,3.0,0.058,-0.041,0,40.1,-0.561,0
PID103632,CRPF,Head Constable,8.6,True,separated_hardship_posting,joint,0.425,counter_naxal_lwe,5.1,31,18.0,0.581,62.5,0.402,60.9,43.8,1.0,1.0,0.0,3.0,2.0,1.0,0,1.0,3.0,-2.0,0.203,0.139,1,26.9,0.414,0
PID103633,CRPF,Constable/GD,20.4,False,not_applicable_unmarried,n/a,0.0,counter_naxal_lwe,6.4,31,19.0,0.613,60.8,0.463,71.8,42.9,0.0,2.0,-2.0,3.0,2.0,1.0,0,0.0,2.0,-2.0,0.124,0.086,0,49.1,-0.092,0
PID103634,CRPF,Head Constable,14.4,False,not_applicable_unmarried,n/a,0.0,peace_training_static,17.2,29,27.6,0.952,50.6,0.136,81.8,20.9,0.0,0.0,0.0,1.0,2.0,-1.0,1,6.0,3.0,3.0,0.468,-0.033,0,57.1,-0.979,0
PID103635,CRPF,Constable/GD,11.9,False,not_applicable_unmarried,n/a,0.0,counter_naxal_lwe,9.2,29,16.0,0.552,62.3,0.309,52.8,42.2,0.0,0.0,0.0,4.0,3.0,1.0,0,0.0,0.0,0.0,0.382,0.154,1,18.7,0.496,0
PID103636,CRPF,ASI/SI,5.1,False,not_applicable_unmarried,n/a,0.0,counter_insurgency_jk_ne,1.5,32,16.0,0.5,58.8,0.328,61.1,43.4,2.0,1.0,1.0,3.0,1.0,2.0,0,0.0,0.0,0.0,0.219,0.079,0,41.8,0.7,0
PID103637,CRPF,Constable/GD,33.9,True,separated_hardship_posting,nuclear,3.0,counter_naxal_lwe,22.5,31,18.0,0.581,68.1,0.367,50.4,55.4,0.0,0.0,0.0,5.0,2.0,3.0,2,0.0,1.0,-1.0,0.488,0.207,3,25.1,1.048,1
PID103638,CRPF,ASI/SI,10.6,True,separated_hardship_posting,joint,0.575,counter_naxal_lwe,6.9,28,16.1,0.575,51.8,0.483,71.1,36.4,1.0,1.0,0.0,3.0,3.0,0.0,0,5.0,4.0,1.0,0.249,0.098,1,44.1,0.085,0
PID103639,CRPF,Constable/GD,6.3,True,separated_hardship_posting,nuclear,1.013,law_order_vip_duty,7.6,30,18.6,0.62,53.4,0.265,79.7,19.2,1.0,0.0,1.0,2.0,2.0,0.0,1,2.0,0.0,2.0,0.296,0.024,0,44.5,-0.038,0
PID103640,CRPF,Constable/GD,3.9,True,with_family,nuclear,0.0,counter_insurgency_jk_ne,28.2,31,17.7,0.571,54.9,0.244,74.7,27.1,4.0,3.0,1.0,4.0,2.0,2.0,1,1.0,0.0,1.0,0.23,0.086,1,30.4,0.634,0
PID103641,CRPF,Constable/GD,4.5,False,not_applicable_unmarried,n/a,0.0,counter_insurgency_jk_ne,1.0,29,18.5,0.638,57.2,0.376,67.8,36.4,0.0,0.0,0.0,3.0,2.0,1.0,0,0.0,2.0,-2.0,0.306,0.224,1,37.5,0.602,0
PID103642,CRPF,ASI/SI,11.8,True,separated_hardship_posting,nuclear,0.707,counter_naxal_lwe,5.3,31,16.8,0.542,62.5,0.397,70.9,50.9,2.0,0.0,2.0,5.0,1.0,4.0,1,4.0,1.0,3.0,0.109,0.063,0,41.5,1.183,0
PID103643,CRPF,Constable/GD,20.6,False,not_applicable_unmarried,n/a,0.0,counter_naxal_lwe,2.3,31,11.2,0.361,59.3,0.406,57.5,35.5,1.0,1.0,0.0,3.0,3.0,0.0,0,2.0,1.0,1.0,0.391,0.076,0,29.7,0.278,0
PID103644,CRPF,Constable/GD,13.8,False,not_applicable_unmarried,n/a,0.0,law_order_vip_duty,1.0,29,19.8,0.683,52.9,0.247,75.5,23.5,0.0,1.0,-1.0,3.0,4.0,-1.0,1,2.0,0.0,2.0,0.139,-0.022,0,14.9,-0.776,0
PID103645,CRPF,Head Constable,4.1,True,separated_hardship_posting,nuclear,0.933,counter_naxal_lwe,7.0,28,13.3,0.475,63.5,0.41,55.0,53.0,2.0,1.0,1.0,3.0,2.0,1.0,1,3.0,3.0,0.0,0.329,0.147,0,51.6,0.722,0
PID103646,CRPF,Constable/GD,11.8,True,with_family,nuclear,0.0,law_order_vip_duty,37.9,28,22.7,0.811,52.8,0.246,69.0,23.5,4.0,2.0,2.0,3.0,2.0,1.0,0,0.0,1.0,-1.0,0.118,-0.105,0,51.5,-0.29,0
PID103647,CRPF,Constable/GD,24.0,False,not_applicable_unmarried,n/a,0.0,counter_insurgency_jk_ne,8.3,31,26.4,0.852,58.4,0.285,56.2,35.0,0.0,0.0,0.0,4.0,2.0,2.0,0,2.0,1.0,1.0,0.133,-0.075,0,50.8,-0.344,0
PID103648,CRPF,Constable/GD,9.5,False,not_applicable_unmarried,n/a,0.0,counter_naxal_lwe,32.0,31,17.5,0.565,61.5,0.358,69.8,48.6,3.0,1.0,2.0,3.0,1.0,2.0,0,5.0,6.0,-1.0,0.667,0.258,4,25.1,1.316,1
PID103649,CRPF,ASI/SI,13.8,False,not_applicable_unmarried,n/a,0.0,counter_naxal_lwe,5.2,29,12.4,0.428,61.6,0.343,57.9,44.7,1.0,1.0,0.0,4.0,2.0,2.0,0,0.0,1.0,-1.0,0.214,0.087,3,36.5,0.658,1
PID103650,CRPF,Constable/GD,9.7,False,not_applicable_unmarried,n/a,0.0,law_order_vip_duty,11.9,30,22.0,0.733,52.3,0.24,75.4,30.2,1.0,5.0,-4.0,2.0,3.0,-1.0,2,0.0,1.0,-1.0,0.228,0.059,0,15.5,-1.053,0
PID103651,CRPF,Constable/GD,15.6,True,separated_hardship_posting,nuclear,0.64,counter_insurgency_jk_ne,4.8,30,18.0,0.6,54.2,0.305,74.8,33.6,2.0,1.0,1.0,2.0,2.0,0.0,0,1.0,1.0,0.0,0.323,-0.0,1,71.3,-0.087,0
PID103652,CRPF,Constable/GD,7.0,True,with_family,nuclear,0.0,counter_naxal_lwe,27.7,32,19.9,0.622,67.1,0.331,49.8,50.8,1.0,1.0,0.0,2.0,1.0,1.0,0,0.0,3.0,-3.0,0.191,0.138,1,20.1,0.361,0
PID103653,CRPF,Constable/GD,1.0,True,with_family,nuclear,0.0,peace_training_static,16.4,30,30.0,1.0,45.6,0.109,84.5,13.3,2.0,3.0,-1.0,1.0,1.0,0.0,4,0.0,0.0,0.0,0.437,-0.033,0,58.8,-0.978,0
PID103654,CRPF,Constable/GD,5.3,True,separated_hardship_posting,nuclear,1.453,counter_naxal_lwe,10.9,30,20.7,0.69,60.4,0.35,63.4,44.9,3.0,0.0,3.0,5.0,2.0,3.0,0,1.0,0.0,1.0,0.364,0.024,0,28.4,0.825,0
PID103655,CRPF,Constable/GD,8.7,True,with_family,joint,0.0,law_order_vip_duty,12.8,30,24.1,0.803,53.6,0.113,77.9,18.6,1.0,1.0,0.0,2.0,2.0,0.0,0,6.0,4.0,2.0,0.316,-0.022,0,44.5,-0.552,0
PID103656,CRPF,Constable/GD,11.1,True,with_family,nuclear,0.0,counter_naxal_lwe,1.3,28,15.4,0.55,61.5,0.411,52.3,54.9,0.0,1.0,-1.0,3.0,2.0,1.0,0,9.0,5.0,4.0,1.0,0.267,3,36.1,0.685,0
PID103657,CRPF,Constable/GD,9.0,False,not_applicable_unmarried,n/a,0.0,counter_naxal_lwe,3.6,31,21.5,0.694,67.0,0.371,59.1,46.3,0.0,1.0,-1.0,4.0,2.0,2.0,2,3.0,3.0,0.0,0.4,0.066,0,34.2,0.118,0
PID103658,CRPF,ASI/SI,8.8,True,with_family,nuclear,0.0,counter_insurgency_jk_ne,1.1,32,18.2,0.569,61.6,0.263,62.9,44.4,3.0,3.0,0.0,4.0,1.0,3.0,0,0.0,0.0,0.0,0.328,0.104,0,46.1,0.752,0
PID103659,CRPF,Constable/GD,20.7,False,not_applicable_unmarried,n/a,0.0,counter_naxal_lwe,5.8,28,15.6,0.557,62.4,0.385,60.8,46.8,0.0,1.0,-1.0,2.0,3.0,-1.0,1,2.0,4.0,-2.0,0.333,0.151,2,31.7,-0.102,0
PID103660,CRPF,Constable/GD,5.9,True,with_family,nuclear,0.0,law_order_vip_duty,7.0,28,20.3,0.725,55.8,0.19,75.4,25.3,0.0,1.0,-1.0,1.0,2.0,-1.0,0,7.0,3.0,4.0,0.264,0.125,0,15.8,-0.383,0
PID103661,CRPF,ASI/SI,11.9,True,separated_hardship_posting,nuclear,3.667,counter_naxal_lwe,27.5,30,10.1,0.337,62.9,0.32,67.8,43.5,1.0,3.0,-2.0,4.0,2.0,2.0,1,0.0,0.0,0.0,0.643,0.168,1,37.5,0.704,0
PID103662,CRPF,ASI/SI,4.3,True,with_family,joint,0.0,counter_insurgency_jk_ne,5.5,31,22.4,0.723,53.4,0.322,74.5,30.4,0.0,0.0,0.0,3.0,1.0,2.0,0,3.0,5.0,-2.0,0.202,-0.044,0,56.7,-0.095,0
PID103663,CRPF,Head Constable,17.5,False,not_applicable_unmarried,n/a,0.0,law_order_vip_duty,5.2,28,23.0,0.821,55.6,0.306,65.4,25.0,1.0,2.0,-1.0,2.0,1.0,1.0,3,0.0,1.0,-1.0,0.415,-0.047,0,40.2,-0.59,0
PID103664,CRPF,Constable/GD,13.6,False,not_applicable_unmarried,n/a,0.0,law_order_vip_duty,1.6,31,16.1,0.519,44.4,0.237,92.7,13.0,0.0,0.0,0.0,3.0,3.0,0.0,2,0.0,0.0,0.0,0.29,0.025,0,25.9,-0.068,0
PID103665,CRPF,Constable/GD,33.5,True,separated_hardship_posting,nuclear,0.573,counter_insurgency_jk_ne,4.3,29,20.4,0.703,43.9,0.253,82.8,9.6,0.0,0.0,0.0,2.0,3.0,-1.0,0,5.0,9.0,-4.0,0.0,-0.073,0,81.5,-0.799,0
PID103666,CRPF,Constable/GD,5.7,True,separated_hardship_posting,nuclear,1.067,counter_naxal_lwe,8.0,28,14.5,0.518,64.8,0.329,54.7,49.1,0.0,1.0,-1.0,3.0,2.0,1.0,1,0.0,1.0,-1.0,0.59,0.061,1,40.1,0.102,0
PID103667,CRPF,Constable/GD,27.9,True,with_family,joint,0.0,counter_naxal_lwe,7.3,28,18.4,0.657,63.8,0.401,52.0,47.7,0.0,2.0,-2.0,3.0,2.0,1.0,0,7.0,4.0,3.0,0.198,0.059,0,27.2,-0.228,0
PID103668,CRPF,Constable/GD,6.3,True,with_family,nuclear,0.0,peace_training_static,7.7,30,27.2,0.907,47.5,0.144,71.9,23.4,2.0,3.0,-1.0,3.0,1.0,2.0,0,1.0,0.0,1.0,0.139,0.015,0,72.2,-0.293,0
PID103669,CRPF,Head Constable,9.4,True,with_family,nuclear,0.0,law_order_vip_duty,1.7,30,18.4,0.613,57.6,0.278,65.9,31.4,0.0,2.0,-2.0,1.0,1.0,0.0,0,0.0,0.0,0.0,0.16,-0.054,0,14.0,-0.727,0
PID103670,CRPF,Constable/GD,4.8,True,separated_hardship_posting,joint,0.292,law_order_vip_duty,3.5,30,22.6,0.753,51.9,0.244,79.5,18.1,0.0,0.0,0.0,2.0,2.0,0.0,0,1.0,0.0,1.0,0.249,0.09,0,26.0,-0.155,0
PID103671,CRPF,Head Constable,33.3,False,not_applicable_unmarried,n/a,0.0,counter_insurgency_jk_ne,20.8,31,15.9,0.513,56.5,0.346,59.8,31.9,3.0,1.0,2.0,3.0,2.0,1.0,0,2.0,2.0,0.0,0.299,0.118,1,55.3,0.742,0
PID103672,CRPF,Constable/GD,14.8,False,not_applicable_unmarried,n/a,0.0,counter_naxal_lwe,4.2,32,13.9,0.434,65.2,0.471,63.7,59.1,1.0,1.0,0.0,4.0,2.0,2.0,0,3.0,3.0,0.0,0.37,0.256,4,25.8,1.158,0
PID103673,CRPF,Constable/GD,14.9,True,with_family,joint,0.0,counter_naxal_lwe,1.0,32,20.2,0.631,59.1,0.269,54.8,54.0,1.0,1.0,0.0,4.0,2.0,2.0,0,2.0,0.0,2.0,0.753,0.214,2,51.0,0.793,1
PID103674,CRPF,Head Constable,6.7,False,not_applicable_unmarried,n/a,0.0,counter_naxal_lwe,23.7,31,18.2,0.587,61.0,0.494,52.4,58.2,2.0,4.0,-2.0,3.0,3.0,0.0,2,3.0,1.0,2.0,0.354,0.183,2,52.9,0.017,0
PID103675,CRPF,ASI/SI,1.9,True,with_family,joint,0.0,counter_insurgency_jk_ne,3.6,30,22.5,0.75,59.0,0.356,55.9,33.4,4.0,1.0,3.0,4.0,2.0,2.0,2,1.0,0.0,1.0,0.16,0.136,1,71.0,0.879,1
PID103676,CRPF,Constable/GD,9.2,False,not_applicable_unmarried,n/a,0.0,counter_naxal_lwe,9.6,29,14.8,0.51,63.3,0.507,59.6,42.3,1.0,2.0,-1.0,3.0,3.0,0.0,1,2.0,1.0,1.0,0.088,0.036,0,55.9,-0.179,0
PID103677,CRPF,Head Constable,8.1,True,separated_hardship_posting,nuclear,1.093,counter_naxal_lwe,8.2,31,14.2,0.458,60.7,0.291,69.5,32.2,0.0,0.0,0.0,3.0,4.0,-1.0,1,1.0,1.0,0.0,0.0,-0.031,0,33.1,-0.377,0
PID103678,CRPF,Constable/GD,3.0,True,separated_hardship_posting,joint,2.058,counter_insurgency_jk_ne,24.7,31,20.5,0.661,56.0,0.323,67.9,37.9,1.0,0.0,1.0,4.0,2.0,2.0,0,1.0,1.0,0.0,0.065,-0.063,0,29.0,0.076,0
PID103679,CRPF,Constable/GD,9.6,False,not_applicable_unmarried,n/a,0.0,counter_insurgency_jk_ne,48.0,32,16.7,0.522,53.5,0.31,64.2,42.6,3.0,1.0,2.0,3.0,1.0,2.0,1,0.0,0.0,0.0,0.38,0.138,1,24.2,1.004,0
PID103680,CRPF,Head Constable,11.9,True,with_family,joint,0.0,counter_insurgency_jk_ne,6.1,31,17.7,0.571,54.9,0.353,62.3,39.8,4.0,4.0,0.0,3.0,3.0,0.0,1,0.0,0.0,0.0,0.417,0.146,1,23.3,0.234,0
PID103681,CRPF,Constable/GD,15.4,False,not_applicable_unmarried,n/a,0.0,law_order_vip_duty,15.1,28,22.6,0.807,59.3,0.248,70.3,35.6,1.0,1.0,0.0,2.0,2.0,0.0,0,0.0,1.0,-1.0,0.159,0.076,0,45.9,-0.262,0
PID103682,CRPF,Constable/GD,2.2,False,not_applicable_unmarried,n/a,0.0,law_order_vip_duty,11.4,30,22.1,0.737,50.9,0.241,74.3,20.2,0.0,2.0,-2.0,2.0,3.0,-1.0,1,2.0,1.0,1.0,0.383,0.146,2,13.3,-0.488,0
PID103683,CRPF,Constable/GD,5.0,True,separated_hardship_posting,nuclear,1.893,counter_naxal_lwe,14.2,31,15.6,0.503,62.8,0.397,55.7,44.9,2.0,4.0,-2.0,4.0,2.0,2.0,1,0.0,0.0,0.0,0.454,0.095,0,42.4,0.282,0
PID103684,CRPF,Constable/GD,6.8,True,with_family,nuclear,0.0,law_order_vip_duty,4.2,32,19.8,0.619,46.0,0.214,84.4,16.9,0.0,0.0,0.0,1.0,1.0,0.0,0,4.0,8.0,-4.0,0.271,0.019,0,11.1,-0.208,0
PID103685,CRPF,Constable/GD,21.2,True,separated_hardship_posting,joint,4.0,counter_insurgency_jk_ne,48.0,29,20.2,0.697,68.3,0.269,55.6,52.5,1.0,0.0,1.0,3.0,2.0,1.0,1,1.0,0.0,1.0,0.384,-0.073,0,43.9,-0.209,0
PID103686,CRPF,Constable/GD,20.9,True,separated_hardship_posting,joint,0.208,counter_insurgency_jk_ne,2.5,32,18.1,0.566,54.6,0.327,60.4,32.1,5.0,2.0,3.0,4.0,1.0,3.0,0,2.0,1.0,1.0,0.144,-0.039,0,31.8,0.787,0
PID103687,CRPF,Inspector+,14.4,True,with_family,nuclear,0.0,peace_training_static,12.4,29,28.0,0.966,41.3,0.089,87.0,9.3,0.0,4.0,-4.0,2.0,3.0,-1.0,1,3.0,1.0,2.0,0.501,0.074,0,49.5,-1.291,0
PID103688,CRPF,Head Constable,9.4,False,not_applicable_unmarried,n/a,0.0,counter_naxal_lwe,3.2,29,17.4,0.6,61.8,0.342,54.5,45.3,0.0,0.0,0.0,3.0,3.0,0.0,0,1.0,0.0,1.0,0.244,0.078,1,0.0,-0.005,0
PID103689,CRPF,Constable/GD,21.9,True,with_family,nuclear,0.0,law_order_vip_duty,4.0,32,27.3,0.853,48.4,0.134,81.0,17.9,1.0,2.0,-1.0,1.0,1.0,0.0,0,10.0,9.0,1.0,0.301,0.001,1,54.2,-0.697,0
PID103690,CRPF,Constable/GD,13.4,True,separated_hardship_posting,joint,0.983,counter_naxal_lwe,11.8,28,14.7,0.525,63.5,0.353,60.6,42.5,0.0,0.0,0.0,3.0,3.0,0.0,0,0.0,1.0,-1.0,0.188,0.066,0,40.2,0.049,0
PID103691,CRPF,Head Constable,21.2,True,separated_hardship_posting,nuclear,0.133,counter_naxal_lwe,1.0,29,14.9,0.514,56.0,0.294,70.9,33.1,1.0,3.0,-2.0,2.0,2.0,0.0,0,2.0,2.0,0.0,0.275,0.02,0,33.0,-0.384,0
PID103692,CRPF,Constable/GD,14.7,False,not_applicable_unmarried,n/a,0.0,counter_insurgency_jk_ne,34.4,32,15.9,0.497,62.5,0.298,70.4,38.9,3.0,1.0,2.0,3.0,2.0,1.0,0,2.0,0.0,2.0,0.178,0.076,1,47.8,0.633,0
PID103693,CRPF,Constable/GD,3.4,False,not_applicable_unmarried,n/a,0.0,counter_naxal_lwe,21.7,32,16.0,0.5,65.8,0.285,51.8,43.1,3.0,2.0,1.0,3.0,2.0,1.0,0,2.0,0.0,2.0,0.484,0.241,0,46.7,0.974,0
PID103694,CRPF,Head Constable,1.9,True,separated_hardship_posting,nuclear,2.147,counter_naxal_lwe,16.1,28,16.4,0.586,61.5,0.349,64.2,45.8,3.0,6.0,-3.0,3.0,1.0,2.0,0,1.0,4.0,-3.0,0.773,0.232,1,19.3,0.441,0
PID103695,CRPF,Constable/GD,8.9,True,with_family,joint,0.0,counter_insurgency_jk_ne,1.0,32,16.7,0.522,51.4,0.354,68.6,38.0,0.0,0.0,0.0,3.0,1.0,2.0,2,3.0,0.0,3.0,0.455,0.044,0,42.4,0.412,0
PID103696,CRPF,Constable/GD,18.7,False,not_applicable_unmarried,n/a,0.0,counter_naxal_lwe,7.7,30,17.4,0.58,58.8,0.314,78.6,34.8,0.0,2.0,-2.0,1.0,2.0,-1.0,0,3.0,2.0,1.0,0.576,0.136,0,51.0,-0.328,0
PID103697,CRPF,Constable/GD,8.1,True,separated_hardship_posting,joint,0.242,counter_insurgency_jk_ne,2.9,32,23.6,0.738,58.3,0.244,69.5,33.4,0.0,0.0,0.0,3.0,2.0,1.0,1,0.0,0.0,0.0,0.197,0.106,0,16.1,0.125,0
PID103698,CRPF,Constable/GD,24.3,False,not_applicable_unmarried,n/a,0.0,counter_naxal_lwe,7.1,30,15.2,0.507,57.2,0.397,61.8,42.8,0.0,1.0,-1.0,3.0,3.0,0.0,0,5.0,7.0,-2.0,0.196,0.098,0,43.1,0.011,0
PID103699,CRPF,Constable/GD,17.7,False,not_applicable_unmarried,n/a,0.0,counter_insurgency_jk_ne,4.2,30,14.1,0.47,53.8,0.355,72.3,32.6,0.0,0.0,0.0,3.0,2.0,1.0,0,2.0,1.0,1.0,0.019,-0.041,0,58.1,0.006,0
PID103700,CRPF,ASI/SI,23.1,False,not_applicable_unmarried,n/a,0.0,counter_insurgency_jk_ne,21.7,29,16.2,0.559,62.2,0.325,63.8,47.2,2.0,2.0,0.0,2.0,1.0,1.0,1,0.0,1.0,-1.0,0.694,0.232,4,42.6,0.722,0
PID103701,CRPF,Constable/GD,9.0,True,with_family,joint,0.0,counter_insurgency_jk_ne,21.9,30,13.7,0.457,58.6,0.272,66.4,36.1,2.0,0.0,2.0,4.0,2.0,2.0,0,1.0,0.0,1.0,0.08,0.009,0,32.9,0.695,0
PID103702,CRPF,Head Constable,6.0,False,not_applicable_unmarried,n/a,0.0,law_order_vip_duty,13.2,30,26.5,0.883,52.5,0.182,82.5,25.5,0.0,1.0,-1.0,2.0,2.0,0.0,0,1.0,0.0,1.0,0.0,-0.05,0,19.5,-0.889,0
PID103703,CRPF,Head Constable,5.4,False,not_applicable_unmarried,n/a,0.0,peace_training_static,4.9,30,27.3,0.91,48.1,0.1,96.2,20.9,1.0,1.0,0.0,1.0,1.0,0.0,0,0.0,2.0,-2.0,0.306,0.038,0,23.5,-0.502,0
PID103704,CRPF,Constable/GD,15.6,True,separated_hardship_posting,nuclear,1.64,counter_naxal_lwe,12.3,29,13.8,0.476,61.3,0.346,68.2,46.5,0.0,0.0,0.0,3.0,2.0,1.0,1,8.0,2.0,6.0,0.595,0.11,0,33.9,0.455,0
PID103705,CRPF,Constable/GD,3.6,False,not_applicable_unmarried,n/a,0.0,counter_insurgency_jk_ne,10.2,30,16.3,0.543,57.8,0.196,71.7,30.4,2.0,1.0,1.0,2.0,3.0,-1.0,3,0.0,1.0,-1.0,0.264,0.148,0,51.6,0.216,0
PID103706,CRPF,Constable/GD,3.8,True,with_family,joint,0.0,peace_training_static,3.5,28,21.7,0.775,47.8,0.061,99.6,15.3,4.0,4.0,0.0,1.0,2.0,-1.0,0,3.0,1.0,2.0,0.106,-0.097,0,48.9,-0.959,0
PID103707,CRPF,Head Constable,7.8,False,not_applicable_unmarried,n/a,0.0,law_order_vip_duty,2.9,32,27.0,0.844,55.2,0.295,74.4,25.5,1.0,2.0,-1.0,3.0,3.0,0.0,2,3.0,2.0,1.0,0.574,-0.035,0,34.0,-0.795,0
PID103708,CRPF,Constable/GD,13.1,True,with_family,joint,0.0,peace_training_static,10.1,30,30.0,1.0,48.0,0.132,79.3,16.3,1.0,1.0,0.0,2.0,2.0,0.0,1,0.0,1.0,-1.0,0.164,-0.01,1,27.6,-0.755,0
PID103709,CRPF,Head Constable,6.9,True,separated_hardship_posting,nuclear,0.453,law_order_vip_duty,3.4,29,17.3,0.597,57.8,0.294,69.0,38.9,2.0,1.0,1.0,2.0,1.0,1.0,1,0.0,0.0,0.0,0.447,0.165,2,30.8,0.629,1
PID103710,CRPF,ASI/SI,21.0,True,with_family,joint,0.0,law_order_vip_duty,8.5,32,27.1,0.847,52.1,0.281,74.1,34.9,0.0,0.0,0.0,2.0,1.0,1.0,0,3.0,3.0,0.0,0.233,-0.062,0,57.3,-0.512,0
PID103711,CRPF,Head Constable,23.3,True,with_family,nuclear,0.0,counter_naxal_lwe,35.7,30,15.8,0.527,56.6,0.331,65.3,31.8,0.0,1.0,-1.0,2.0,2.0,0.0,0,1.0,1.0,0.0,0.477,0.036,0,17.1,-0.2,0
PID103712,CRPF,Inspector+,1.3,True,with_family,joint,0.0,counter_naxal_lwe,12.5,31,20.9,0.674,66.4,0.332,59.6,46.9,1.0,2.0,-1.0,2.0,2.0,0.0,0,5.0,2.0,3.0,0.615,-0.166,0,40.2,-0.986,0
PID103713,CRPF,Head Constable,14.9,False,not_applicable_unmarried,n/a,0.0,law_order_vip_duty,7.0,32,18.5,0.578,51.0,0.278,65.5,28.2,1.0,1.0,0.0,4.0,3.0,1.0,0,0.0,1.0,-1.0,0.087,0.018,0,31.8,0.055,0
PID103714,CRPF,ASI/SI,8.1,True,with_family,nuclear,0.0,counter_insurgency_jk_ne,29.2,32,19.9,0.622,54.9,0.346,79.4,30.3,0.0,0.0,0.0,1.0,1.0,0.0,0,1.0,0.0,1.0,0.07,-0.167,0,49.5,-0.772,0
PID103715,CRPF,ASI/SI,19.2,False,not_applicable_unmarried,n/a,0.0,law_order_vip_duty,18.3,29,20.5,0.707,54.8,0.279,76.2,23.4,0.0,0.0,0.0,3.0,3.0,0.0,1,5.0,1.0,4.0,0.362,0.104,0,36.3,-0.058,0
PID103716,CRPF,Head Constable,15.2,True,with_family,joint,0.0,peace_training_static,1.0,30,29.0,0.967,47.5,0.119,75.9,19.8,2.0,2.0,0.0,2.0,3.0,-1.0,0,3.0,4.0,-1.0,0.36,0.011,0,20.5,-0.865,0
PID103717,CRPF,ASI/SI,12.7,True,separated_hardship_posting,nuclear,0.133,counter_naxal_lwe,1.0,32,17.8,0.556,56.9,0.359,70.7,29.0,0.0,2.0,-2.0,3.0,2.0,1.0,0,2.0,2.0,0.0,0.688,0.163,0,63.1,0.208,0
PID103718,CRPF,ASI/SI,10.6,False,not_applicable_unmarried,n/a,0.0,counter_insurgency_jk_ne,38.6,30,18.1,0.603,60.7,0.285,68.5,43.3,2.0,1.0,1.0,3.0,2.0,1.0,0,0.0,0.0,0.0,0.299,0.045,1,42.6,0.259,0
PID103719,CRPF,Constable/GD,3.8,True,with_family,joint,0.0,peace_training_static,6.7,29,25.8,0.89,53.5,0.117,89.3,26.7,1.0,1.0,0.0,3.0,1.0,2.0,0,1.0,3.0,-2.0,0.275,0.009,0,41.7,-0.136,0
PID103720,CRPF,Head Constable,35.0,False,not_applicable_unmarried,n/a,0.0,peace_training_static,18.6,30,30.0,1.0,47.3,0.079,99.2,6.8,1.0,2.0,-1.0,2.0,1.0,1.0,1,2.0,1.0,1.0,0.337,-0.102,0,18.3,-0.973,0
PID103721,CRPF,Constable/GD,4.9,False,not_applicable_unmarried,n/a,0.0,peace_training_static,1.0,28,24.7,0.882,45.0,0.116,100.0,2.2,1.0,1.0,0.0,1.0,1.0,0.0,0,5.0,3.0,2.0,0.557,-0.011,0,34.4,-0.614,0
PID103722,CRPF,ASI/SI,28.1,True,separated_hardship_posting,nuclear,0.373,law_order_vip_duty,2.8,32,26.6,0.831,45.3,0.21,84.1,15.5,4.0,2.0,2.0,4.0,2.0,2.0,2,3.0,3.0,0.0,0.668,0.02,0,28.2,0.276,0
PID103723,CRPF,Constable/GD,16.9,False,not_applicable_unmarried,n/a,0.0,peace_training_static,2.0,30,28.9,0.963,54.2,0.092,83.9,18.7,2.0,3.0,-1.0,1.0,2.0,-1.0,0,3.0,2.0,1.0,0.066,-0.019,0,37.9,-1.105,0
PID103724,CRPF,ASI/SI,8.3,True,separated_hardship_posting,nuclear,0.933,counter_naxal_lwe,7.0,29,18.6,0.641,59.9,0.397,59.3,41.4,5.0,7.0,-2.0,3.0,2.0,1.0,1,4.0,2.0,2.0,0.289,0.128,1,11.1,-0.0,0
PID103725,CRPF,Head Constable,7.6,True,separated_hardship_posting,nuclear,0.24,counter_naxal_lwe,1.8,30,13.5,0.45,56.4,0.265,77.2,30.9,0.0,0.0,0.0,3.0,2.0,1.0,0,0.0,3.0,-3.0,0.237,-0.001,0,41.1,0.152,0
PID103726,CRPF,Inspector+,3.7,True,with_family,nuclear,0.0,counter_naxal_lwe,3.3,28,17.5,0.625,62.4,0.37,47.6,42.5,1.0,0.0,1.0,3.0,1.0,2.0,2,9.0,6.0,3.0,0.439,0.243,0,51.7,1.042,0
PID103727,CRPF,Constable/GD,11.7,False,not_applicable_unmarried,n/a,0.0,counter_insurgency_jk_ne,17.5,31,19.6,0.632,62.0,0.245,58.3,48.6,1.0,1.0,0.0,4.0,3.0,1.0,0,2.0,0.0,2.0,0.303,0.139,0,31.0,0.352,0
PID103728,CRPF,Head Constable,3.6,True,with_family,nuclear,0.0,peace_training_static,33.4,30,23.4,0.78,50.9,0.069,82.6,14.4,2.0,2.0,0.0,3.0,2.0,1.0,0,3.0,3.0,0.0,0.0,-0.057,0,43.3,-0.417,0
PID103729,CRPF,Head Constable,21.7,True,separated_hardship_posting,nuclear,0.893,counter_insurgency_jk_ne,6.7,28,16.2,0.579,55.3,0.254,72.6,34.8,1.0,0.0,1.0,2.0,1.0,1.0,3,0.0,0.0,0.0,0.306,0.052,0,23.7,0.31,0
PID103730,CRPF,ASI/SI,13.5,False,not_applicable_unmarried,n/a,0.0,law_order_vip_duty,5.9,30,29.4,0.98,51.6,0.248,78.3,20.3,6.0,4.0,2.0,2.0,1.0,1.0,1,2.0,2.0,0.0,0.157,-0.048,0,64.5,-0.322,0
PID103731,CRPF,ASI/SI,11.3,True,with_family,nuclear,0.0,counter_naxal_lwe,10.2,28,14.2,0.507,62.0,0.215,74.8,35.6,1.0,0.0,1.0,3.0,2.0,1.0,0,8.0,6.0,2.0,0.478,0.126,0,23.9,0.619,0
PID103732,CRPF,Head Constable,12.2,False,not_applicable_unmarried,n/a,0.0,law_order_vip_duty,13.8,29,20.6,0.71,55.9,0.23,69.4,33.1,1.0,1.0,0.0,2.0,2.0,0.0,3,3.0,1.0,2.0,0.352,-0.135,0,36.4,-0.781,0
PID103733,CRPF,Head Constable,13.8,True,with_family,nuclear,0.0,counter_naxal_lwe,4.2,32,19.0,0.594,64.4,0.353,51.3,48.4,5.0,2.0,3.0,3.0,3.0,0.0,2,1.0,2.0,-1.0,0.343,0.116,2,27.2,0.578,1
PID103734,CRPF,Constable/GD,9.3,True,with_family,nuclear,0.0,counter_insurgency_jk_ne,4.0,31,17.0,0.548,59.1,0.242,67.0,33.8,0.0,0.0,0.0,3.0,3.0,0.0,1,0.0,1.0,-1.0,0.759,0.208,1,25.2,0.449,0
PID103735,CRPF,Inspector+,10.1,True,with_family,joint,0.0,counter_naxal_lwe,16.5,30,16.9,0.563,65.7,0.361,53.7,46.2,3.0,1.0,2.0,4.0,2.0,2.0,0,0.0,0.0,0.0,0.463,0.148,0,63.1,0.985,0
PID103736,CRPF,Constable/GD,29.8,True,with_family,joint,0.0,counter_insurgency_jk_ne,6.7,30,16.7,0.557,52.6,0.227,80.4,22.6,0.0,2.0,-2.0,1.0,2.0,-1.0,2,5.0,2.0,3.0,0.126,-0.149,0,61.5,-1.161,0
PID103737,CRPF,Head Constable,20.5,True,with_family,nuclear,0.0,counter_insurgency_jk_ne,12.2,30,19.2,0.64,59.7,0.297,75.6,31.8,0.0,2.0,-2.0,1.0,2.0,-1.0,1,1.0,2.0,-1.0,0.363,0.03,0,32.0,-0.72,0
PID103738,CRPF,Head Constable,16.5,False,not_applicable_unmarried,n/a,0.0,law_order_vip_duty,14.0,28,20.8,0.743,52.9,0.145,88.6,22.1,2.0,2.0,0.0,2.0,2.0,0.0,0,1.0,2.0,-1.0,0.297,-0.018,0,90.8,-0.469,0
PID103739,CRPF,Constable/GD,8.3,False,not_applicable_unmarried,n/a,0.0,counter_insurgency_jk_ne,1.3,29,23.3,0.803,57.8,0.423,70.0,47.6,4.0,3.0,1.0,3.0,2.0,1.0,1,3.0,4.0,-1.0,0.168,0.106,2,56.2,0.2,0
PID103740,CRPF,Constable/GD,2.6,True,with_family,nuclear,0.0,peace_training_static,21.3,32,28.9,0.903,45.0,0.172,84.2,16.0,1.0,2.0,-1.0,1.0,1.0,0.0,1,1.0,0.0,1.0,0.515,0.035,0,54.9,-0.656,0
PID103741,CRPF,Constable/GD,15.4,True,with_family,nuclear,0.0,peace_training_static,29.7,32,28.1,0.878,46.5,0.135,86.5,17.1,0.0,0.0,0.0,4.0,2.0,2.0,1,3.0,2.0,1.0,0.605,0.031,0,39.8,-0.057,0
PID103742,CRPF,ASI/SI,12.1,True,with_family,nuclear,0.0,counter_naxal_lwe,5.2,28,18.5,0.661,59.7,0.293,69.2,42.0,0.0,1.0,-1.0,2.0,2.0,0.0,0,0.0,1.0,-1.0,0.368,0.026,0,57.6,-0.39,0
PID103743,CRPF,Constable/GD,10.0,True,separated_hardship_posting,nuclear,1.6,counter_naxal_lwe,12.0,32,13.4,0.419,72.9,0.333,45.9,54.9,2.0,0.0,2.0,5.0,3.0,2.0,0,1.0,1.0,0.0,0.211,0.071,0,41.6,0.927,1
PID103744,CRPF,Constable/GD,10.9,True,separated_hardship_posting,nuclear,1.88,counter_naxal_lwe,14.1,28,20.5,0.732,67.4,0.336,52.4,41.0,2.0,3.0,-1.0,3.0,2.0,1.0,1,4.0,2.0,2.0,0.143,0.05,0,24.9,-0.19,0
PID103745,CRPF,Head Constable,5.1,True,with_family,nuclear,0.0,counter_naxal_lwe,16.3,30,13.5,0.45,66.4,0.365,58.6,48.3,0.0,0.0,0.0,3.0,2.0,1.0,1,1.0,0.0,1.0,0.428,0.087,1,39.4,0.416,0
PID103746,CRPF,Constable/GD,6.2,False,not_applicable_unmarried,n/a,0.0,counter_naxal_lwe,1.3,32,21.2,0.662,59.9,0.374,55.0,47.1,1.0,1.0,0.0,3.0,3.0,0.0,1,6.0,3.0,3.0,0.382,0.158,2,33.1,0.16,0
PID103747,CRPF,ASI/SI,20.5,False,not_applicable_unmarried,n/a,0.0,peace_training_static,6.7,29,29.0,1.0,42.2,0.133,98.8,16.6,0.0,0.0,0.0,1.0,1.0,0.0,1,0.0,2.0,-2.0,0.23,-0.08,0,21.2,-0.966,0
PID103748,CRPF,Constable/GD,2.1,False,not_applicable_unmarried,n/a,0.0,peace_training_static,24.1,32,27.2,0.85,45.2,0.141,86.2,8.1,4.0,4.0,0.0,1.0,2.0,-1.0,0,0.0,5.0,-5.0,0.272,0.22,0,54.9,-0.092,0
PID103749,CRPF,Constable/GD,18.8,True,separated_hardship_posting,joint,1.192,counter_naxal_lwe,14.3,32,16.3,0.509,62.5,0.34,64.9,47.5,8.0,4.0,4.0,5.0,2.0,3.0,2,2.0,0.0,2.0,0.281,0.06,0,42.4,1.307,1
PID103750,CRPF,Constable/GD,24.9,True,separated_hardship_posting,nuclear,0.133,law_order_vip_duty,1.0,30,22.2,0.74,46.2,0.241,84.8,18.7,2.0,2.0,0.0,3.0,2.0,1.0,3,0.0,0.0,0.0,0.166,0.021,0,38.8,-0.132,0
PID103751,CRPF,Constable/GD,15.2,True,with_family,nuclear,0.0,peace_training_static,1.0,32,30.7,0.959,47.9,0.082,95.6,9.7,1.0,0.0,1.0,1.0,1.0,0.0,0,0.0,0.0,0.0,0.0,-0.097,0,66.1,-0.812,0
PID103752,CRPF,Constable/GD,14.8,True,with_family,joint,0.0,counter_naxal_lwe,8.7,28,12.4,0.443,66.3,0.286,46.9,43.5,1.0,1.0,0.0,2.0,2.0,0.0,0,0.0,0.0,0.0,0.403,0.304,0,42.4,0.864,0
PID103753,CRPF,Head Constable,6.2,True,separated_hardship_posting,nuclear,1.013,peace_training_static,7.6,30,26.7,0.89,37.1,0.231,98.3,4.4,0.0,0.0,0.0,2.0,2.0,0.0,0,2.0,1.0,1.0,0.252,-0.076,0,58.4,-0.819,0
PID103754,CRPF,Constable/GD,6.8,False,not_applicable_unmarried,n/a,0.0,peace_training_static,1.9,29,25.2,0.869,42.4,0.145,99.0,9.9,1.0,1.0,0.0,1.0,1.0,0.0,1,0.0,0.0,0.0,0.236,0.024,0,24.1,-0.493,0
PID103755,CRPF,Constable/GD,8.8,True,with_family,nuclear,0.0,peace_training_static,5.5,31,24.4,0.787,50.9,0.228,80.6,29.0,0.0,0.0,0.0,2.0,2.0,0.0,2,2.0,1.0,1.0,0.396,0.041,0,28.1,-0.344,0
PID103756,CRPF,Constable/GD,4.4,True,separated_hardship_posting,nuclear,0.587,law_order_vip_duty,4.4,29,18.6,0.641,53.5,0.204,80.1,11.3,0.0,0.0,0.0,3.0,2.0,1.0,0,0.0,0.0,0.0,0.688,0.065,0,40.0,0.119,0
PID103757,CRPF,Constable/GD,6.5,True,separated_hardship_posting,joint,0.5,counter_naxal_lwe,6.0,30,16.9,0.563,58.5,0.495,63.4,45.5,1.0,0.0,1.0,4.0,2.0,2.0,1,0.0,0.0,0.0,0.641,0.16,0,41.4,0.869,0
PID103758,CRPF,ASI/SI,12.1,False,not_applicable_unmarried,n/a,0.0,counter_naxal_lwe,2.7,31,17.4,0.561,64.9,0.355,53.0,45.0,1.0,1.0,0.0,3.0,1.0,2.0,1,2.0,2.0,0.0,0.395,0.103,0,44.4,0.545,1
PID103759,CRPF,Constable/GD,8.5,True,with_family,joint,0.0,peace_training_static,9.2,29,23.8,0.821,43.6,0.189,88.8,9.8,0.0,0.0,0.0,2.0,3.0,-1.0,0,0.0,2.0,-2.0,0.584,0.07,0,55.0,-0.511,0
PID103760,CRPF,Inspector+,12.7,False,not_applicable_unmarried,n/a,0.0,counter_naxal_lwe,18.5,32,17.8,0.556,61.1,0.352,68.1,42.2,0.0,1.0,-1.0,2.0,3.0,-1.0,0,3.0,2.0,1.0,0.398,0.108,0,94.3,-0.23,0
PID103761,CRPF,Constable/GD,20.4,True,with_family,joint,0.0,counter_insurgency_jk_ne,1.2,31,16.7,0.539,53.4,0.31,62.1,42.1,3.0,0.0,3.0,4.0,2.0,2.0,2,2.0,5.0,-3.0,0.07,-0.026,0,15.8,0.645,0
PID103762,CRPF,Constable/GD,12.7,True,separated_hardship_posting,nuclear,0.56,counter_naxal_lwe,4.2,29,19.9,0.686,62.1,0.343,64.8,38.1,4.0,4.0,0.0,3.0,3.0,0.0,0,0.0,0.0,0.0,0.0,-0.025,0,30.8,-0.42,0
PID103763,CRPF,Constable/GD,14.9,False,not_applicable_unmarried,n/a,0.0,counter_insurgency_jk_ne,28.3,31,18.3,0.59,62.1,0.27,65.4,38.9,2.0,1.0,1.0,3.0,1.0,2.0,3,0.0,5.0,-5.0,0.428,0.158,0,46.0,0.83,0
PID103764,CRPF,Constable/GD,3.5,True,with_family,nuclear,0.0,counter_naxal_lwe,6.2,29,19.2,0.662,60.1,0.409,65.3,33.6,1.0,2.0,-1.0,2.0,2.0,0.0,0,6.0,6.0,0.0,0.11,0.082,0,69.3,-0.222,0
PID103765,CRPF,Head Constable,20.2,False,not_applicable_unmarried,n/a,0.0,peace_training_static,4.2,30,21.9,0.73,48.6,0.119,78.1,20.0,1.0,0.0,1.0,2.0,2.0,0.0,0,0.0,0.0,0.0,0.117,-0.13,0,36.6,-0.637,0
PID103766,CRPF,Constable/GD,3.4,True,separated_hardship_posting,joint,1.708,counter_insurgency_jk_ne,20.5,31,19.6,0.632,57.8,0.35,62.0,34.8,0.0,0.0,0.0,3.0,1.0,2.0,0,2.0,2.0,0.0,0.291,-0.002,0,39.7,0.142,0
PID103767,CRPF,Constable/GD,8.1,True,separated_hardship_posting,nuclear,0.147,counter_insurgency_jk_ne,1.1,32,21.0,0.656,62.3,0.354,52.9,53.1,1.0,3.0,-2.0,3.0,2.0,1.0,0,2.0,3.0,-1.0,0.081,0.039,0,33.8,-0.287,0
PID103768,CRPF,Head Constable,5.3,True,with_family,nuclear,0.0,counter_naxal_lwe,7.7,29,15.5,0.534,60.1,0.435,52.0,47.4,2.0,3.0,-1.0,2.0,1.0,1.0,0,1.0,1.0,0.0,0.229,0.13,0,47.9,0.289,0
PID103769,CRPF,Head Constable,2.6,False,not_applicable_unmarried,n/a,0.0,counter_insurgency_jk_ne,24.7,30,16.4,0.547,64.2,0.325,65.4,41.7,0.0,0.0,0.0,4.0,2.0,2.0,0,2.0,2.0,0.0,0.517,0.079,2,39.5,0.488,0
PID103770,CRPF,ASI/SI,12.3,False,not_applicable_unmarried,n/a,0.0,law_order_vip_duty,5.1,30,22.0,0.733,54.7,0.129,75.1,23.7,1.0,1.0,0.0,1.0,1.0,0.0,2,0.0,0.0,0.0,0.182,0.007,0,52.2,-0.38,0
PID103771,CRPF,Inspector+,15.6,True,with_family,nuclear,0.0,peace_training_static,3.8,32,31.0,0.969,47.0,0.101,84.3,15.9,2.0,2.0,0.0,2.0,2.0,0.0,1,0.0,0.0,0.0,0.297,0.079,0,58.3,-0.45,0
PID103772,CRPF,Head Constable,25.3,True,with_family,nuclear,0.0,peace_training_static,4.2,32,25.2,0.788,47.1,0.118,94.0,15.8,1.0,0.0,1.0,1.0,1.0,0.0,0,1.0,3.0,-2.0,0.061,0.003,0,34.3,-0.306,0
PID103773,CRPF,ASI/SI,13.4,True,with_family,joint,0.0,counter_insurgency_jk_ne,4.1,29,19.5,0.672,56.1,0.301,68.2,27.6,0.0,1.0,-1.0,2.0,4.0,-2.0,0,2.0,0.0,2.0,0.562,-0.044,0,54.3,-1.041,0
PID103774,CRPF,Head Constable,6.5,True,separated_hardship_posting,joint,0.275,peace_training_static,3.3,28,26.2,0.936,43.9,0.199,93.5,10.8,0.0,4.0,-4.0,2.0,3.0,-1.0,1,3.0,5.0,-2.0,0.273,0.056,0,28.7,-1.309,0
PID103775,CRPF,Constable/GD,8.3,True,with_family,nuclear,0.0,counter_insurgency_jk_ne,34.3,32,18.4,0.575,59.0,0.368,58.1,40.9,2.0,1.0,1.0,4.0,1.0,3.0,1,1.0,0.0,1.0,0.178,0.109,0,43.3,0.912,0
PID103776,CRPF,Head Constable,3.0,True,with_family,nuclear,0.0,law_order_vip_duty,3.4,28,20.3,0.725,47.2,0.211,81.6,19.4,7.0,8.0,-1.0,1.0,3.0,-2.0,0,1.0,1.0,0.0,0.178,-0.061,0,29.9,-1.156,0
PID103777,CRPF,Constable/GD,8.9,False,not_applicable_unmarried,n/a,0.0,law_order_vip_duty,7.3,29,21.9,0.755,49.6,0.366,69.4,35.0,0.0,0.0,0.0,3.0,2.0,1.0,1,4.0,1.0,3.0,0.442,-0.069,0,15.0,-0.422,0
PID103778,CRPF,Head Constable,11.2,True,separated_hardship_posting,joint,1.333,counter_insurgency_jk_ne,16.0,28,21.8,0.779,54.3,0.279,76.4,21.8,4.0,0.0,4.0,5.0,3.0,2.0,1,3.0,4.0,-1.0,0.455,-0.013,0,53.8,0.549,0
PID103779,CRPF,Inspector+,15.3,True,separated_hardship_posting,joint,0.267,counter_insurgency_jk_ne,3.2,28,17.8,0.636,60.3,0.284,65.1,42.8,3.0,2.0,1.0,3.0,3.0,0.0,0,2.0,3.0,-1.0,0.354,0.017,0,24.6,-0.079,0
PID103780,CRPF,Constable/GD,17.7,False,not_applicable_unmarried,n/a,0.0,law_order_vip_duty,15.7,28,18.2,0.65,54.3,0.154,82.5,25.4,5.0,11.0,-6.0,1.0,3.0,-2.0,1,1.0,2.0,-1.0,0.239,-0.087,0,28.9,-1.917,0
PID103781,CRPF,ASI/SI,15.0,True,separated_hardship_posting,nuclear,3.44,counter_naxal_lwe,25.8,31,15.7,0.506,67.1,0.256,60.9,42.7,0.0,0.0,0.0,4.0,3.0,1.0,0,6.0,2.0,4.0,0.568,0.189,2,34.6,0.657,1
PID103782,CRPF,ASI/SI,6.0,False,not_applicable_unmarried,n/a,0.0,law_order_vip_duty,6.6,30,19.1,0.637,50.7,0.149,70.6,26.8,1.0,3.0,-2.0,1.0,1.0,0.0,2,0.0,0.0,0.0,0.486,0.121,0,68.5,-0.228,0
PID103783,CRPF,Constable/GD,4.9,True,with_family,nuclear,0.0,counter_naxal_lwe,12.3,28,9.7,0.346,58.8,0.411,61.3,39.3,0.0,0.0,0.0,2.0,1.0,1.0,0,6.0,2.0,4.0,0.926,0.306,2,64.3,1.202,0
PID103784,CRPF,Constable/GD,16.9,True,with_family,joint,0.0,law_order_vip_duty,12.6,31,19.8,0.639,46.1,0.264,73.5,11.7,0.0,0.0,0.0,3.0,3.0,0.0,2,5.0,3.0,2.0,0.503,-0.008,0,14.8,-0.313,0
PID103785,CRPF,ASI/SI,2.6,True,with_family,nuclear,0.0,peace_training_static,7.8,28,25.6,0.914,47.1,0.067,91.6,0.0,1.0,1.0,0.0,1.0,2.0,-1.0,0,2.0,1.0,1.0,0.069,0.034,0,21.4,-0.732,0
PID103786,CRPF,Inspector+,32.1,True,separated_hardship_posting,nuclear,0.347,counter_naxal_lwe,2.6,30,20.3,0.677,67.6,0.356,58.7,43.2,0.0,0.0,0.0,4.0,3.0,1.0,0,2.0,1.0,1.0,0.245,0.016,1,68.1,-0.071,0
PID103787,CRPF,Constable/GD,6.9,False,not_applicable_unmarried,n/a,0.0,counter_naxal_lwe,41.3,31,20.0,0.645,61.7,0.398,64.2,40.4,2.0,2.0,0.0,3.0,2.0,1.0,0,0.0,0.0,0.0,0.07,0.05,0,72.8,0.069,0
PID103788,CRPF,Constable/GD,21.8,True,separated_hardship_posting,nuclear,0.453,counter_insurgency_jk_ne,3.4,30,14.5,0.483,58.1,0.178,72.2,31.7,0.0,0.0,0.0,3.0,3.0,0.0,1,4.0,1.0,3.0,0.51,0.001,0,47.2,-0.098,0
PID103789,CRPF,Head Constable,7.7,True,separated_hardship_posting,nuclear,1.267,counter_naxal_lwe,9.5,29,13.6,0.469,62.0,0.456,47.8,52.2,3.0,4.0,-1.0,3.0,1.0,2.0,1,0.0,0.0,0.0,0.491,0.271,1,42.1,1.008,0
PID103790,CRPF,Constable/GD,15.9,True,separated_hardship_posting,nuclear,1.787,counter_naxal_lwe,13.4,32,14.8,0.462,63.0,0.413,59.4,44.8,1.0,2.0,-1.0,2.0,4.0,-2.0,1,3.0,3.0,0.0,0.258,0.132,0,39.1,-0.258,0
PID103791,CRPF,Constable/GD,5.0,True,with_family,nuclear,0.0,law_order_vip_duty,6.2,32,16.3,0.509,56.0,0.269,74.1,23.9,2.0,3.0,-1.0,3.0,4.0,-1.0,1,1.0,1.0,0.0,0.153,0.095,0,36.7,-0.212,0
PID103792,CRPF,Constable/GD,11.6,True,separated_hardship_posting,nuclear,1.387,counter_naxal_lwe,10.4,32,17.1,0.534,69.7,0.422,49.4,53.8,3.0,1.0,2.0,3.0,1.0,2.0,3,2.0,2.0,0.0,0.272,0.238,1,21.3,1.291,0
PID103793,CRPF,Constable/GD,3.1,False,not_applicable_unmarried,n/a,0.0,law_order_vip_duty,9.5,28,23.4,0.836,54.0,0.098,81.2,20.9,1.0,2.0,-1.0,3.0,3.0,0.0,0,0.0,1.0,-1.0,0.256,0.023,0,52.4,-0.611,0
PID103794,CRPF,Head Constable,13.8,True,separated_hardship_posting,joint,0.383,counter_naxal_lwe,4.6,29,15.2,0.524,64.3,0.337,48.5,56.5,1.0,2.0,-1.0,5.0,1.0,4.0,0,2.0,1.0,1.0,0.643,0.218,3,25.9,1.209,0
PID103795,CRPF,Head Constable,5.0,True,with_family,nuclear,0.0,counter_naxal_lwe,3.8,29,12.1,0.417,61.0,0.426,60.3,47.0,0.0,0.0,0.0,3.0,2.0,1.0,2,7.0,5.0,2.0,0.27,0.104,1,49.8,0.509,0
PID103796,CRPF,Head Constable,5.5,True,with_family,nuclear,0.0,counter_insurgency_jk_ne,1.1,28,14.3,0.511,57.6,0.3,68.0,26.7,1.0,2.0,-1.0,3.0,2.0,1.0,0,1.0,1.0,0.0,0.141,-0.042,0,40.5,-0.202,0
PID103797,CRPF,Head Constable,8.6,True,with_family,joint,0.0,peace_training_static,18.2,29,25.1,0.866,45.5,0.165,80.1,14.0,3.0,1.0,2.0,2.0,2.0,0.0,1,5.0,4.0,1.0,0.377,-0.157,0,56.4,-0.726,0
PID103798,CRPF,Constable/GD,9.8,True,separated_hardship_posting,joint,3.475,counter_insurgency_jk_ne,41.7,29,19.7,0.679,56.5,0.387,69.5,39.6,2.0,2.0,0.0,4.0,1.0,3.0,1,1.0,2.0,-1.0,0.254,-0.021,0,29.7,0.241,0
PID103799,CRPF,Constable/GD,15.3,False,not_applicable_unmarried,n/a,0.0,counter_naxal_lwe,12.1,30,16.0,0.533,62.5,0.392,56.6,45.7,2.0,2.0,0.0,4.0,3.0,1.0,2,3.0,2.0,1.0,0.673,0.062,0,20.9,0.239,0
PID103800,CRPF,Constable/GD,14.4,False,not_applicable_unmarried,n/a,0.0,counter_insurgency_jk_ne,16.5,31,20.5,0.661,60.5,0.285,67.4,29.5,0.0,0.0,0.0,2.0,2.0,0.0,0,3.0,2.0,1.0,0.09,0.064,0,24.8,-0.122,0
PID103801,CRPF,Constable/GD,12.3,True,separated_hardship_posting,nuclear,1.44,counter_insurgency_jk_ne,10.8,30,17.8,0.593,58.3,0.335,69.4,40.5,2.0,1.0,1.0,3.0,2.0,1.0,1,3.0,2.0,1.0,0.791,0.148,0,39.7,0.581,0
PID103802,CRPF,Constable/GD,18.8,True,separated_hardship_posting,nuclear,0.947,law_order_vip_duty,7.1,31,24.0,0.774,50.9,0.12,85.2,20.3,1.0,0.0,1.0,4.0,2.0,2.0,0,3.0,5.0,-2.0,0.336,-0.008,0,37.7,0.105,0
PID103803,CRPF,Constable/GD,14.2,True,with_family,joint,0.0,counter_naxal_lwe,7.5,29,13.1,0.452,62.5,0.379,52.0,45.6,1.0,1.0,0.0,2.0,1.0,1.0,1,3.0,3.0,0.0,0.282,0.193,0,20.8,0.734,1
PID103804,CRPF,Constable/GD,14.8,False,not_applicable_unmarried,n/a,0.0,counter_naxal_lwe,1.0,30,14.4,0.48,58.2,0.395,61.9,36.0,0.0,1.0,-1.0,3.0,2.0,1.0,0,1.0,5.0,-4.0,0.376,0.015,0,32.0,0.009,0
PID103805,CRPF,Constable/GD,5.5,True,separated_hardship_posting,nuclear,1.667,counter_insurgency_jk_ne,12.5,29,13.6,0.469,61.2,0.309,77.1,41.7,0.0,0.0,0.0,3.0,2.0,1.0,0,0.0,2.0,-2.0,0.177,0.108,1,41.2,0.457,0
PID103806,CRPF,Head Constable,19.6,True,separated_hardship_posting,joint,0.308,law_order_vip_duty,3.7,28,22.8,0.814,50.3,0.29,85.4,13.8,5.0,4.0,1.0,2.0,1.0,1.0,2,1.0,0.0,1.0,0.416,-0.125,0,50.6,-0.509,0
PID103807,CRPF,Head Constable,18.3,False,not_applicable_unmarried,n/a,0.0,peace_training_static,20.7,28,24.3,0.868,41.4,0.137,98.0,0.0,0.0,1.0,-1.0,1.0,3.0,-2.0,0,0.0,0.0,0.0,0.332,-0.02,0,39.7,-1.208,0
PID103808,CRPF,ASI/SI,12.7,True,separated_hardship_posting,nuclear,1.24,law_order_vip_duty,9.3,28,10.2,0.364,53.8,0.229,77.3,23.0,2.0,2.0,0.0,2.0,2.0,0.0,0,1.0,0.0,1.0,0.337,0.054,0,50.5,0.207,0
PID103809,CRPF,Head Constable,17.9,False,not_applicable_unmarried,n/a,0.0,law_order_vip_duty,3.3,31,24.7,0.797,54.0,0.33,65.5,34.4,0.0,3.0,-3.0,1.0,2.0,-1.0,1,5.0,6.0,-1.0,0.256,-0.101,0,40.6,-1.46,0
PID103810,CRPF,Head Constable,11.0,True,with_family,nuclear,0.0,counter_insurgency_jk_ne,3.4,28,19.7,0.704,54.6,0.243,73.2,22.1,0.0,0.0,0.0,2.0,2.0,0.0,1,1.0,1.0,0.0,0.541,0.052,0,40.7,-0.209,0
PID103811,CRPF,Constable/GD,26.0,True,with_family,nuclear,0.0,counter_insurgency_jk_ne,1.0,30,15.6,0.52,60.5,0.384,59.6,39.9,0.0,0.0,0.0,3.0,2.0,1.0,0,1.0,0.0,1.0,0.566,0.047,0,47.5,0.211,0
PID103812,CRPF,Head Constable,12.0,True,separated_hardship_posting,nuclear,1.467,law_order_vip_duty,11.0,28,22.4,0.8,54.5,0.299,71.6,29.2,0.0,0.0,0.0,2.0,1.0,1.0,2,2.0,1.0,1.0,0.363,-0.161,0,22.1,-0.755,0
PID103813,CRPF,Constable/GD,10.8,True,separated_hardship_posting,nuclear,0.68,counter_naxal_lwe,5.1,29,15.3,0.528,69.9,0.401,42.4,58.7,1.0,2.0,-1.0,4.0,3.0,1.0,0,3.0,3.0,0.0,0.296,0.127,0,68.3,0.289,0
PID103814,CRPF,Constable/GD,14.2,True,with_family,joint,0.0,peace_training_static,1.0,29,19.7,0.679,45.1,0.096,96.3,7.6,0.0,1.0,-1.0,1.0,2.0,-1.0,0,2.0,3.0,-1.0,0.106,0.047,0,41.2,-0.562,0
PID103815,CRPF,Constable/GD,29.0,True,with_family,joint,0.0,counter_naxal_lwe,1.0,29,21.8,0.752,61.8,0.371,45.1,45.8,1.0,1.0,0.0,4.0,3.0,1.0,0,1.0,0.0,1.0,0.0,-0.061,0,38.7,-0.395,0
PID103816,CRPF,Constable/GD,7.9,False,not_applicable_unmarried,n/a,0.0,law_order_vip_duty,10.2,30,21.9,0.73,49.6,0.172,87.7,14.5,4.0,5.0,-1.0,1.0,3.0,-2.0,0,0.0,0.0,0.0,0.295,0.008,0,43.7,-0.955,0
PID103817,CRPF,Constable/GD,13.7,True,with_family,joint,0.0,counter_insurgency_jk_ne,6.6,32,19.8,0.619,60.0,0.266,72.6,40.7,1.0,1.0,0.0,3.0,1.0,2.0,1,3.0,1.0,2.0,0.592,0.001,0,57.1,0.168,0
PID103818,CRPF,Head Constable,8.3,True,with_family,nuclear,0.0,peace_training_static,3.9,31,26.0,0.839,46.0,0.128,100.0,13.3,0.0,1.0,-1.0,1.0,1.0,0.0,1,1.0,1.0,0.0,0.105,-0.062,0,46.2,-0.871,0
PID103819,CRPF,ASI/SI,10.8,True,separated_hardship_posting,nuclear,0.28,counter_naxal_lwe,2.1,29,15.1,0.521,66.0,0.297,58.0,49.1,1.0,0.0,1.0,3.0,2.0,1.0,0,0.0,0.0,0.0,0.17,0.083,1,49.6,0.474,0
PID103820,CRPF,Head Constable,6.5,True,with_family,nuclear,0.0,peace_training_static,7.2,32,29.3,0.916,44.3,0.106,87.9,6.7,0.0,0.0,0.0,1.0,3.0,-2.0,1,4.0,1.0,3.0,0.008,-0.045,0,41.3,-1.186,0
PID103821,CRPF,Head Constable,14.5,False,not_applicable_unmarried,n/a,0.0,counter_naxal_lwe,5.3,32,14.5,0.453,63.9,0.284,63.1,39.6,3.0,1.0,2.0,2.0,2.0,0.0,0,3.0,1.0,2.0,0.411,0.076,2,23.8,0.474,1
PID103822,CRPF,Constable/GD,11.4,True,separated_hardship_posting,nuclear,0.52,counter_naxal_lwe,3.9,31,22.1,0.713,61.0,0.389,64.7,44.4,0.0,0.0,0.0,3.0,1.0,2.0,0,1.0,0.0,1.0,0.178,0.123,0,1.1,0.42,0
PID103823,CRPF,Constable/GD,17.7,False,not_applicable_unmarried,n/a,0.0,peace_training_static,1.5,29,28.6,0.986,38.6,0.218,90.7,5.9,0.0,0.0,0.0,1.0,2.0,-1.0,1,0.0,2.0,-2.0,0.258,0.053,0,52.4,-0.762,0
PID103824,CRPF,Head Constable,20.5,True,separated_hardship_posting,nuclear,3.253,counter_naxal_lwe,24.4,28,17.0,0.607,64.5,0.482,46.7,48.2,0.0,3.0,-3.0,3.0,1.0,2.0,0,1.0,0.0,1.0,0.382,0.182,0,55.1,0.264,0
PID103825,CRPF,Constable/GD,22.3,True,separated_hardship_posting,nuclear,3.947,law_order_vip_duty,29.6,32,23.6,0.738,45.0,0.158,91.5,13.4,2.0,1.0,1.0,3.0,3.0,0.0,1,0.0,2.0,-2.0,0.12,-0.0,0,22.0,-0.254,0
PID103826,CRPF,Constable/GD,8.5,False,not_applicable_unmarried,n/a,0.0,counter_insurgency_jk_ne,6.4,32,16.9,0.528,57.4,0.249,70.9,26.0,4.0,4.0,0.0,2.0,2.0,0.0,0,0.0,0.0,0.0,0.278,0.012,0,20.2,-0.119,0
PID103827,CRPF,Constable/GD,14.2,True,with_family,nuclear,0.0,peace_training_static,8.2,30,30.0,1.0,45.4,0.117,83.3,12.2,0.0,0.0,0.0,2.0,2.0,0.0,1,5.0,1.0,4.0,0.523,0.01,0,22.4,-0.694,0
PID103828,CRPF,ASI/SI,23.1,True,with_family,nuclear,0.0,law_order_vip_duty,7.4,30,24.3,0.81,52.0,0.269,66.3,33.2,4.0,4.0,0.0,3.0,2.0,1.0,0,10.0,3.0,7.0,0.347,0.036,0,30.4,-0.171,0
PID103829,CRPF,Head Constable,6.4,True,with_family,nuclear,0.0,counter_naxal_lwe,10.3,30,15.3,0.51,62.2,0.344,76.6,39.6,4.0,1.0,3.0,4.0,2.0,2.0,0,3.0,2.0,1.0,0.191,0.105,0,25.7,1.073,0
PID103830,CRPF,Constable/GD,12.1,False,not_applicable_unmarried,n/a,0.0,peace_training_static,1.0,32,25.5,0.797,46.1,0.185,90.9,8.8,3.0,1.0,2.0,2.0,2.0,0.0,1,2.0,1.0,1.0,0.545,-0.009,0,41.1,-0.197,0
PID103831,CRPF,Head Constable,6.7,True,separated_hardship_posting,nuclear,3.333,counter_naxal_lwe,25.0,29,11.2,0.386,63.5,0.389,61.9,47.6,0.0,0.0,0.0,4.0,2.0,2.0,0,0.0,2.0,-2.0,0.5,0.276,2,41.6,1.278,1
PID103832,CRPF,Constable/GD,28.8,True,separated_hardship_posting,nuclear,1.707,law_order_vip_duty,12.8,31,23.3,0.752,51.6,0.121,81.7,17.1,1.0,0.0,1.0,2.0,1.0,1.0,0,1.0,3.0,-2.0,0.398,-0.003,0,39.8,-0.066,0
PID103833,CRPF,Constable/GD,22.9,True,separated_hardship_posting,nuclear,0.84,law_order_vip_duty,6.3,32,23.3,0.728,62.5,0.23,70.2,41.6,0.0,0.0,0.0,3.0,2.0,1.0,0,0.0,0.0,0.0,0.37,0.051,0,31.2,-0.028,0
PID103834,CRPF,Constable/GD,15.7,True,separated_hardship_posting,nuclear,0.853,law_order_vip_duty,6.4,29,25.3,0.872,50.6,0.152,75.9,24.0,1.0,1.0,0.0,3.0,2.0,1.0,0,0.0,3.0,-3.0,0.416,0.081,0,25.3,-0.113,0
PID103835,CRPF,Constable/GD,15.5,False,not_applicable_unmarried,n/a,0.0,law_order_vip_duty,3.2,29,24.7,0.852,47.1,0.193,85.7,14.9,0.0,1.0,-1.0,1.0,1.0,0.0,0,0.0,1.0,-1.0,0.735,0.152,0,16.7,-0.241,0
PID103836,CRPF,Head Constable,7.1,True,with_family,nuclear,0.0,peace_training_static,5.4,28,25.3,0.904,40.4,0.102,96.9,0.5,1.0,4.0,-3.0,1.0,1.0,0.0,2,3.0,10.0,-7.0,0.095,-0.06,0,30.3,-1.252,0
PID103837,CRPF,Constable/GD,24.5,True,separated_hardship_posting,nuclear,2.16,counter_insurgency_jk_ne,16.2,31,18.4,0.594,60.6,0.351,57.1,38.1,3.0,0.0,3.0,4.0,1.0,3.0,1,1.0,0.0,1.0,0.096,0.045,0,48.3,1.007,0
PID103838,CRPF,Head Constable,9.5,True,with_family,joint,0.0,peace_training_static,8.2,29,22.6,0.779,39.6,0.125,94.4,18.1,0.0,1.0,-1.0,3.0,2.0,1.0,1,2.0,3.0,-1.0,0.158,0.069,0,14.5,-0.191,0
PID103839,CRPF,Constable/GD,7.6,True,separated_hardship_posting,joint,0.2,counter_naxal_lwe,2.4,28,18.6,0.664,57.2,0.329,65.4,24.7,0.0,0.0,0.0,2.0,2.0,0.0,0,5.0,2.0,3.0,0.707,0.033,0,37.7,-0.22,0
PID103840,CRPF,Head Constable,21.1,False,not_applicable_unmarried,n/a,0.0,counter_naxal_lwe,13.8,30,16.3,0.543,56.6,0.483,57.8,33.2,2.0,0.0,2.0,3.0,1.0,2.0,1,0.0,0.0,0.0,0.153,0.037,0,22.9,0.675,0
PID103841,CRPF,Head Constable,8.9,True,with_family,joint,0.0,law_order_vip_duty,27.1,30,24.3,0.81,53.8,0.173,74.7,31.1,3.0,3.0,0.0,1.0,2.0,-1.0,2,2.0,0.0,2.0,0.301,0.184,0,19.3,-0.153,0
PID103842,CRPF,Head Constable,7.8,False,not_applicable_unmarried,n/a,0.0,counter_naxal_lwe,1.0,28,18.9,0.675,67.3,0.374,44.8,57.4,5.0,5.0,0.0,5.0,3.0,2.0,1,6.0,3.0,3.0,0.382,0.21,4,53.3,0.728,0
PID103843,CRPF,Head Constable,18.3,True,with_family,nuclear,0.0,counter_insurgency_jk_ne,1.0,31,16.9,0.545,54.2,0.347,76.9,32.5,0.0,1.0,-1.0,3.0,3.0,0.0,1,2.0,0.0,2.0,0.199,0.008,0,57.3,-0.304,0
PID103844,CRPF,Inspector+,5.2,True,with_family,joint,0.0,law_order_vip_duty,21.5,30,20.0,0.667,53.7,0.237,84.8,15.0,3.0,3.0,0.0,3.0,2.0,1.0,0,0.0,1.0,-1.0,0.0,-0.044,0,46.3,-0.242,0
PID103845,CRPF,Constable/GD,15.8,True,separated_hardship_posting,joint,0.283,counter_insurgency_jk_ne,3.4,30,25.4,0.847,47.5,0.253,76.1,23.9,1.0,0.0,1.0,1.0,1.0,0.0,2,0.0,0.0,0.0,0.197,0.02,0,21.0,-0.326,0
PID103846,CRPF,Head Constable,12.2,True,with_family,nuclear,0.0,counter_naxal_lwe,8.0,29,17.7,0.61,59.0,0.3,73.8,30.1,1.0,0.0,1.0,4.0,3.0,1.0,0,0.0,0.0,0.0,0.144,0.048,0,51.4,0.261,0
PID103847,CRPF,Head Constable,17.4,True,with_family,nuclear,0.0,counter_naxal_lwe,9.6,31,16.2,0.523,64.4,0.394,57.2,47.0,0.0,0.0,0.0,2.0,1.0,1.0,2,4.0,1.0,3.0,0.272,0.123,1,50.0,0.437,0
PID103848,CRPF,Constable/GD,14.8,True,separated_hardship_posting,nuclear,0.787,counter_naxal_lwe,5.9,31,20.8,0.671,60.8,0.419,60.3,45.8,2.0,1.0,1.0,3.0,2.0,1.0,0,0.0,1.0,-1.0,0.471,0.085,0,68.8,0.297,1
PID103849,CRPF,Constable/GD,35.0,False,not_applicable_unmarried,n/a,0.0,counter_naxal_lwe,9.9,31,16.1,0.519,66.0,0.354,49.5,52.4,0.0,0.0,0.0,4.0,3.0,1.0,0,1.0,1.0,0.0,0.472,0.201,1,30.9,0.676,0
PID103850,CRPF,Constable/GD,12.9,False,not_applicable_unmarried,n/a,0.0,counter_naxal_lwe,4.2,29,16.9,0.583,53.1,0.278,71.1,25.7,2.0,3.0,-1.0,2.0,2.0,0.0,2,3.0,2.0,1.0,0.286,-0.005,0,44.5,-0.389,0
PID103851,CRPF,Constable/GD,8.9,True,with_family,nuclear,0.0,peace_training_static,24.3,30,25.3,0.843,43.1,0.127,94.7,14.7,0.0,0.0,0.0,3.0,3.0,0.0,1,2.0,5.0,-3.0,0.191,0.001,0,25.5,-0.533,0
PID103852,CRPF,Constable/GD,11.4,True,with_family,joint,0.0,counter_naxal_lwe,1.4,29,15.9,0.548,63.8,0.448,50.0,54.3,0.0,0.0,0.0,3.0,2.0,1.0,0,0.0,1.0,-1.0,0.294,0.09,0,10.4,0.306,0
PID103853,CRPF,Constable/GD,14.7,False,not_applicable_unmarried,n/a,0.0,peace_training_static,8.7,29,25.3,0.872,47.8,0.066,84.3,9.1,0.0,1.0,-1.0,2.0,2.0,0.0,0,2.0,3.0,-1.0,0.148,0.098,0,11.4,-0.429,0
PID103854,CRPF,Head Constable,27.9,True,with_family,nuclear,0.0,peace_training_static,13.4,32,26.5,0.828,48.1,0.108,83.7,13.2,0.0,0.0,0.0,2.0,2.0,0.0,0,3.0,2.0,1.0,0.384,-0.074,0,39.8,-0.739,0
PID103855,CRPF,Constable/GD,16.4,True,with_family,joint,0.0,counter_naxal_lwe,8.3,29,16.7,0.576,62.8,0.36,40.1,45.3,1.0,2.0,-1.0,3.0,1.0,2.0,0,2.0,3.0,-1.0,0.43,0.224,1,27.8,0.736,0
PID103856,CRPF,ASI/SI,6.9,False,not_applicable_unmarried,n/a,0.0,peace_training_static,5.5,29,24.2,0.834,41.4,0.192,92.7,8.7,1.0,0.0,1.0,1.0,2.0,-1.0,0,1.0,0.0,1.0,0.433,0.098,0,46.8,-0.289,0
PID103857,CRPF,Constable/GD,35.0,True,separated_hardship_posting,nuclear,0.88,counter_naxal_lwe,6.6,31,18.8,0.606,58.9,0.325,70.0,39.7,0.0,0.0,0.0,3.0,1.0,2.0,1,3.0,1.0,2.0,0.475,0.041,0,48.7,0.304,0
PID103858,CRPF,Head Constable,20.0,True,separated_hardship_posting,nuclear,0.293,law_order_vip_duty,2.2,31,22.3,0.719,61.3,0.256,68.5,28.1,0.0,0.0,0.0,5.0,3.0,2.0,0,3.0,2.0,1.0,0.221,0.115,0,39.3,0.39,0
PID103859,CRPF,Constable/GD,6.6,True,with_family,nuclear,0.0,peace_training_static,5.8,29,20.9,0.721,41.0,0.21,96.2,0.0,4.0,0.0,4.0,3.0,2.0,1.0,1,0.0,0.0,0.0,0.468,0.026,0,15.8,0.522,0
PID103860,CRPF,Constable/GD,5.5,True,with_family,nuclear,0.0,peace_training_static,7.7,28,27.1,0.968,40.3,0.038,95.5,0.0,0.0,3.0,-3.0,1.0,3.0,-2.0,0,4.0,2.0,2.0,0.0,-0.025,0,24.2,-1.652,0
PID103861,CRPF,Constable/GD,4.8,True,separated_hardship_posting,nuclear,3.52,counter_naxal_lwe,26.4,31,19.0,0.613,64.7,0.278,72.6,47.2,1.0,0.0,1.0,3.0,1.0,2.0,0,0.0,0.0,0.0,0.505,0.15,0,42.6,0.778,1
PID103862,CRPF,Head Constable,11.1,False,not_applicable_unmarried,n/a,0.0,counter_naxal_lwe,9.9,32,24.4,0.762,57.8,0.351,61.3,39.6,0.0,0.0,0.0,1.0,2.0,-1.0,1,1.0,1.0,0.0,0.256,-0.03,0,44.1,-0.74,0
PID103863,CRPF,Constable/GD,11.4,False,not_applicable_unmarried,n/a,0.0,counter_naxal_lwe,9.7,28,15.5,0.554,69.2,0.415,49.9,62.7,1.0,0.0,1.0,5.0,2.0,3.0,2,5.0,0.0,5.0,0.257,0.184,0,44.3,1.164,0
PID103864,CRPF,ASI/SI,7.5,True,with_family,joint,0.0,peace_training_static,1.6,29,26.6,0.917,56.9,0.147,73.6,27.5,1.0,3.0,-2.0,3.0,4.0,-1.0,0,0.0,0.0,0.0,0.267,-0.029,0,52.1,-1.235,0
PID103865,CRPF,Constable/GD,4.3,False,not_applicable_unmarried,n/a,0.0,counter_naxal_lwe,30.9,32,19.0,0.594,61.0,0.421,61.2,39.6,2.0,1.0,1.0,3.0,2.0,1.0,1,3.0,1.0,2.0,0.132,0.112,1,35.4,0.471,0
PID103866,CRPF,Head Constable,5.6,False,not_applicable_unmarried,n/a,0.0,counter_insurgency_jk_ne,2.7,31,21.7,0.7,59.2,0.205,69.2,25.1,2.0,2.0,0.0,2.0,2.0,0.0,0,3.0,2.0,1.0,0.256,0.021,0,42.2,-0.3,0
PID103867,CRPF,Constable/GD,16.6,True,with_family,nuclear,0.0,counter_naxal_lwe,7.2,31,19.9,0.642,54.7,0.377,68.1,30.2,1.0,0.0,1.0,2.0,2.0,0.0,0,2.0,0.0,2.0,0.396,0.092,0,47.4,0.14,0
PID103868,CRPF,Head Constable,9.6,False,not_applicable_unmarried,n/a,0.0,counter_naxal_lwe,2.3,29,16.9,0.583,66.1,0.186,59.8,39.2,1.0,1.0,0.0,4.0,3.0,1.0,1,1.0,1.0,0.0,0.545,0.198,0,53.6,0.589,0
PID103869,CRPF,Constable/GD,6.0,False,not_applicable_unmarried,n/a,0.0,counter_insurgency_jk_ne,7.4,30,17.9,0.597,49.0,0.386,72.0,15.7,0.0,0.0,0.0,2.0,2.0,0.0,1,1.0,2.0,-1.0,0.405,0.038,0,38.9,-0.122,0
PID103870,CRPF,Constable/GD,12.2,False,not_applicable_unmarried,n/a,0.0,counter_naxal_lwe,8.0,28,17.9,0.639,56.6,0.428,51.2,37.8,2.0,1.0,1.0,4.0,2.0,2.0,0,1.0,2.0,-1.0,0.872,0.138,1,38.3,0.709,1
PID103871,CRPF,Constable/GD,13.6,False,not_applicable_unmarried,n/a,0.0,law_order_vip_duty,20.8,32,23.8,0.744,52.5,0.207,82.8,19.0,6.0,5.0,1.0,2.0,2.0,0.0,0,1.0,1.0,0.0,0.074,0.013,0,43.7,-0.222,0
PID103872,CRPF,Constable/GD,14.5,True,separated_hardship_posting,nuclear,1.333,counter_insurgency_jk_ne,10.0,30,14.1,0.47,60.2,0.168,64.9,34.6,0.0,1.0,-1.0,3.0,2.0,1.0,1,3.0,2.0,1.0,0.358,0.046,1,39.8,0.114,0
PID103873,CRPF,Constable/GD,11.9,True,separated_hardship_posting,nuclear,0.133,counter_insurgency_jk_ne,1.0,31,14.1,0.455,52.1,0.294,72.0,28.0,2.0,0.0,2.0,4.0,4.0,0.0,1,0.0,0.0,0.0,0.1,0.066,0,35.0,0.442,0
PID103874,CRPF,Inspector+,10.9,False,not_applicable_unmarried,n/a,0.0,counter_insurgency_jk_ne,1.0,32,18.3,0.572,55.8,0.374,61.3,38.7,2.0,3.0,-1.0,1.0,1.0,0.0,0,0.0,1.0,-1.0,0.373,0.105,1,29.5,-0.045,0
PID103875,CRPF,Constable/GD,22.1,False,not_applicable_unmarried,n/a,0.0,counter_naxal_lwe,44.5,28,15.8,0.564,55.4,0.381,71.2,26.3,0.0,0.0,0.0,1.0,1.0,0.0,1,1.0,2.0,-1.0,0.465,0.135,0,13.3,0.21,1
PID103876,CRPF,Constable/GD,5.7,True,separated_hardship_posting,joint,0.242,law_order_vip_duty,2.9,32,31.4,0.981,50.7,0.338,71.4,22.6,2.0,2.0,0.0,1.0,1.0,0.0,2,4.0,1.0,3.0,0.028,-0.065,0,47.1,-0.897,0
PID103877,CRPF,Inspector+,10.0,True,with_family,nuclear,0.0,counter_insurgency_jk_ne,3.0,29,17.0,0.586,54.8,0.289,57.5,39.1,1.0,1.0,0.0,3.0,1.0,2.0,1,2.0,5.0,-3.0,0.137,0.067,1,46.0,0.404,0
PID103878,CRPF,Constable/GD,2.9,True,with_family,joint,0.0,counter_insurgency_jk_ne,23.2,29,17.5,0.603,55.5,0.428,67.5,35.5,0.0,1.0,-1.0,1.0,2.0,-1.0,0,2.0,2.0,0.0,0.481,0.066,0,43.0,-0.415,0
PID103879,CRPF,Constable/GD,9.2,False,not_applicable_unmarried,n/a,0.0,counter_naxal_lwe,2.7,30,15.3,0.51,64.6,0.235,59.1,46.7,4.0,0.0,4.0,4.0,1.0,3.0,1,0.0,0.0,0.0,0.343,0.203,3,45.2,1.738,1
PID103880,CRPF,Head Constable,12.7,True,separated_hardship_posting,nuclear,0.133,counter_naxal_lwe,1.0,29,17.8,0.614,63.1,0.311,62.0,41.7,3.0,1.0,2.0,3.0,3.0,0.0,0,5.0,4.0,1.0,0.165,0.062,1,36.6,0.237,1
PID103881,CRPF,ASI/SI,18.2,True,with_family,nuclear,0.0,peace_training_static,16.4,29,26.9,0.928,48.2,0.049,94.0,12.3,0.0,1.0,-1.0,1.0,2.0,-1.0,2,1.0,2.0,-1.0,0.501,-0.037,0,67.1,-1.117,0
PID103882,CRPF,Head Constable,3.0,True,with_family,nuclear,0.0,peace_training_static,23.3,31,26.0,0.839,45.5,0.171,81.2,18.1,4.0,1.0,3.0,3.0,2.0,1.0,1,0.0,2.0,-2.0,0.228,-0.069,0,52.4,-0.062,0
PID103883,CRPF,Constable/GD,12.5,True,with_family,nuclear,0.0,counter_naxal_lwe,1.8,29,12.9,0.445,64.9,0.284,60.9,41.0,0.0,2.0,-2.0,3.0,3.0,0.0,0,0.0,0.0,0.0,0.23,0.091,1,68.2,-0.087,0
PID103884,CRPF,Inspector+,30.2,False,not_applicable_unmarried,n/a,0.0,counter_naxal_lwe,5.0,31,15.8,0.51,61.9,0.417,54.6,42.9,0.0,2.0,-2.0,3.0,2.0,1.0,0,1.0,0.0,1.0,0.52,0.296,3,29.2,0.666,1
PID103885,CRPF,Constable/GD,15.1,True,separated_hardship_posting,nuclear,1.533,counter_naxal_lwe,11.5,29,13.4,0.462,60.0,0.398,68.0,37.0,0.0,1.0,-1.0,3.0,2.0,1.0,3,1.0,4.0,-3.0,0.154,0.097,0,38.2,0.278,0
PID103886,CRPF,Inspector+,5.0,True,with_family,joint,0.0,law_order_vip_duty,4.1,29,21.1,0.728,54.3,0.237,75.3,27.5,0.0,0.0,0.0,3.0,1.0,2.0,1,4.0,1.0,3.0,0.31,0.125,0,38.2,0.408,0
PID103887,CRPF,ASI/SI,9.2,True,separated_hardship_posting,nuclear,1.88,counter_naxal_lwe,14.1,28,15.8,0.564,60.3,0.35,63.5,43.3,0.0,1.0,-1.0,3.0,1.0,2.0,1,3.0,1.0,2.0,0.58,0.13,0,60.9,0.466,0
PID103888,CRPF,ASI/SI,15.4,False,not_applicable_unmarried,n/a,0.0,peace_training_static,6.1,32,27.3,0.853,44.7,0.063,84.9,8.4,1.0,1.0,0.0,2.0,3.0,-1.0,0,1.0,1.0,0.0,0.173,-0.036,0,8.1,-0.869,0
PID103889,CRPF,Constable/GD,7.7,True,with_family,nuclear,0.0,counter_naxal_lwe,3.3,28,19.8,0.707,66.3,0.393,59.9,54.5,0.0,0.0,0.0,4.0,2.0,2.0,0,1.0,0.0,1.0,0.252,0.232,3,48.4,0.758,0
PID103890,CRPF,Constable/GD,13.3,True,with_family,joint,0.0,peace_training_static,9.9,30,30.0,1.0,49.9,0.096,90.5,24.1,1.0,2.0,-1.0,2.0,3.0,-1.0,1,4.0,1.0,3.0,0.292,0.082,0,42.4,-0.846,0
PID103891,CRPF,Head Constable,12.9,True,separated_hardship_posting,nuclear,6.4,counter_naxal_lwe,48.0,29,15.3,0.528,60.8,0.402,56.4,39.8,1.0,1.0,0.0,2.0,2.0,0.0,1,6.0,3.0,3.0,0.566,0.097,0,55.7,0.139,1
PID103892,CRPF,Constable/GD,11.0,False,not_applicable_unmarried,n/a,0.0,counter_naxal_lwe,9.8,32,14.7,0.459,65.5,0.446,55.0,56.7,1.0,0.0,1.0,3.0,2.0,1.0,0,1.0,0.0,1.0,0.502,0.13,1,31.6,0.689,0
PID103893,CRPF,Constable/GD,4.7,False,not_applicable_unmarried,n/a,0.0,counter_naxal_lwe,13.6,28,15.3,0.546,56.9,0.338,71.4,34.5,1.0,1.0,0.0,3.0,3.0,0.0,0,6.0,2.0,4.0,0.419,0.092,0,14.0,0.102,0
PID103894,CRPF,ASI/SI,7.2,False,not_applicable_unmarried,n/a,0.0,counter_naxal_lwe,1.0,30,16.1,0.537,60.8,0.435,73.0,43.0,2.0,3.0,-1.0,3.0,2.0,1.0,0,5.0,6.0,-1.0,0.25,0.213,2,68.4,0.537,0
PID103895,CRPF,Head Constable,31.9,True,separated_hardship_posting,nuclear,0.427,peace_training_static,3.2,30,26.8,0.893,43.0,0.138,93.5,8.2,6.0,3.0,3.0,2.0,2.0,0.0,1,0.0,0.0,0.0,0.216,0.086,0,39.8,0.127,0
PID103896,CRPF,Constable/GD,8.9,False,not_applicable_unmarried,n/a,0.0,counter_insurgency_jk_ne,24.6,32,18.0,0.562,58.0,0.342,66.5,43.1,1.0,1.0,0.0,4.0,3.0,1.0,1,1.0,3.0,-2.0,0.581,0.123,1,54.3,0.389,0
PID103897,CRPF,Constable/GD,9.5,False,not_applicable_unmarried,n/a,0.0,counter_naxal_lwe,5.9,28,12.3,0.439,64.9,0.277,60.6,45.4,0.0,1.0,-1.0,4.0,2.0,2.0,0,0.0,0.0,0.0,0.293,0.241,1,35.4,0.954,0
PID103898,CRPF,Constable/GD,9.5,True,with_family,joint,0.0,peace_training_static,2.3,32,28.9,0.903,48.2,0.085,87.0,12.4,0.0,2.0,-2.0,2.0,3.0,-1.0,1,2.0,1.0,1.0,0.152,-0.044,0,57.1,-1.262,0
PID103899,CRPF,Constable/GD,17.9,False,not_applicable_unmarried,n/a,0.0,counter_naxal_lwe,5.2,28,14.3,0.511,63.7,0.314,66.0,40.1,1.0,0.0,1.0,4.0,1.0,3.0,0,0.0,0.0,0.0,0.852,0.172,0,51.6,1.181,0
PID103900,CRPF,Constable/GD,9.8,False,not_applicable_unmarried,n/a,0.0,counter_naxal_lwe,1.0,29,15.2,0.524,62.5,0.437,52.5,42.0,1.0,0.0,1.0,3.0,2.0,1.0,0,4.0,7.0,-3.0,0.198,0.144,0,58.3,0.652,0
PID103901,CRPF,ASI/SI,11.1,False,not_applicable_unmarried,n/a,0.0,counter_naxal_lwe,4.6,32,17.9,0.559,61.4,0.335,68.7,36.9,3.0,5.0,-2.0,3.0,2.0,1.0,1,2.0,1.0,1.0,0.599,0.084,0,35.1,-0.034,0
PID103902,CRPF,Head Constable,12.5,False,not_applicable_unmarried,n/a,0.0,counter_insurgency_jk_ne,19.1,29,17.2,0.593,62.8,0.344,51.9,51.8,2.0,0.0,2.0,4.0,2.0,2.0,0,3.0,1.0,2.0,0.455,0.319,4,60.3,1.465,1
PID103903,CRPF,Constable/GD,19.1,True,with_family,joint,0.0,peace_training_static,32.0,30,27.2,0.907,39.8,0.122,99.1,9.3,1.0,0.0,1.0,3.0,2.0,1.0,0,2.0,2.0,0.0,0.137,0.028,0,48.0,-0.159,0
PID103904,CRPF,Constable/GD,11.2,True,separated_hardship_posting,joint,0.967,counter_naxal_lwe,11.6,29,14.8,0.51,59.3,0.335,71.0,33.8,4.0,5.0,-1.0,2.0,3.0,-1.0,0,7.0,2.0,5.0,0.187,-0.047,0,12.8,-0.642,0
PID103905,CRPF,Head Constable,11.9,True,separated_hardship_posting,nuclear,5.04,law_order_vip_duty,37.8,32,25.1,0.784,53.6,0.138,84.4,16.5,0.0,2.0,-2.0,1.0,1.0,0.0,1,0.0,2.0,-2.0,0.777,0.068,1,60.5,-0.567,0
PID103906,CRPF,ASI/SI,8.0,True,with_family,nuclear,0.0,counter_naxal_lwe,13.9,28,13.2,0.471,68.1,0.242,61.0,50.5,7.0,4.0,3.0,4.0,1.0,3.0,0,5.0,1.0,4.0,0.662,0.394,2,48.7,2.207,1
PID103907,CRPF,ASI/SI,13.5,True,separated_hardship_posting,nuclear,0.52,counter_naxal_lwe,3.9,32,14.3,0.447,60.6,0.336,66.3,41.7,1.0,0.0,1.0,3.0,1.0,2.0,2,2.0,1.0,1.0,0.351,0.06,0,35.6,0.706,0
PID103908,CRPF,Constable/GD,15.8,True,with_family,nuclear,0.0,law_order_vip_duty,1.0,29,19.1,0.659,51.0,0.209,77.1,13.4,2.0,0.0,2.0,3.0,2.0,1.0,2,2.0,1.0,1.0,0.306,0.023,0,38.1,0.28,0
PID103909,CRPF,ASI/SI,16.4,False,not_applicable_unmarried,n/a,0.0,law_order_vip_duty,10.1,30,20.5,0.683,46.8,0.173,78.9,31.8,0.0,0.0,0.0,2.0,1.0,1.0,0,0.0,0.0,0.0,0.113,-0.002,0,25.0,-0.134,0
PID103910,CRPF,Constable/GD,29.2,True,with_family,nuclear,0.0,counter_insurgency_jk_ne,22.7,29,13.5,0.466,55.8,0.315,71.5,32.8,5.0,2.0,3.0,4.0,1.0,3.0,0,2.0,1.0,1.0,0.584,0.134,2,42.3,1.427,1
PID103911,CRPF,Constable/GD,6.9,False,not_applicable_unmarried,n/a,0.0,counter_naxal_lwe,12.8,31,12.0,0.387,64.8,0.474,54.2,59.5,2.0,0.0,2.0,3.0,1.0,2.0,2,4.0,0.0,4.0,0.565,0.225,1,48.4,1.431,0
PID103912,CRPF,ASI/SI,11.4,True,with_family,nuclear,0.0,counter_naxal_lwe,5.0,31,18.6,0.6,68.3,0.446,56.6,54.0,2.0,0.0,2.0,4.0,1.0,3.0,1,2.0,0.0,2.0,0.586,0.179,2,41.8,1.249,1
PID103913,CRPF,Constable/GD,9.9,True,with_family,nuclear,0.0,law_order_vip_duty,11.9,28,24.8,0.886,50.8,0.225,78.3,18.0,0.0,0.0,0.0,2.0,2.0,0.0,1,9.0,6.0,3.0,0.584,-0.098,0,43.5,-0.882,0
PID103914,CRPF,Constable/GD,26.3,True,separated_hardship_posting,nuclear,0.733,law_order_vip_duty,5.5,29,23.4,0.807,48.8,0.227,82.2,21.2,0.0,1.0,-1.0,2.0,2.0,0.0,2,0.0,0.0,0.0,0.23,0.092,0,31.9,-0.368,0
PID103915,CRPF,Constable/GD,16.8,True,with_family,joint,0.0,counter_insurgency_jk_ne,6.4,31,17.2,0.555,58.3,0.342,67.9,29.7,3.0,2.0,1.0,3.0,1.0,2.0,0,5.0,1.0,4.0,0.166,0.015,0,26.3,0.439,0
PID103916,CRPF,Constable/GD,3.8,True,separated_hardship_posting,nuclear,2.84,counter_naxal_lwe,21.3,30,11.4,0.38,55.5,0.368,71.7,33.3,5.0,0.0,5.0,4.0,3.0,1.0,1,0.0,0.0,0.0,0.765,0.29,0,40.6,1.883,1
PID103917,CRPF,Constable/GD,7.5,True,separated_hardship_posting,nuclear,0.667,law_order_vip_duty,5.0,30,23.1,0.77,56.9,0.262,76.6,25.6,1.0,3.0,-2.0,3.0,1.0,2.0,1,2.0,0.0,2.0,0.291,0.098,0,43.9,-0.033,0
PID103918,CRPF,Head Constable,9.2,True,with_family,nuclear,0.0,counter_naxal_lwe,4.7,29,11.1,0.383,57.1,0.37,60.7,37.4,5.0,4.0,1.0,3.0,1.0,2.0,0,0.0,2.0,-2.0,0.895,0.106,1,33.9,0.923,1
PID103919,CRPF,Constable/GD,4.2,True,with_family,joint,0.0,law_order_vip_duty,14.2,31,23.0,0.742,53.3,0.229,80.4,26.6,1.0,2.0,-1.0,3.0,3.0,0.0,1,1.0,1.0,0.0,0.278,0.086,1,47.2,-0.307,0
PID103920,CRPF,Constable/GD,12.0,True,separated_hardship_posting,nuclear,3.52,law_order_vip_duty,26.4,32,21.6,0.675,53.2,0.184,77.0,26.2,0.0,1.0,-1.0,3.0,2.0,1.0,1,1.0,2.0,-1.0,0.125,0.096,1,53.0,0.018,0
PID103921,CRPF,ASI/SI,8.2,True,separated_hardship_posting,nuclear,0.547,counter_naxal_lwe,4.1,28,8.6,0.307,64.5,0.375,61.9,38.5,0.0,0.0,0.0,4.0,1.0,3.0,0,7.0,12.0,-5.0,0.351,0.093,0,54.7,1.034,1
PID103922,CRPF,Constable/GD,29.9,True,separated_hardship_posting,nuclear,1.147,counter_insurgency_jk_ne,8.6,31,23.0,0.742,59.0,0.167,81.3,25.9,4.0,1.0,3.0,3.0,2.0,1.0,1,2.0,0.0,2.0,0.322,-0.064,0,32.7,0.072,0
PID103923,CRPF,ASI/SI,13.5,True,separated_hardship_posting,nuclear,1.96,counter_insurgency_jk_ne,14.7,32,15.4,0.481,58.0,0.319,54.8,29.4,2.0,0.0,2.0,4.0,2.0,2.0,0,0.0,2.0,-2.0,0.719,0.023,0,15.1,0.707,0
PID103924,CRPF,Constable/GD,8.9,True,separated_hardship_posting,nuclear,0.693,law_order_vip_duty,5.2,29,20.7,0.714,53.7,0.099,88.3,23.0,0.0,1.0,-1.0,2.0,3.0,-1.0,1,3.0,5.0,-2.0,0.518,-0.166,0,46.5,-1.249,0
PID103925,CRPF,Head Constable,6.0,False,not_applicable_unmarried,n/a,0.0,peace_training_static,7.4,30,26.6,0.887,49.3,0.139,83.5,18.8,0.0,1.0,-1.0,2.0,3.0,-1.0,1,1.0,0.0,1.0,0.228,0.029,0,35.7,-0.868,0
PID103926,CRPF,Constable/GD,10.9,True,separated_hardship_posting,nuclear,0.8,counter_insurgency_jk_ne,6.0,30,16.6,0.553,65.2,0.244,57.4,37.9,1.0,1.0,0.0,3.0,3.0,0.0,0,5.0,2.0,3.0,0.266,0.176,2,40.4,0.345,0
PID103927,CRPF,ASI/SI,25.1,False,not_applicable_unmarried,n/a,0.0,counter_naxal_lwe,8.5,31,18.4,0.594,57.6,0.43,60.8,47.7,9.0,4.0,5.0,4.0,1.0,3.0,1,1.0,0.0,1.0,0.502,0.15,2,32.8,1.631,1
PID103928,CRPF,Constable/GD,9.9,False,not_applicable_unmarried,n/a,0.0,counter_naxal_lwe,31.1,31,14.8,0.477,54.6,0.358,63.4,37.2,1.0,1.0,0.0,2.0,1.0,1.0,1,0.0,0.0,0.0,0.29,0.169,0,64.6,0.63,0
PID103929,CRPF,ASI/SI,10.9,True,with_family,nuclear,0.0,law_order_vip_duty,4.1,32,25.1,0.784,45.8,0.223,87.7,15.2,2.0,1.0,1.0,3.0,3.0,0.0,0,1.0,0.0,1.0,0.343,0.025,0,33.8,-0.233,0
PID103930,CRPF,Constable/GD,35.0,True,separated_hardship_posting,joint,1.608,counter_naxal_lwe,19.3,30,17.5,0.583,54.7,0.377,62.5,33.4,2.0,4.0,-2.0,3.0,2.0,1.0,0,0.0,0.0,0.0,0.184,0.078,0,68.1,-0.08,0
PID103931,CRPF,Head Constable,20.5,True,separated_hardship_posting,nuclear,1.64,law_order_vip_duty,12.3,32,19.9,0.622,47.2,0.171,92.5,11.2,0.0,0.0,0.0,1.0,3.0,-2.0,0,3.0,3.0,0.0,0.092,-0.163,0,51.7,-1.187,0
PID103932,CRPF,Constable/GD,13.2,True,separated_hardship_posting,nuclear,1.187,counter_naxal_lwe,8.9,30,17.2,0.573,56.7,0.42,69.0,33.5,2.0,2.0,0.0,4.0,3.0,1.0,0,1.0,2.0,-1.0,0.487,0.116,0,55.8,0.356,1
PID103933,CRPF,Constable/GD,17.7,True,separated_hardship_posting,nuclear,4.227,counter_naxal_lwe,31.7,29,12.8,0.441,60.3,0.394,63.3,47.6,2.0,2.0,0.0,3.0,2.0,1.0,0,2.0,3.0,-1.0,0.343,0.191,2,38.1,0.742,1
PID103934,CRPF,Constable/GD,14.0,True,separated_hardship_posting,joint,1.542,counter_naxal_lwe,18.5,31,13.6,0.439,65.4,0.32,47.0,50.2,2.0,1.0,1.0,4.0,3.0,1.0,0,5.0,1.0,4.0,0.393,0.187,3,27.5,0.886,1
PID103935,CRPF,Constable/GD,13.6,False,not_applicable_unmarried,n/a,0.0,peace_training_static,9.2,30,27.9,0.93,48.5,0.059,80.4,10.1,0.0,0.0,0.0,2.0,2.0,0.0,1,0.0,1.0,-1.0,0.434,-0.049,0,50.5,-0.789,0
PID103936,CRPF,Constable/GD,3.6,True,with_family,nuclear,0.0,law_order_vip_duty,2.0,31,22.0,0.71,49.5,0.198,81.1,26.9,0.0,0.0,0.0,3.0,2.0,1.0,0,2.0,2.0,0.0,0.196,-0.072,0,45.2,-0.377,0
PID103937,CRPF,Head Constable,5.5,True,with_family,nuclear,0.0,counter_insurgency_jk_ne,4.2,31,19.7,0.635,55.9,0.294,70.6,32.0,1.0,3.0,-2.0,1.0,1.0,0.0,0,0.0,2.0,-2.0,0.094,0.02,0,32.5,-0.53,0
PID103938,CRPF,Constable/GD,12.4,False,not_applicable_unmarried,n/a,0.0,counter_naxal_lwe,14.2,28,16.5,0.589,70.0,0.285,61.2,44.3,1.0,4.0,-3.0,4.0,2.0,2.0,0,2.0,4.0,-2.0,0.295,0.128,3,50.7,0.124,0
PID103939,CRPF,Constable/GD,6.4,True,separated_hardship_posting,nuclear,1.213,peace_training_static,9.1,30,22.7,0.757,48.4,0.093,69.6,28.9,0.0,0.0,0.0,3.0,2.0,1.0,1,3.0,1.0,2.0,0.0,-0.071,0,48.8,-0.433,0
PID103940,CRPF,Constable/GD,10.9,True,with_family,joint,0.0,peace_training_static,20.5,28,27.4,0.979,46.7,0.085,84.7,7.8,0.0,2.0,-2.0,2.0,2.0,0.0,0,3.0,3.0,0.0,0.16,0.097,0,14.2,-0.717,0
PID103941,CRPF,Constable/GD,5.1,True,with_family,nuclear,0.0,counter_insurgency_jk_ne,38.8,30,18.9,0.63,58.5,0.288,73.2,30.1,6.0,0.0,6.0,4.0,2.0,2.0,0,1.0,5.0,-4.0,0.004,-0.046,0,49.3,0.937,0
PID103942,CRPF,Constable/GD,20.6,True,separated_hardship_posting,nuclear,1.013,law_order_vip_duty,7.6,31,21.5,0.694,50.8,0.208,77.8,22.8,2.0,1.0,1.0,3.0,1.0,2.0,1,5.0,4.0,1.0,0.46,0.005,2,54.5,0.241,0
PID103943,CRPF,Head Constable,6.9,False,not_applicable_unmarried,n/a,0.0,peace_training_static,21.5,31,27.5,0.887,54.0,0.149,75.8,26.4,0.0,0.0,0.0,3.0,2.0,1.0,0,5.0,4.0,1.0,0.37,0.064,0,17.2,-0.182,0
PID103944,CRPF,Constable/GD,6.0,True,separated_hardship_posting,nuclear,0.133,counter_naxal_lwe,1.0,28,17.7,0.632,61.2,0.352,52.9,40.3,0.0,5.0,-5.0,1.0,2.0,-1.0,1,1.0,1.0,0.0,0.122,-0.009,0,69.3,-1.292,0
PID103945,CRPF,ASI/SI,4.4,True,with_family,joint,0.0,counter_naxal_lwe,4.9,32,16.6,0.519,62.6,0.374,66.5,31.7,1.0,1.0,0.0,2.0,1.0,1.0,1,1.0,1.0,0.0,0.0,-0.092,0,61.0,-0.205,0
PID103946,CRPF,Constable/GD,16.3,True,with_family,nuclear,0.0,counter_insurgency_jk_ne,18.7,31,24.9,0.803,51.4,0.315,72.0,28.3,0.0,1.0,-1.0,3.0,1.0,2.0,1,3.0,4.0,-1.0,0.406,-0.026,0,14.2,-0.29,0
PID103947,CRPF,Constable/GD,10.9,True,separated_hardship_posting,joint,0.117,counter_insurgency_jk_ne,1.4,29,21.9,0.755,55.5,0.288,78.0,24.8,3.0,4.0,-1.0,2.0,1.0,1.0,1,1.0,0.0,1.0,0.289,0.013,0,34.6,-0.33,0
PID103948,CRPF,ASI/SI,20.2,True,separated_hardship_posting,nuclear,0.733,law_order_vip_duty,5.5,30,22.9,0.763,49.8,0.261,87.6,19.2,0.0,0.0,0.0,3.0,2.0,1.0,0,2.0,0.0,2.0,0.259,0.08,0,26.6,0.017,0
PID103949,CRPF,Constable/GD,8.0,True,with_family,nuclear,0.0,counter_insurgency_jk_ne,9.4,28,16.1,0.575,59.9,0.135,80.6,25.2,0.0,0.0,0.0,2.0,2.0,0.0,0,4.0,6.0,-2.0,0.203,-0.012,0,22.2,-0.248,0
PID103950,CRPF,Constable/GD,5.4,True,with_family,nuclear,0.0,counter_naxal_lwe,47.5,29,15.4,0.531,58.9,0.328,65.9,32.3,2.0,1.0,1.0,3.0,2.0,1.0,3,0.0,0.0,0.0,0.433,0.09,0,44.7,0.481,0
PID103951,CRPF,Inspector+,10.6,True,with_family,nuclear,0.0,counter_naxal_lwe,23.7,31,15.2,0.49,62.2,0.316,60.0,40.9,8.0,6.0,2.0,4.0,3.0,1.0,0,8.0,8.0,0.0,0.978,0.24,4,42.2,1.137,1
PID103952,CRPF,ASI/SI,22.4,False,not_applicable_unmarried,n/a,0.0,law_order_vip_duty,6.6,32,24.4,0.762,49.6,0.227,77.0,19.2,1.0,0.0,1.0,3.0,1.0,2.0,1,0.0,2.0,-2.0,0.184,-0.062,0,26.4,-0.043,0
PID103953,CRPF,Head Constable,3.5,False,not_applicable_unmarried,n/a,0.0,counter_naxal_lwe,7.3,30,18.6,0.62,57.6,0.312,80.0,28.2,1.0,2.0,-1.0,1.0,2.0,-1.0,1,2.0,2.0,0.0,0.414,0.043,0,28.1,-0.504,0
PID103954,CRPF,Constable/GD,13.1,False,not_applicable_unmarried,n/a,0.0,counter_naxal_lwe,1.0,29,11.9,0.41,57.4,0.383,64.3,43.0,4.0,4.0,0.0,3.0,1.0,2.0,1,4.0,1.0,3.0,0.794,0.254,2,40.2,1.182,0
PID103955,CRPF,Head Constable,13.8,True,with_family,nuclear,0.0,counter_naxal_lwe,1.2,32,19.5,0.609,61.3,0.394,67.1,36.9,5.0,2.0,3.0,3.0,2.0,1.0,0,0.0,0.0,0.0,0.174,-0.007,0,46.2,0.402,0
PID103956,CRPF,Inspector+,24.5,False,not_applicable_unmarried,n/a,0.0,peace_training_static,42.4,30,29.8,0.993,46.4,0.037,94.4,7.8,0.0,1.0,-1.0,2.0,2.0,0.0,0,1.0,3.0,-2.0,0.457,-0.051,0,27.6,-1.023,0
PID103957,CRPF,ASI/SI,6.5,False,not_applicable_unmarried,n/a,0.0,counter_naxal_lwe,2.5,31,18.8,0.606,61.2,0.363,59.7,42.5,2.0,2.0,0.0,3.0,2.0,1.0,1,2.0,2.0,0.0,0.598,0.105,1,41.0,0.282,0
PID103958,CRPF,Constable/GD,3.4,True,with_family,nuclear,0.0,counter_naxal_lwe,15.0,31,16.7,0.539,58.7,0.273,67.0,27.1,3.0,2.0,1.0,4.0,3.0,1.0,1,13.0,13.0,0.0,0.238,-0.059,0,48.3,0.022,0
PID103959,CRPF,Constable/GD,8.5,True,separated_hardship_posting,nuclear,0.2,law_order_vip_duty,1.5,29,23.3,0.803,51.4,0.249,84.6,17.4,1.0,2.0,-1.0,1.0,2.0,-1.0,0,1.0,0.0,1.0,0.344,-0.097,0,53.8,-1.148,0
PID103960,CRPF,Constable/GD,17.6,True,separated_hardship_posting,nuclear,0.293,counter_naxal_lwe,2.2,28,19.3,0.689,60.7,0.322,64.5,39.5,0.0,1.0,-1.0,3.0,3.0,0.0,3,2.0,0.0,2.0,0.445,0.009,0,44.4,-0.476,0
PID103961,CRPF,Constable/GD,11.3,False,not_applicable_unmarried,n/a,0.0,law_order_vip_duty,2.5,31,23.1,0.745,47.8,0.172,81.8,17.3,0.0,0.0,0.0,2.0,3.0,-1.0,1,4.0,3.0,1.0,0.0,-0.07,0,42.4,-0.842,0
PID103962,CRPF,Head Constable,14.7,False,not_applicable_unmarried,n/a,0.0,counter_naxal_lwe,2.2,32,17.7,0.553,62.3,0.247,60.7,36.1,0.0,0.0,0.0,3.0,2.0,1.0,0,4.0,9.0,-5.0,0.153,0.035,0,36.4,0.134,0
PID103963,CRPF,Constable/GD,5.6,False,not_applicable_unmarried,n/a,0.0,peace_training_static,2.4,32,32.0,1.0,53.2,0.114,82.8,21.1,0.0,0.0,0.0,1.0,1.0,0.0,0,1.0,2.0,-1.0,0.475,0.0,0,33.9,-0.724,0
PID103964,CRPF,Constable/GD,9.6,True,with_family,joint,0.0,counter_naxal_lwe,5.9,32,18.5,0.578,61.4,0.281,62.1,41.1,0.0,0.0,0.0,3.0,2.0,1.0,0,0.0,1.0,-1.0,0.341,0.203,0,42.7,0.612,0
PID103965,CRPF,Constable/GD,11.5,False,not_applicable_unmarried,n/a,0.0,counter_naxal_lwe,25.6,29,12.9,0.445,56.2,0.261,75.3,33.5,2.0,0.0,2.0,3.0,3.0,0.0,1,6.0,4.0,2.0,0.158,0.138,0,41.4,0.672,0
PID103966,CRPF,Constable/GD,3.9,True,with_family,joint,0.0,counter_naxal_lwe,3.9,32,20.2,0.631,67.9,0.361,70.1,50.2,2.0,1.0,1.0,3.0,1.0,2.0,2,0.0,0.0,0.0,0.861,0.133,0,46.2,0.703,0
PID103967,CRPF,Constable/GD,11.5,True,with_family,nuclear,0.0,peace_training_static,4.2,28,26.4,0.943,51.0,0.178,83.9,26.7,0.0,0.0,0.0,3.0,2.0,1.0,0,0.0,0.0,0.0,0.242,-0.108,0,28.5,-0.768,0
PID103968,CRPF,Constable/GD,9.0,True,with_family,joint,0.0,peace_training_static,2.5,29,24.1,0.831,51.7,0.144,92.2,18.8,2.0,4.0,-2.0,2.0,2.0,0.0,1,6.0,2.0,4.0,0.0,-0.074,0,49.6,-1.052,0
PID103969,CRPF,Constable/GD,35.0,False,not_applicable_unmarried,n/a,0.0,counter_naxal_lwe,11.1,31,13.7,0.442,61.8,0.264,61.2,33.0,1.0,1.0,0.0,3.0,2.0,1.0,1,1.0,0.0,1.0,0.275,0.06,0,17.2,0.345,0
PID103970,CRPF,Inspector+,11.0,False,not_applicable_unmarried,n/a,0.0,counter_naxal_lwe,13.2,29,16.7,0.576,58.9,0.342,69.6,35.7,2.0,2.0,0.0,4.0,3.0,1.0,0,6.0,2.0,4.0,0.605,0.117,1,50.2,0.354,0
PID103971,CRPF,Constable/GD,25.2,True,with_family,nuclear,0.0,counter_naxal_lwe,22.5,28,15.2,0.543,58.4,0.391,71.7,31.3,0.0,0.0,0.0,3.0,2.0,1.0,1,1.0,0.0,1.0,0.658,0.194,0,36.8,0.625,1
PID103972,CRPF,Constable/GD,14.6,True,separated_hardship_posting,nuclear,2.827,counter_naxal_lwe,21.2,28,11.7,0.418,66.6,0.342,65.3,50.4,3.0,2.0,1.0,4.0,2.0,2.0,0,2.0,1.0,1.0,0.751,0.217,3,23.0,1.216,1
PID103973,CRPF,Constable/GD,10.2,True,with_family,nuclear,0.0,counter_naxal_lwe,25.3,32,17.3,0.541,68.4,0.37,61.6,56.6,0.0,0.0,0.0,4.0,1.0,3.0,1,0.0,1.0,-1.0,0.379,0.311,1,23.1,1.408,0
PID103974,CRPF,Constable/GD,23.2,True,with_family,nuclear,0.0,peace_training_static,1.0,30,26.5,0.883,42.3,0.094,93.8,6.7,0.0,0.0,0.0,1.0,2.0,-1.0,3,0.0,1.0,-1.0,0.42,-0.071,0,48.2,-1.01,0
PID103975,CRPF,Constable/GD,5.0,False,not_applicable_unmarried,n/a,0.0,counter_naxal_lwe,19.4,28,15.2,0.543,51.9,0.327,79.2,33.0,2.0,3.0,-1.0,2.0,2.0,0.0,0,5.0,2.0,3.0,0.29,0.074,0,41.9,-0.102,0
PID103976,CRPF,Constable/GD,8.4,True,with_family,joint,0.0,peace_training_static,1.0,31,29.4,0.948,45.9,0.08,84.2,17.9,3.0,2.0,1.0,2.0,1.0,1.0,1,0.0,1.0,-1.0,0.0,-0.046,0,43.1,-0.431,0
PID103977,CRPF,Constable/GD,18.2,True,separated_hardship_posting,nuclear,0.173,counter_naxal_lwe,1.3,29,10.7,0.369,58.4,0.387,73.9,38.5,6.0,4.0,2.0,4.0,1.0,3.0,0,3.0,4.0,-1.0,0.349,0.102,0,37.1,1.296,0
PID103978,CRPF,Constable/GD,2.1,True,with_family,joint,0.0,peace_training_static,10.7,29,22.8,0.786,43.2,0.161,84.3,14.7,3.0,2.0,1.0,2.0,3.0,-1.0,0,0.0,0.0,0.0,0.225,0.096,0,33.9,-0.235,0
PID103979,CRPF,Head Constable,10.8,False,not_applicable_unmarried,n/a,0.0,counter_insurgency_jk_ne,2.4,32,17.7,0.553,57.0,0.267,78.1,35.6,1.0,0.0,1.0,3.0,3.0,0.0,1,1.0,4.0,-3.0,0.233,0.028,0,41.8,0.055,0
PID103980,CRPF,Constable/GD,10.7,False,not_applicable_unmarried,n/a,0.0,counter_naxal_lwe,3.7,30,20.5,0.683,63.6,0.395,64.5,37.9,0.0,0.0,0.0,4.0,3.0,1.0,1,2.0,0.0,2.0,0.183,-0.033,0,39.5,-0.227,0
PID103981,CRPF,Constable/GD,12.8,True,with_family,nuclear,0.0,law_order_vip_duty,18.0,28,28.0,1.0,48.9,0.134,91.1,16.6,0.0,0.0,0.0,2.0,2.0,0.0,0,4.0,3.0,1.0,0.016,-0.081,0,28.6,-0.969,0
PID103982,CRPF,Head Constable,9.6,True,separated_hardship_posting,nuclear,6.173,counter_naxal_lwe,46.3,32,17.6,0.55,62.5,0.34,74.0,42.5,1.0,1.0,0.0,3.0,1.0,2.0,1,0.0,3.0,-3.0,0.356,0.174,0,14.8,0.77,1
PID103983,CRPF,Constable/GD,17.7,False,not_applicable_unmarried,n/a,0.0,peace_training_static,1.0,28,25.3,0.904,45.5,0.039,98.7,0.0,0.0,0.0,0.0,1.0,2.0,-1.0,2,0.0,0.0,0.0,0.194,0.055,0,29.5,-0.657,0
PID103984,CRPF,Constable/GD,6.8,True,separated_hardship_posting,nuclear,0.133,law_order_vip_duty,1.0,31,15.9,0.513,42.8,0.152,82.9,21.3,0.0,1.0,-1.0,2.0,1.0,1.0,1,1.0,1.0,0.0,0.536,0.007,0,42.3,-0.056,0
PID103985,CRPF,Constable/GD,19.1,True,with_family,nuclear,0.0,peace_training_static,1.7,28,27.9,0.996,48.2,0.038,93.0,16.7,0.0,0.0,0.0,1.0,1.0,0.0,2,0.0,5.0,-5.0,0.305,0.003,0,52.4,-0.709,0
PID103986,CRPF,Constable/GD,5.5,True,separated_hardship_posting,nuclear,0.413,peace_training_static,3.1,29,27.4,0.945,44.2,0.081,80.8,17.0,0.0,0.0,0.0,2.0,2.0,0.0,0,1.0,0.0,1.0,0.454,-0.115,0,10.0,-1.006,0
PID103987,CRPF,Constable/GD,13.4,False,not_applicable_unmarried,n/a,0.0,counter_naxal_lwe,24.2,32,18.4,0.575,56.9,0.387,65.4,39.6,4.0,2.0,2.0,3.0,3.0,0.0,0,1.0,1.0,0.0,0.122,0.02,0,32.4,0.159,0
PID103988,CRPF,Inspector+,21.7,False,not_applicable_unmarried,n/a,0.0,counter_insurgency_jk_ne,14.6,28,13.1,0.468,55.1,0.295,69.1,27.3,3.0,0.0,3.0,4.0,3.0,1.0,0,4.0,4.0,0.0,0.252,0.117,0,43.2,0.947,0
PID103989,CRPF,Inspector+,6.4,True,separated_hardship_posting,joint,0.208,law_order_vip_duty,2.5,32,29.9,0.934,52.8,0.185,82.3,16.7,1.0,2.0,-1.0,2.0,2.0,0.0,0,2.0,0.0,2.0,0.24,0.013,0,41.8,-0.759,0
PID103990,CRPF,Inspector+,7.4,True,with_family,nuclear,0.0,counter_naxal_lwe,5.1,29,20.5,0.707,62.2,0.34,57.0,43.2,3.0,1.0,2.0,3.0,1.0,2.0,2,0.0,2.0,-2.0,0.74,0.063,1,40.8,0.554,0
PID103991,CRPF,Constable/GD,19.5,True,separated_hardship_posting,nuclear,6.4,counter_insurgency_jk_ne,48.0,29,18.3,0.631,60.6,0.177,65.5,38.5,0.0,0.0,0.0,4.0,1.0,3.0,0,4.0,2.0,2.0,0.792,0.108,1,32.1,0.688,1
PID103992,CRPF,Constable/GD,12.3,True,separated_hardship_posting,nuclear,2.747,counter_naxal_lwe,20.6,32,20.6,0.644,63.7,0.384,61.6,48.1,1.0,2.0,-1.0,4.0,2.0,2.0,0,2.0,1.0,1.0,0.133,0.069,0,28.3,0.186,0
PID103993,CRPF,Constable/GD,3.4,True,separated_hardship_posting,joint,0.275,law_order_vip_duty,3.3,31,23.4,0.755,47.3,0.085,95.6,19.7,6.0,3.0,3.0,3.0,3.0,0.0,0,0.0,1.0,-1.0,0.163,0.125,0,46.7,0.412,0
PID103994,CRPF,Constable/GD,12.6,True,separated_hardship_posting,nuclear,0.613,counter_naxal_lwe,4.6,29,18.4,0.634,50.2,0.308,76.5,24.0,2.0,1.0,1.0,4.0,1.0,3.0,1,1.0,1.0,0.0,0.035,-0.115,0,43.4,0.167,0
PID103995,CRPF,Constable/GD,16.1,True,with_family,nuclear,0.0,counter_naxal_lwe,1.0,31,13.1,0.423,62.5,0.345,75.4,37.7,1.0,0.0,1.0,3.0,2.0,1.0,0,4.0,3.0,1.0,0.28,0.191,0,38.8,0.916,0
PID103996,CRPF,Constable/GD,20.0,True,with_family,joint,0.0,peace_training_static,15.5,30,20.2,0.673,48.5,0.147,82.7,17.5,1.0,2.0,-1.0,3.0,2.0,1.0,0,3.0,3.0,0.0,0.444,0.049,0,70.0,-0.121,0
PID103997,CRPF,Constable/GD,13.2,True,with_family,joint,0.0,peace_training_static,3.7,28,21.4,0.764,45.2,0.134,93.0,5.3,1.0,1.0,0.0,2.0,2.0,0.0,0,1.0,2.0,-1.0,0.272,0.027,0,58.2,-0.357,0
PID103998,CRPF,Constable/GD,14.9,True,with_family,joint,0.0,counter_naxal_lwe,17.5,29,13.5,0.466,64.6,0.347,61.1,52.8,0.0,0.0,0.0,4.0,2.0,2.0,2,1.0,2.0,-1.0,0.396,0.0,0,47.4,0.349,0
PID103999,CRPF,Constable/GD,26.6,False,not_applicable_unmarried,n/a,0.0,counter_naxal_lwe,2.7,29,14.0,0.483,58.0,0.437,60.7,40.1,3.0,2.0,1.0,2.0,1.0,1.0,0,2.0,1.0,1.0,0.448,0.153,0,53.8,0.728,0
